label_digits,label,title,ミルク,薄力粉,豆乳,はちみつ,オイル,サラダ油,バニラ,卵黄,糖,グラニュー,卵白,小麦粉,ベーキングパウダー,ヨーグルト,用,塩,汁,粉,調整,バナナ,米,たま,豆腐,バター,メープルシロップ,強力粉,おから,水,ジャム,マヨネーズ,好み,油,レモン,び,オートミール,パウダー,蜂蜜,重曹,玉子,生クリーム,ほうれん草,パンケーキ,片栗粉,エッセンス,絹,ホットケーキ,チーズ,マーガリン
0.0,パンケーキ,"

パンケーキ　薄力粉で簡単ふんわり


",0.8082077503204346,0.3999578356742859,0.43224287033081055,0.0,0.0,0.0,0.0,0.0,0.0,0.0,0.0,0.0,0.0,0.0,0.0,0.0,0.0,0.0,0.0,0.0,0.0,0.0,0.0,0.0,0.0,0.0,0.0,0.0,0.0,0.0,0.0,0.0,0.0,0.0,0.0,0.0,0.0,0.0,0.0,0.0,0.0,0.0,0.0,0.0,0.0,0.0,0.0,0.0
0.0,パンケーキ,"

ふるふるふわふわスフレパンケーキ


",0.0,0.23542998731136322,0.25443413853645325,0.40263527631759644,0.4438062906265259,0.30224934220314026,0.4177137315273285,0.40263527631759644,0.30463460087776184,0.0,0.0,0.0,0.0,0.0,0.0,0.0,0.0,0.0,0.0,0.0,0.0,0.0,0.0,0.0,0.0,0.0,0.0,0.0,0.0,0.0,0.0,0.0,0.0,0.0,0.0,0.0,0.0,0.0,0.0,0.0,0.0,0.0,0.0,0.0,0.0,0.0,0.0,0.0
0.0,パンケーキ,"

小麦粉でふかふかパンケーキの作り方！


",0.0,0.2639916241168976,0.0,0.0,0.0,0.0,0.0,0.45148172974586487,0.3415919244289398,0.5681548118591309,0.43377363681793213,0.3143695294857025,0.0,0.0,0.0,0.0,0.0,0.0,0.0,0.0,0.0,0.0,0.0,0.0,0.0,0.0,0.0,0.0,0.0,0.0,0.0,0.0,0.0,0.0,0.0,0.0,0.0,0.0,0.0,0.0,0.0,0.0,0.0,0.0,0.0,0.0,0.0,0.0
0.0,パンケーキ,"

幸せのパンケーキ


",0.0,0.21492810547351837,0.0,0.0,0.0,0.0,0.0,0.36757269501686096,0.0,0.0,0.3531557023525238,0.0,0.1785324364900589,0.319027841091156,0.7485483884811401,0.0,0.0,0.0,0.0,0.0,0.0,0.0,0.0,0.0,0.0,0.0,0.0,0.0,0.0,0.0,0.0,0.0,0.0,0.0,0.0,0.0,0.0,0.0,0.0,0.0,0.0,0.0,0.0,0.0,0.0,0.0,0.0,0.0
0.0,パンケーキ,"

【大豆粉】ソイ・ダッチスフレパンケーキ


",0.0,0.0,0.24195130169391632,0.0,0.0,0.0,0.0,0.3828814923763275,0.0,0.0,0.36786404252052307,0.0,0.18596801161766052,0.0,0.0,0.2725207209587097,0.4866023361682892,0.2372034341096878,0.5075809359550476,0.0,0.0,0.0,0.0,0.0,0.0,0.0,0.0,0.0,0.0,0.0,0.0,0.0,0.0,0.0,0.0,0.0,0.0,0.0,0.0,0.0,0.0,0.0,0.0,0.0,0.0,0.0,0.0,0.0
0.0,パンケーキ,"

簡単ヘルシーおやつバナナパンケーキ。


",0.0,0.0,0.0,0.0,0.7186414003372192,0.0,0.0,0.0,0.0,0.0,0.0,0.4539738893508911,0.0,0.0,0.0,0.0,0.0,0.0,0.0,0.5267468094825745,0.0,0.0,0.0,0.0,0.0,0.0,0.0,0.0,0.0,0.0,0.0,0.0,0.0,0.0,0.0,0.0,0.0,0.0,0.0,0.0,0.0,0.0,0.0,0.0,0.0,0.0,0.0,0.0
0.0,パンケーキ,"

綺麗なれちゃう『米粉のバナナパンケーキ』


",0.0,0.0,0.0,0.0,0.0,0.0,0.0,0.0,0.0,0.0,0.0,0.0,0.0,0.0,0.0,0.0,0.0,0.47426220774650574,0.0,0.6184907555580139,0.6265337467193604,0.0,0.0,0.0,0.0,0.0,0.0,0.0,0.0,0.0,0.0,0.0,0.0,0.0,0.0,0.0,0.0,0.0,0.0,0.0,0.0,0.0,0.0,0.0,0.0,0.0,0.0,0.0
0.0,パンケーキ,"

オートミールバナナパンケーキ


",0.0,0.0,0.0,0.6521812081336975,0.0,0.0,0.0,0.0,0.0,0.0,0.0,0.0,0.0,0.0,0.0,0.0,0.0,0.0,0.0,0.0,0.0,0.7580630779266357,0.0,0.0,0.0,0.0,0.0,0.0,0.0,0.0,0.0,0.0,0.0,0.0,0.0,0.0,0.0,0.0,0.0,0.0,0.0,0.0,0.0,0.0,0.0,0.0,0.0,0.0
0.0,パンケーキ,"

パンケーキ カフェカイラ風


",0.0,0.0,0.0,0.0,0.0,0.0,0.0,0.0,0.0,0.0,0.0,0.0,0.0,0.0,0.0,0.0,0.0,0.0,0.0,0.0,0.0,0.0,0.0,0.0,0.0,0.0,0.0,0.0,0.0,0.0,0.0,0.0,0.0,0.0,0.0,0.0,0.0,0.0,0.0,0.0,0.0,0.0,0.0,0.0,0.0,0.0,0.0,0.0
0.0,パンケーキ,"

低糖質グルテンフリー豆腐スフレパンケーキ


",0.0,0.0,0.0,0.0,0.0,0.0,0.0,0.0,0.5425799489021301,0.0,0.0,0.0,0.0,0.0,0.0,0.5104244947433472,0.0,0.0,0.0,0.0,0.0,0.0,0.6671385169029236,0.0,0.0,0.0,0.0,0.0,0.0,0.0,0.0,0.0,0.0,0.0,0.0,0.0,0.0,0.0,0.0,0.0,0.0,0.0,0.0,0.0,0.0,0.0,0.0,0.0
0.0,パンケーキ,"

キウイのお花パンケーキ


",0.0,0.0,0.0,0.0,0.0,0.0,0.0,0.0,0.0,0.0,0.0,0.5735126733779907,0.40005216002464294,0.7148716449737549,0.0,0.0,0.0,0.0,0.0,0.0,0.0,0.0,0.0,0.0,0.0,0.0,0.0,0.0,0.0,0.0,0.0,0.0,0.0,0.0,0.0,0.0,0.0,0.0,0.0,0.0,0.0,0.0,0.0,0.0,0.0,0.0,0.0,0.0
0.0,パンケーキ,"

卵なし　バナナホットケーキ　パンケーキ風


",0.0,0.0,0.0,0.0,0.0,0.6141468286514282,0.0,0.0,0.0,0.0,0.0,0.0,0.0,0.0,0.0,0.0,0.0,0.0,0.0,0.660982608795166,0.0,0.0,0.0,0.43119099736213684,0.0,0.0,0.0,0.0,0.0,0.0,0.0,0.0,0.0,0.0,0.0,0.0,0.0,0.0,0.0,0.0,0.0,0.0,0.0,0.0,0.0,0.0,0.0,0.0
0.0,パンケーキ,"

男の３０分料理：メレンゲで作るパンケーキ


",0.0,0.0,0.0,0.0,0.0,0.0,0.0,0.0,0.4052731692790985,0.0,0.0,0.0,0.0,0.0,0.0,0.0,0.0,0.0,0.0,0.0,0.0,0.0,0.0,0.28231334686279297,0.5781338214874268,0.649472177028656,0.0,0.0,0.0,0.0,0.0,0.0,0.0,0.0,0.0,0.0,0.0,0.0,0.0,0.0,0.0,0.0,0.0,0.0,0.0,0.0,0.0,0.0
0.0,パンケーキ,"

おからPパンケーキ　一枚糖質1.15g


",0.0,0.0,0.0,0.0,0.0,0.0,0.0,0.0,0.0,0.0,0.0,0.0,0.0,0.0,0.0,0.0,0.0,0.0,0.0,0.0,0.0,0.0,0.0,0.0,0.0,0.0,0.7699297666549683,0.6381286382675171,0.0,0.0,0.0,0.0,0.0,0.0,0.0,0.0,0.0,0.0,0.0,0.0,0.0,0.0,0.0,0.0,0.0,0.0,0.0,0.0
0.0,パンケーキ,"

簡単★バナナパンケーキ


",0.0,0.0,0.0,0.0,0.0,0.0,0.0,0.0,0.0,0.0,0.0,0.0,0.0,0.0,0.0,0.0,0.0,0.0,0.0,1.0,0.0,0.0,0.0,0.0,0.0,0.0,0.0,0.0,0.0,0.0,0.0,0.0,0.0,0.0,0.0,0.0,0.0,0.0,0.0,0.0,0.0,0.0,0.0,0.0,0.0,0.0,0.0,0.0
0.0,パンケーキ,"

簡単薄力粉パンケーキ


",0.0,1.0,0.0,0.0,0.0,0.0,0.0,0.0,0.0,0.0,0.0,0.0,0.0,0.0,0.0,0.0,0.0,0.0,0.0,0.0,0.0,0.0,0.0,0.0,0.0,0.0,0.0,0.0,0.0,0.0,0.0,0.0,0.0,0.0,0.0,0.0,0.0,0.0,0.0,0.0,0.0,0.0,0.0,0.0,0.0,0.0,0.0,0.0
0.0,パンケーキ,"

３合炊き炊飯器でふわふわパンケーキ


",0.0,0.0,0.0,0.0,0.0,0.0,0.0,0.0,0.0,0.0,0.0,0.0,0.0,0.0,0.2965069115161896,0.0,0.0,0.0,0.0,0.0,0.0,0.0,0.0,0.1534755378961563,0.0,0.0,0.0,0.0,0.7900863289833069,0.34698590636253357,0.30210304260253906,0.22940593957901,0.0,0.0,0.0,0.0,0.0,0.0,0.0,0.0,0.0,0.0,0.0,0.0,0.0,0.0,0.0,0.0
0.0,パンケーキ,"

簡単・小麦粉と米粉のもちもちパンケーキ


",0.0,0.0,0.0,0.0,0.0,0.0,0.0,0.0,0.0,0.0,0.0,0.4610392451286316,0.3215966522693634,0.0,0.0,0.4712732434272766,0.0,0.4101986587047577,0.0,0.0,0.5419012904167175,0.0,0.0,0.0,0.0,0.0,0.0,0.0,0.0,0.0,0.0,0.0,0.0,0.0,0.0,0.0,0.0,0.0,0.0,0.0,0.0,0.0,0.0,0.0,0.0,0.0,0.0,0.0
0.0,パンケーキ,"

ふわふわスフレパンケーキ


",0.0,0.1932121068239212,0.0,0.0,0.0,0.24804924428462982,0.0,0.33043372631073,0.250006765127182,0.4158252477645874,0.3174734115600586,0.0,0.16049379110336304,0.0,0.0,0.0,0.41994673013687134,0.0,0.0,0.0,0.0,0.0,0.0,0.0,0.0,0.0,0.0,0.28412434458732605,0.0,0.0,0.0,0.0,0.4158252477645874,0.0,0.0,0.0,0.0,0.0,0.0,0.0,0.0,0.0,0.0,0.0,0.0,0.0,0.0,0.0
0.0,パンケーキ,"

mix粉なしで簡単！もちもちパンケーキ


",0.0,0.3025638163089752,0.0,0.0,0.0,0.0,0.0,0.0,0.39150241017341614,0.0,0.0,0.0,0.2513280212879181,0.44910964369773865,0.0,0.0,0.0,0.0,0.0,0.0,0.0,0.0,0.0,0.27272066473960876,0.0,0.0,0.0,0.0,0.0,0.0,0.0,0.0,0.0,0.6449334621429443,0.0,0.0,0.0,0.0,0.0,0.0,0.0,0.0,0.0,0.0,0.0,0.0,0.0,0.0
0.0,パンケーキ,"

ヴィーガンオートミールのパンケーキ


",0.0,0.0,0.2955056130886078,0.0,0.2577233612537384,0.0,0.0,0.0,0.0,0.0,0.0,0.0,0.11356539279222488,0.20293524861335754,0.0,0.16642068326473236,0.0,0.0,0.0,0.1889050006866455,0.0,0.0,0.0,0.0,0.0,0.0,0.0,0.0,0.0,0.0,0.7277132868766785,0.18419955670833588,0.0,0.0,0.3251175582408905,0.24412456154823303,0.0,0.0,0.0,0.0,0.0,0.0,0.0,0.0,0.0,0.0,0.0,0.0
0.0,パンケーキ,"

甘酒と米粉のパンケーキ


",0.0,0.0,0.0,0.0,0.0,0.0,0.0,0.0,0.0,0.0,0.0,0.0,0.0,0.0,0.0,0.0,0.0,0.282754510641098,0.0,0.0,0.3735385835170746,0.0,0.0,0.24054919183254242,0.0,0.0,0.0,0.0,0.0,0.0,0.0,0.0,0.0,0.0,0.0,0.0,0.5743536949157715,0.6267158389091492,0.0,0.0,0.0,0.0,0.0,0.0,0.0,0.0,0.0,0.0
0.0,パンケーキ,"

かぼちゃとオートミールのパンケーキ


",0.0,0.0,0.28243958950042725,0.0,0.0,0.0,0.0,0.0,0.0,0.0,0.0,0.0,0.0,0.0,0.0,0.3181245028972626,0.0,0.0,0.0,0.0,0.0,0.0,0.0,0.0,0.0,0.0,0.46369123458862305,0.0,0.0,0.0,0.0,0.0,0.0,0.0,0.6214843988418579,0.4666607677936554,0.0,0.0,0.0,0.0,0.0,0.0,0.0,0.0,0.0,0.0,0.0,0.0
0.0,パンケーキ,"

海外風なパンケーキ


",0.0,0.0,0.0,0.0,0.0,0.0,0.0,0.0,0.0,0.0,0.0,0.0,0.0,0.0,0.0,0.0,0.0,0.0,0.0,0.0,0.0,0.0,0.0,0.0,0.0,0.0,0.0,0.0,0.0,0.0,0.0,0.0,0.0,0.0,0.0,1.0,0.0,0.0,0.0,0.0,0.0,0.0,0.0,0.0,0.0,0.0,0.0,0.0
0.0,パンケーキ,"

ケールパンケーキ


",0.0,0.0,0.0,0.0,0.0,1.0,0.0,0.0,0.0,0.0,0.0,0.0,0.0,0.0,0.0,0.0,0.0,0.0,0.0,0.0,0.0,0.0,0.0,0.0,0.0,0.0,0.0,0.0,0.0,0.0,0.0,0.0,0.0,0.0,0.0,0.0,0.0,0.0,0.0,0.0,0.0,0.0,0.0,0.0,0.0,0.0,0.0,0.0
0.0,パンケーキ,"

レモンポピーシードパンケーキ　１


",0.0,0.20563332736492157,0.0,0.0,0.3876369595527649,0.0,0.0,0.0,0.26607921719551086,0.0,0.0,0.24487465620040894,0.0,0.0,0.0,0.5006206035614014,0.0,0.0,0.0,0.0,0.0,0.0,0.0,0.18535083532333374,0.0,0.0,0.0,0.0,0.0,0.0,0.0,0.0,0.44255784153938293,0.0,0.0,0.0,0.44255784153938293,0.0,0.0,0.0,0.0,0.0,0.0,0.0,0.0,0.0,0.0,0.0
0.0,パンケーキ,"

ライ粉サワードー(スターター)パンケーキ


",0.0,0.0,0.0,0.0,0.0,0.36041978001594543,0.0,0.0,0.0,0.0,0.0,0.33431461453437805,0.23320022225379944,0.0,0.0,0.3417356014251709,0.0,0.29744842648506165,0.0,0.0,0.0,0.0,0.0,0.2530498504638672,0.0,0.0,0.0,0.0,0.0,0.0,0.0,0.0,0.0,0.0,0.0,0.0,0.0,0.6592844128608704,0.0,0.0,0.0,0.0,0.0,0.0,0.0,0.0,0.0,0.0
0.0,パンケーキ,"

離乳食後期　パンケーキや蒸しパンに


",0.0,0.0,0.0,0.0,0.0,0.0,0.0,0.0,0.0,0.0,0.0,0.0,0.0,0.0,0.0,0.0,0.0,0.0,0.0,0.6557049751281738,0.0,0.0,0.7550172209739685,0.0,0.0,0.0,0.0,0.0,0.0,0.0,0.0,0.0,0.0,0.0,0.0,0.0,0.0,0.0,0.0,0.0,0.0,0.0,0.0,0.0,0.0,0.0,0.0,0.0
0.0,パンケーキ,"

ダイエット◎ 大豆粉パンケーキ


",0.0,0.0,0.0,0.0,0.39273014664649963,0.0,0.0,0.0,0.2695752680301666,0.0,0.0,0.0,0.17305593192577362,0.0,0.0,0.0,0.0,0.22073400020599365,0.0,0.0,0.0,0.0,0.0,0.0,0.3845568299293518,0.0,0.0,0.0,0.0,0.0,0.7392809987068176,0.0,0.0,0.0,0.0,0.0,0.0,0.0,0.0,0.0,0.0,0.0,0.0,0.0,0.0,0.0,0.0,0.0
0.0,パンケーキ,"

プロテイン 蒸しパンorパンケーキ


",0.0,0.0,0.0,0.0,0.0,0.0,0.0,0.0,0.0,0.0,0.0,0.0,0.0,0.0,0.0,0.0,0.0,0.0,0.0,0.0,0.0,0.0,0.0,0.0,0.0,0.0,0.704846203327179,0.0,0.0,0.0,0.0,0.0,0.0,0.0,0.0,0.7093601226806641,0.0,0.0,0.0,0.0,0.0,0.0,0.0,0.0,0.0,0.0,0.0,0.0
0.0,パンケーキ,"

バターミルク全粒粉パンケーキ


",0.0,0.0,0.0,0.0,0.0,0.0,0.0,0.0,0.0,0.0,0.0,0.0,0.30099526047706604,0.0,0.0,0.4410836398601532,0.0,0.0,0.0,0.0,0.0,0.0,0.0,0.32661548256874084,0.0,0.0,0.0,0.0,0.0,0.0,0.0,0.0,0.7798521518707275,0.0,0.0,0.0,0.0,0.0,0.0,0.0,0.0,0.0,0.0,0.0,0.0,0.0,0.0,0.0
0.0,パンケーキ,"

ふわふわスフレパンケーキ


",0.0,1.0,0.0,0.0,0.0,0.0,0.0,0.0,0.0,0.0,0.0,0.0,0.0,0.0,0.0,0.0,0.0,0.0,0.0,0.0,0.0,0.0,0.0,0.0,0.0,0.0,0.0,0.0,0.0,0.0,0.0,0.0,0.0,0.0,0.0,0.0,0.0,0.0,0.0,0.0,0.0,0.0,0.0,0.0,0.0,0.0,0.0,0.0
0.0,パンケーキ,"

《簡単》材料３つ！バナナパンケーキ


",0.0,0.0,0.4188444912433624,0.0,0.0,0.0,0.0,0.0,0.0,0.0,0.0,0.46151891350746155,0.0,0.0,0.0,0.0,0.0,0.0,0.0,0.5355013012886047,0.0,0.0,0.0,0.0,0.0,0.0,0.0,0.569919228553772,0.0,0.0,0.0,0.0,0.0,0.0,0.0,0.0,0.0,0.0,0.0,0.0,0.0,0.0,0.0,0.0,0.0,0.0,0.0,0.0
0.0,パンケーキ,"

ヨーグルトパンケーキ


",0.0,0.31448492407798767,0.0,0.0,0.0,0.0,0.0,0.0,0.4069277346134186,0.0,0.0,0.0,0.2612304091453552,0.4668046832084656,0.0,0.0,0.0,0.0,0.0,0.0,0.0,0.0,0.0,0.0,0.0,0.0,0.0,0.0,0.0,0.0,0.0,0.0,0.0,0.6703440546989441,0.0,0.0,0.0,0.0,0.0,0.0,0.0,0.0,0.0,0.0,0.0,0.0,0.0,0.0
0.0,パンケーキ,"

米粉のふっくら野菜パンケーキ


",0.0,0.0,0.0,0.0,0.0,0.27700716257095337,0.0,0.0,0.2791932225227356,0.0,0.0,0.0,0.17923025786876678,0.0,0.0,0.0,0.0,0.4572187662124634,0.4891909062862396,0.0,0.6040181517601013,0.0,0.0,0.0,0.0,0.0,0.0,0.0,0.0,0.0,0.0,0.0,0.0,0.0,0.0,0.0,0.0,0.0,0.0,0.0,0.0,0.0,0.0,0.0,0.0,0.0,0.0,0.0
0.0,パンケーキ,"

ピーマンパンケーキ


",0.0,0.0,0.0,0.0,0.0,0.0,0.0,0.0,0.0,0.0,0.0,0.0,0.0,0.0,0.0,0.0,0.0,0.0,0.0,0.0,0.0,0.0,0.0,1.0,0.0,0.0,0.0,0.0,0.0,0.0,0.0,0.0,0.0,0.0,0.0,0.0,0.0,0.0,0.0,0.0,0.0,0.0,0.0,0.0,0.0,0.0,0.0,0.0
0.0,パンケーキ,"

よもぎパンケーキ　小豆添え


",0.0,0.0,0.0,0.0,0.0,0.0,0.0,0.0,0.0,0.0,0.0,0.0,0.0,0.0,0.5120285749435425,0.0,0.0,0.0,0.0,0.0,0.0,0.0,0.0,0.0,0.0,0.0,0.0,0.0,0.0,0.0,0.0,0.0,0.0,0.0,0.0,0.0,0.0,0.0,0.64558345079422,0.5666115880012512,0.0,0.0,0.0,0.0,0.0,0.0,0.0,0.0
0.0,パンケーキ,"

★ふわとろ豆腐のパンケーキ★


",0.0,0.34208735823631287,0.3697010278701782,0.0,0.0,0.0,0.0,0.0,0.4426439106464386,0.0,0.0,0.0,0.28415870666503906,0.0,0.0,0.41641104221343994,0.0,0.0,0.0,0.0,0.0,0.0,0.5442604422569275,0.0,0.0,0.0,0.0,0.0,0.0,0.0,0.0,0.0,0.0,0.0,0.0,0.0,0.0,0.0,0.0,0.0,0.0,0.0,0.0,0.0,0.0,0.0,0.0,0.0
0.0,パンケーキ,"

ぐりとぐらのふかふかきいろいパンケーキ


",0.0,0.7427895069122314,0.0,0.0,0.0,0.0,0.0,0.0,0.0,0.0,0.0,0.0,0.0,0.0,0.0,0.0,0.0,0.0,0.0,0.0,0.0,0.0,0.0,0.6695250272750854,0.0,0.0,0.0,0.0,0.0,0.0,0.0,0.0,0.0,0.0,0.0,0.0,0.0,0.0,0.0,0.0,0.0,0.0,0.0,0.0,0.0,0.0,0.0,0.0
0.0,パンケーキ,"

牛乳入り！ほうれん草の米粉パンケーキ


",0.0,0.0,0.0,0.0,0.0,0.0,0.0,0.0,0.0,0.0,0.0,0.0,0.2800154387950897,0.0,0.0,0.0,0.0,0.3571615517139435,0.0,0.0,0.47183555364608765,0.0,0.0,0.0,0.0,0.0,0.0,0.0,0.0,0.0,0.0,0.0,0.0,0.0,0.0,0.0,0.0,0.0,0.0,0.0,0.7559088468551636,0.0,0.0,0.0,0.0,0.0,0.0,0.0
0.0,パンケーキ,"

糖質オフ^ ^グルテンフリーパンケーキ


",0.0,0.0,0.0,0.0,0.8065424561500549,0.0,0.0,0.0,0.0,0.0,0.0,0.0,0.0,0.0,0.0,0.0,0.0,0.0,0.0,0.5911761522293091,0.0,0.0,0.0,0.0,0.0,0.0,0.0,0.0,0.0,0.0,0.0,0.0,0.0,0.0,0.0,0.0,0.0,0.0,0.0,0.0,0.0,0.0,0.0,0.0,0.0,0.0,0.0,0.0
0.0,パンケーキ,"

バナナと卵のみ！バナナパンケーキ


",0.0,0.0,0.0,0.0,0.0,0.0,0.0,0.0,0.0,0.0,0.0,0.0,0.0,0.0,0.0,0.0,0.0,0.0,0.0,1.0,0.0,0.0,0.0,0.0,0.0,0.0,0.0,0.0,0.0,0.0,0.0,0.0,0.0,0.0,0.0,0.0,0.0,0.0,0.0,0.0,0.0,0.0,0.0,0.0,0.0,0.0,0.0,0.0
0.0,パンケーキ,"

アボカドパンケーキ


",0.0,0.0,0.26646411418914795,0.42167240381240845,0.464790016412735,0.0,0.0,0.0,0.0,0.0,0.0,0.0,0.0,0.0,0.0,0.0,0.0,0.0,0.0,0.0,0.0,0.0,0.0,0.0,0.0,0.0,0.43746376037597656,0.0,0.0,0.0,0.0,0.0,0.0,0.0,0.5863317847251892,0.0,0.0,0.0,0.0,0.0,0.0,0.0,0.0,0.0,0.0,0.0,0.0,0.0
0.0,パンケーキ,"

はんぺんのふわふわパンケーキ


",0.0,0.0,0.0,0.49649837613105774,0.0,0.0,0.0,0.0,0.0,0.0,0.0,0.0,0.0,0.0,0.0,0.0,0.0,0.30759158730506897,0.0,0.0,0.0,0.0,0.0,0.0,0.0,0.0,0.0,0.4269154965877533,0.0,0.0,0.0,0.0,0.0,0.0,0.0,0.0,0.0,0.0,0.0,0.0,0.0,0.6903766393661499,0.0,0.0,0.0,0.0,0.0,0.0
0.0,パンケーキ,"

小麦粉不使用 おからパンケーキ


",0.0,0.0,0.0,0.0,0.0,0.0,0.0,0.0,0.0,0.0,0.0,0.0,0.0,0.0,0.0,0.0,0.0,0.0,0.0,0.0,0.0,0.0,0.0,0.0,0.0,0.0,0.6323705315589905,0.0,0.0,0.0,0.0,0.0,0.0,0.0,0.0,0.0,0.0,0.0,0.0,0.0,0.0,0.0,0.7746660709381104,0.0,0.0,0.0,0.0,0.0
0.0,パンケーキ,"

スフレパンケーキ【改善版】


",0.0,0.27114981412887573,0.0,0.0,0.0,0.0,0.48108991980552673,0.463723748922348,0.0,0.0,0.4455355107784271,0.0,0.0,0.0,0.0,0.0,0.0,0.0,0.0,0.0,0.0,0.0,0.0,0.0,0.0,0.0,0.0,0.0,0.0,0.0,0.0,0.0,0.0,0.0,0.0,0.0,0.0,0.0,0.0,0.0,0.0,0.0,0.0,0.530555009841919,0.0,0.0,0.0,0.0
0.0,パンケーキ,"

ダイエットに♪簡単野菜パンケーキ


",0.0,0.21567361056804657,0.23308302462100983,0.0,0.0,0.0,0.0,0.0,0.0,0.0,0.0,0.25683093070983887,0.17915169894695282,0.0,0.37557241320610046,0.0,0.0,0.22850917279720306,0.0,0.0,0.0,0.0,0.0,0.0,0.3981025516986847,0.0,0.0,0.0,0.0,0.0,0.0,0.0,0.0,0.0,0.0,0.0,0.46416622400283813,0.0,0.0,0.0,0.48362457752227783,0.0,0.0,0.0,0.0,0.0,0.0,0.0
0.0,パンケーキ,"

ダイナースタイルのパンケーキ


",0.0,0.3628786504268646,0.0,0.0,0.0,0.0,0.0,0.0,0.0,0.0,0.0,0.0,0.0,0.0,0.0,0.44171956181526184,0.0,0.0,0.0,0.0,0.0,0.0,0.0,0.3270863890647888,0.0,0.7524741888046265,0.0,0.0,0.0,0.0,0.0,0.0,0.0,0.0,0.0,0.0,0.0,0.0,0.0,0.0,0.0,0.0,0.0,0.0,0.0,0.0,0.0,0.0
0.0,パンケーキ,"

牛乳、バター不使用のパンケーキ


",0.0,0.2640470862388611,0.0,0.0,0.0,0.0,0.0,0.0,0.0,0.0,0.0,0.0,0.21933366358280182,0.0,0.0,0.3214153051376343,0.5739066004753113,0.0,0.0,0.0,0.0,0.0,0.0,0.0,0.0,0.0,0.0,0.0,0.0,0.0,0.0,0.3557524085044861,0.5682741403579712,0.0,0.0,0.0,0.0,0.0,0.0,0.0,0.0,0.0,0.0,0.0,0.0,0.0,0.0,0.0
0.0,パンケーキ,"

離乳食バナナヨーグルトのパンケーキ


",0.0,0.0,0.0,0.0,0.0,0.0,0.0,0.0,0.0,0.0,0.0,1.0,0.0,0.0,0.0,0.0,0.0,0.0,0.0,0.0,0.0,0.0,0.0,0.0,0.0,0.0,0.0,0.0,0.0,0.0,0.0,0.0,0.0,0.0,0.0,0.0,0.0,0.0,0.0,0.0,0.0,0.0,0.0,0.0,0.0,0.0,0.0,0.0
0.0,パンケーキ,"

mもっちりおからパンケーキ


",0.0,0.0,0.5202059149742126,0.0,0.0,0.0,0.0,0.0,0.0,0.0,0.0,0.0,0.0,0.0,0.0,0.0,0.0,0.0,0.0,0.0,0.0,0.0,0.0,0.0,0.0,0.0,0.8540408611297607,0.0,0.0,0.0,0.0,0.0,0.0,0.0,0.0,0.0,0.0,0.0,0.0,0.0,0.0,0.0,0.0,0.0,0.0,0.0,0.0,0.0
0.0,パンケーキ,"

スパイシーな☆緑豆パンケーキ


",0.0,0.0,0.0,0.0,0.0,0.243922621011734,0.0,0.0,0.0,0.0,0.0,0.22625534236431122,0.0,0.0,0.0,0.4625553488731384,0.0,0.0,0.0,0.0,0.0,0.0,0.0,0.0,0.0,0.0,0.0,0.558795154094696,0.0,0.0,0.0,0.0,0.0,0.4049919843673706,0.0,0.0,0.0,0.446186363697052,0.0,0.0,0.0,0.0,0.0,0.0,0.0,0.0,0.0,0.0
0.0,パンケーキ,"

プロテイン米粉パンケーキ


",0.0,0.0,0.0,0.0,0.0,0.0,0.0,0.0,0.0,0.0,0.0,0.0,0.0,0.40856653451919556,0.0,0.0,0.0,0.2916312515735626,0.0,0.0,0.38526540994644165,0.0,0.4379223883152008,0.0,0.0,0.0,0.0,0.0,0.0,0.0,0.0,0.0,0.0,0.0,0.0,0.0,0.0,0.0,0.0,0.0,0.0,0.0,0.0,0.0,0.6386072039604187,0.0,0.0,0.0
0.0,パンケーキ,"

お洒落にCafe風バナナパンケーキ


",0.0,0.3166206479072571,0.0,0.0,0.0,0.0,0.0,0.0,0.4096912741661072,0.0,0.0,0.0,0.0,0.4699748754501343,0.0,0.0,0.0,0.0,0.0,0.43748244643211365,0.0,0.0,0.0,0.0,0.0,0.0,0.0,0.0,0.0,0.0,0.0,0.0,0.0,0.0,0.0,0.5653645992279053,0.0,0.0,0.0,0.0,0.0,0.0,0.0,0.0,0.0,0.0,0.0,0.0
0.0,パンケーキ,"

ココアパンケーキ　子供用甘さかなり控えめ


",0.0,0.0,0.24789853394031525,0.0,0.0,0.0,0.0,0.0,0.5936189889907837,0.0,0.0,0.0,0.19053915143013,0.0,0.0,0.0,0.0,0.48606792092323303,0.0,0.0,0.3210649788379669,0.0,0.0,0.2067575454711914,0.0,0.0,0.0,0.0,0.0,0.0,0.0,0.0,0.0,0.0,0.0,0.40959033370018005,0.0,0.0,0.0,0.0,0.0,0.0,0.0,0.0,0.0,0.0,0.0,0.0
0.0,パンケーキ,"

パンケーキのフレンチトースト


",0.0,0.0,0.0,0.0,0.0,0.0,0.0,0.0,0.0,0.0,0.0,0.0,0.0,0.0,0.0,0.0,0.0,0.0,0.0,0.0,0.0,0.0,0.0,0.0,0.48566606640815735,0.0,0.0,0.0,0.0,0.0,0.0,0.0,0.0,0.0,0.0,0.0,0.0,0.0,0.0,0.0,0.0,0.6256884336471558,0.0,0.0,0.0,0.6104444861412048,0.0,0.0
0.0,パンケーキ,"

オートミールdeパンケーキ


",0.0,0.0,0.33923831582069397,0.0,0.0,0.0,0.0,0.0,0.0,0.0,0.0,0.0,0.0,0.4659363925457001,0.0,0.0,0.0,0.33258137106895447,0.0,0.0,0.0,0.0,0.0,0.0,0.0,0.0,0.0,0.0,0.0,0.0,0.0,0.0,0.0,0.0,0.7464652061462402,0.0,0.0,0.0,0.0,0.0,0.0,0.0,0.0,0.0,0.0,0.0,0.0,0.0
0.0,パンケーキ,"

家にあるものでふわふわパンケーキ


",0.0,0.15644791722297668,0.0,0.0,0.29491811990737915,0.0,0.27757909893989563,0.2675591707229614,0.0,0.0,0.25706490874290466,0.0,0.0,0.0,0.0,0.0,0.3400397002696991,0.0,0.0,0.0,0.0,0.0,0.0,0.0,0.0,0.0,0.0,0.0,0.0,0.0,0.0,0.0,0.33670246601104736,0.6669567823410034,0.0,0.0,0.0,0.0,0.0,0.0,0.0,0.0,0.0,0.0,0.0,0.0,0.0,0.0
0.0,パンケーキ,"

◇◆スフレパンケーキ◆◇ 


",0.0,0.0,0.0,0.0,0.0,0.0,0.0,0.3498408794403076,0.5293805003166199,0.44024765491485596,0.3361193537712097,0.2435963749885559,0.1699199676513672,0.0,0.0,0.0,0.0,0.21673405170440674,0.0,0.0,0.0,0.0,0.0,0.0,0.0,0.0,0.0,0.0,0.0,0.0,0.0,0.0,0.0,0.0,0.0,0.0,0.0,0.0,0.0,0.39419254660606384,0.0,0.0,0.0,0.0,0.0,0.0,0.0,0.0
0.0,パンケーキ,"

モチッとチーズパンケーキ


",0.0,0.0,0.0,0.0,0.0,0.0,0.0,0.0,0.0,0.0,0.0,0.0,0.0,0.0,0.0,0.0,0.0,0.0,0.0,0.0,0.0,0.0,0.0,0.0,0.0,0.0,0.0,0.0,0.0,0.0,0.0,0.0,0.0,0.0,0.0,0.0,0.0,0.0,0.0,0.0,0.0,0.0,0.0,0.0,0.0,0.0,0.0,0.0
0.0,パンケーキ,"

りんご酵母液、ライ麦粉のパンケーキ


",0.0,0.0,0.0,0.0,0.0,0.0,0.0,0.0,0.0,0.0,0.0,0.4928700625896454,0.0,0.0,0.0,0.5038105845451355,0.0,0.43851932883262634,0.0,0.0,0.0,0.0,0.0,0.0,0.0,0.0,0.0,0.0,0.0,0.0,0.0,0.5576331615447998,0.0,0.0,0.0,0.0,0.0,0.0,0.0,0.0,0.0,0.0,0.0,0.0,0.0,0.0,0.0,0.0
0.0,パンケーキ,"

米粉パンケーキ（おから豆腐豆乳入り）


",0.0,0.0,0.236812025308609,0.0,0.0,0.0,0.0,0.0,0.0,0.0,0.0,0.0,0.0,0.0,0.0,0.0,0.0,0.23216500878334045,0.0,0.0,0.3067063093185425,0.0,0.348626047372818,0.0,0.0,0.0,0.3887828290462494,0.0,0.0,0.0,0.0,0.0,0.0,0.0,0.0,0.0,0.0,0.5145859122276306,0.0,0.0,0.0,0.0,0.0,0.0,0.508389413356781,0.0,0.0,0.0
0.0,パンケーキ,"

ダッチ風パンケーキ


",0.0,0.0,0.0,0.0,0.0,0.0,0.0,0.0,0.0,0.0,0.0,0.2847631871700287,0.1986357718706131,0.0,0.8328373432159424,0.0,0.0,0.0,0.0,0.0,0.0,0.0,0.0,0.43108662962913513,0.0,0.0,0.0,0.0,0.0,0.0,0.0,0.0,0.0,0.0,0.0,0.0,0.0,0.0,0.0,0.0,0.0,0.0,0.0,0.0,0.0,0.0,0.0,0.0
0.0,パンケーキ,"

【洗い物ゼロ】ひとくちバナナパンケーキ


",0.0,0.0,0.0,0.0,0.0,0.0,0.0,0.0,0.0,0.0,0.0,0.0,0.0,0.0,0.0,0.0,0.0,0.43981292843818665,0.0,0.5735651254653931,0.5810238122940063,0.0,0.0,0.374164342880249,0.0,0.0,0.0,0.0,0.0,0.0,0.0,0.0,0.0,0.0,0.0,0.0,0.0,0.0,0.0,0.0,0.0,0.0,0.0,0.0,0.0,0.0,0.0,0.0
0.0,パンケーキ,"

粉チーズ大量消費！野菜パンケーキ


",0.0,0.0,0.36109763383865356,0.0,0.0,0.0,0.0,0.0,0.0,0.0,0.0,0.0,0.2775459587574005,0.0,0.0,0.0,0.0,0.0,0.0,0.0,0.4676744043827057,0.0,0.0,0.0,0.0,0.0,0.0,0.0,0.0,0.0,0.0,0.0,0.0,0.0,0.0,0.0,0.0,0.0,0.0,0.0,0.0,0.0,0.0,0.0,0.0,0.0,0.7575337290763855,0.0
0.0,パンケーキ,"

おうちカフェ オシャレなパンケーキ


",0.0,0.0,0.0,0.0,0.0,0.0,0.0,0.0,0.0,0.0,0.0,0.0,0.0,0.0,0.0,0.0,0.0,0.0,0.0,0.0,0.0,0.0,0.0,0.0,0.0,0.0,0.0,0.0,0.0,0.0,0.6773446202278137,0.0,0.0,0.0,0.0,0.0,0.0,0.0,0.0,0.7356658577919006,0.0,0.0,0.0,0.0,0.0,0.0,0.0,0.0
0.0,パンケーキ,"

茹でジャガイモのパンケーキ風


",0.0,0.22063472867012024,0.0,0.0,0.0,0.2832549214363098,0.0,0.0,0.0,0.0,0.0,0.0,0.0,0.0,0.0,0.26857098937034607,0.0,0.0,0.0,0.0,0.0,0.0,0.0,0.39774516224861145,0.0,0.0,0.0,0.0,0.5118942856788635,0.0,0.39146310091018677,0.0,0.0,0.0,0.0,0.0,0.47484341263771057,0.0,0.0,0.0,0.0,0.0,0.0,0.0,0.0,0.0,0.0,0.0
0.0,パンケーキ,"

オートミールとおから＊塩ミルクパンケーキ


",0.0,0.0,0.0,0.0,0.0,0.0,0.0,0.0,0.0,0.0,0.39082854986190796,0.0,0.1975773572921753,0.0,0.0,0.28953325748443604,0.0,0.0,0.0,0.0,0.0,0.0,0.0,0.21439482271671295,0.0,0.0,0.42201727628707886,0.0,0.0,0.0,0.0,0.0,0.0,0.0,0.5656288862228394,0.424719899892807,0.0,0.0,0.0,0.0,0.0,0.0,0.0,0.0,0.0,0.0,0.0,0.0
0.0,パンケーキ,"

フルーツパンケーキリコッタチーズクリーム


",0.0,0.0,0.0,0.0,0.0,0.5544410347938538,0.0,0.0,0.0,0.0,0.0,0.0,0.0,0.0,0.0,0.0,0.0,0.0,0.0,0.0,0.0,0.0,0.0,0.0,0.0,0.0,0.0,0.0,0.0,0.0,0.0,0.0,0.0,0.0,0.0,0.0,0.0,0.0,0.0,0.8322229981422424,0.0,0.0,0.0,0.0,0.0,0.0,0.0,0.0
0.0,パンケーキ,"

パンケーキ　バナナ入り


",0.0,0.0,0.0,0.0,0.0,0.0,0.0,0.0,0.0,0.0,0.0,0.0,0.0,0.0,0.0,0.0,0.0,0.0,0.0,0.0,0.0,0.38563501834869385,0.0,0.0,0.0,0.0,0.0,0.0,0.0,0.0,0.0,0.0,0.0,0.0,0.0,0.0,0.0,0.0,0.0,0.0,0.0,0.9226514101028442,0.0,0.0,0.0,0.0,0.0,0.0
0.0,パンケーキ,"

パンケーキ　バナナ入り


",0.0,0.0,0.0,0.0,0.0,0.0,0.0,0.0,0.0,0.0,0.0,0.0,0.0,0.0,0.0,0.0,0.0,0.0,0.0,0.0,0.0,0.38563501834869385,0.0,0.0,0.0,0.0,0.0,0.0,0.0,0.0,0.0,0.0,0.0,0.0,0.0,0.0,0.0,0.0,0.0,0.0,0.0,0.9226514101028442,0.0,0.0,0.0,0.0,0.0,0.0
0.0,パンケーキ,"

ふわふわパンケーキ


",0.0,0.0,0.0,0.0,0.0,0.0,0.0,0.0,0.0,0.0,0.7732823491096497,0.0,0.0,0.0,0.0,0.0,0.0,0.0,0.0,0.0,0.0,0.0,0.0,0.0,0.0,0.0,0.0,0.0,0.0,0.0,0.0,0.6340618133544922,0.0,0.0,0.0,0.0,0.0,0.0,0.0,0.0,0.0,0.0,0.0,0.0,0.0,0.0,0.0,0.0
0.0,パンケーキ,"

☆★ビーツのピンクスフレパンケーキ★☆


",0.0,1.0,0.0,0.0,0.0,0.0,0.0,0.0,0.0,0.0,0.0,0.0,0.0,0.0,0.0,0.0,0.0,0.0,0.0,0.0,0.0,0.0,0.0,0.0,0.0,0.0,0.0,0.0,0.0,0.0,0.0,0.0,0.0,0.0,0.0,0.0,0.0,0.0,0.0,0.0,0.0,0.0,0.0,0.0,0.0,0.0,0.0,0.0
0.0,パンケーキ,"

乳製品不使用！とうもろこしのパンケーキ 


",0.0,0.0,0.2232879400253296,0.0,0.0,0.0,0.0,0.0,0.2673431634902954,0.0,0.0,0.0,0.0,0.0,0.0,0.25149932503700256,0.0,0.21890631318092346,0.46842774748802185,0.0,0.2891906499862671,0.0,0.0,0.0,0.0,0.0,0.3665798604488373,0.0,0.0,0.0,0.0,0.0,0.0,0.4404022693634033,0.0,0.3689274787902832,0.0,0.0,0.0,0.0,0.0,0.0,0.0,0.0,0.0,0.0,0.0,0.0
0.0,パンケーキ,"

ダイエット　パンケーキ


",0.0,0.0,0.0,0.0,0.0,0.0,0.0,0.0,0.0,0.0,0.0,0.0,0.0,0.0,0.0,0.0,0.0,0.0,0.0,0.33338284492492676,0.0,0.0,0.0,0.0,0.0,0.0,0.42809370160102844,0.0,0.0,0.0,0.0,0.0,0.0,0.0,0.0,0.4308352470397949,0.5192762017250061,0.0,0.0,0.0,0.0,0.0,0.0,0.0,0.0,0.0,0.0,0.5003247857093811
0.0,パンケーキ,"

卵不使用＊もちふわバナナパンケーキ


",0.0,0.0,0.0,0.0,0.0,0.0,0.0,0.0,0.0,0.0,0.0,0.0,0.0,0.0,0.0,0.0,0.0,0.0,0.0,0.0,0.0,0.0,0.0,1.0,0.0,0.0,0.0,0.0,0.0,0.0,0.0,0.0,0.0,0.0,0.0,0.0,0.0,0.0,0.0,0.0,0.0,0.0,0.0,0.0,0.0,0.0,0.0,0.0
0.0,パンケーキ,"

混ぜるだけ☆炊飯器deパンケーキ（青汁）


",0.0,0.29966965317726135,0.3238593339920044,0.0,0.564903736114502,0.0,0.0,0.0,0.0,0.0,0.0,0.0,0.24892395734786987,0.0,0.0,0.0,0.6513323783874512,0.0,0.0,0.0,0.0,0.0,0.0,0.0,0.0,0.0,0.0,0.0,0.0,0.0,0.0,0.0,0.0,0.0,0.0,0.0,0.0,0.0,0.0,0.0,0.0,0.0,0.0,0.0,0.0,0.0,0.0,0.0
0.0,パンケーキ,"

ふんわり♪オレンジパンケーキ


",0.0,0.0,0.0,0.0,0.0,0.0,0.0,0.0,0.0,0.0,0.0,0.0,0.0,0.0,0.0,0.0,0.0,0.0,0.0,0.0,0.0,0.0,0.0,1.0,0.0,0.0,0.0,0.0,0.0,0.0,0.0,0.0,0.0,0.0,0.0,0.0,0.0,0.0,0.0,0.0,0.0,0.0,0.0,0.0,0.0,0.0,0.0,0.0
0.0,パンケーキ,"

エビとズッキーニのおかずパンケーキ


",0.0,0.0,0.0,0.0,0.4953247606754303,0.0,0.0,0.0,0.3399975895881653,0.0,0.0,0.3129022717475891,0.0,0.39002618193626404,0.0,0.319847971200943,0.0,0.0,0.0,0.0,0.0,0.0,0.0,0.0,0.0,0.0,0.0,0.0,0.0,0.535466194152832,0.0,0.0,0.0,0.0,0.0,0.0,0.0,0.0,0.0,0.0,0.0,0.0,0.0,0.0,0.0,0.0,0.0,0.0
0.0,パンケーキ,"

お蕎麦で作るパンケーキ


",0.0,0.0,0.0,0.0,0.0,0.0,0.0,0.6805706024169922,0.0,0.0,0.6538771390914917,0.0,0.33055752515792847,0.0,0.0,0.0,0.0,0.0,0.0,0.0,0.0,0.0,0.0,0.0,0.0,0.0,0.0,0.0,0.0,0.0,0.0,0.0,0.0,0.0,0.0,0.0,0.0,0.0,0.0,0.0,0.0,0.0,0.0,0.0,0.0,0.0,0.0,0.0
0.0,パンケーキ,"

egggcafe風パンケーキ


",0.0,0.4990187883377075,0.0,0.0,0.0,0.0,0.0,0.0,0.0,0.0,0.0,0.0,0.0,0.7407169938087463,0.0,0.0,0.0,0.0,0.0,0.0,0.0,0.0,0.0,0.44979843497276306,0.0,0.0,0.0,0.0,0.0,0.0,0.0,0.0,0.0,0.0,0.0,0.0,0.0,0.0,0.0,0.0,0.0,0.0,0.0,0.0,0.0,0.0,0.0,0.0
0.0,パンケーキ,"

子どもが大好き米粉のパンケーキ☆


",0.0,0.0,0.0,0.0,0.0,0.0,0.0,0.0,0.0,0.0,0.0,0.0,0.0,0.6456737518310547,0.0,0.0,0.0,0.46087631583213806,0.0,0.0,0.6088500618934631,0.0,0.0,0.0,0.0,0.0,0.0,0.0,0.0,0.0,0.0,0.0,0.0,0.0,0.0,0.0,0.0,0.0,0.0,0.0,0.0,0.0,0.0,0.0,0.0,0.0,0.0,0.0
0.0,パンケーキ,"

卵白大量消費★家にあるものパンケーキ


",0.0,0.0,0.0,0.0,0.0,0.0,0.0,0.0,0.0,0.0,0.541634202003479,0.0,0.0,0.48929235339164734,0.0,0.0,0.0,0.0,0.0,0.0,0.0,0.0,0.0,0.0,0.0,0.0,0.0,0.0,0.0,0.0,0.0,0.0,0.0,0.0,0.0,0.0,0.0,0.0,0.0,0.0,0.0,0.0,0.0,0.0,0.0,0.0,0.0,0.6835388541221619
0.0,パンケーキ,"

重曹で作る！フワフワしっとりパンケーキ


",0.0,0.2995205819606781,0.0,0.0,0.0,0.0,0.0,0.0,0.0,0.0,0.0,0.0,0.0,0.0,0.0,0.0,0.0,0.0,0.0,0.0,0.0,0.0,0.0,0.0,0.0,0.0,0.0,0.0,0.0,0.0,0.0,0.0,0.6446191668510437,0.0,0.0,0.0,0.0,0.7033872008323669,0.0,0.0,0.0,0.0,0.0,0.0,0.0,0.0,0.0,0.0
0.0,パンケーキ,"

米粉スペルト小麦　レーズン　パンケーキ


",0.4475305378437042,0.0,0.0,0.0,0.0,0.0,0.0,0.0,0.0,0.0,0.0,0.0,0.0,0.0,0.0,0.0,0.0,0.46929994225502014,0.0,0.0,0.6199782490730286,0.0,0.0,0.0,0.0,0.0,0.0,0.32567766308784485,0.0,0.0,0.0,0.2983873188495636,0.0,0.0,0.0,0.0,0.0,0.0,0.0,0.0,0.0,0.0,0.0,0.0,0.0,0.0,0.0,0.0
0.0,パンケーキ,"

我が家のバナナパンケーキ(乳幼児食)☆


",0.0,0.5271077752113342,0.0,0.0,0.0,0.0,0.0,0.0,0.0,0.0,0.0,0.0,0.43784797191619873,0.0,0.0,0.0,0.0,0.0,0.0,0.7283176183700562,0.0,0.0,0.0,0.0,0.0,0.0,0.0,0.0,0.0,0.0,0.0,0.0,0.0,0.0,0.0,0.0,0.0,0.0,0.0,0.0,0.0,0.0,0.0,0.0,0.0,0.0,0.0,0.0
0.0,パンケーキ,"

魔術の為のさくらカードパンケーキ


",0.0,0.0,0.0,0.44333481788635254,0.0,0.0,0.0,0.44333481788635254,0.0,0.0,0.0,0.0,0.0,0.0,0.0,0.3155491352081299,0.0,0.0,0.0,0.0,0.0,0.0,0.0,0.4673183262348175,0.0,0.0,0.0,0.0,0.0,0.0,0.0,0.0,0.0,0.0,0.0,0.0,0.0,0.0,0.0,0.0,0.0,0.0,0.0,0.0,0.0,0.0,0.0,0.5375414490699768
0.0,パンケーキ,"

HM&切り餅で！超絶もちもちパンケーキ


",0.8818092942237854,0.0,0.47160619497299194,0.0,0.0,0.0,0.0,0.0,0.0,0.0,0.0,0.0,0.0,0.0,0.0,0.0,0.0,0.0,0.0,0.0,0.0,0.0,0.0,0.0,0.0,0.0,0.0,0.0,0.0,0.0,0.0,0.0,0.0,0.0,0.0,0.0,0.0,0.0,0.0,0.0,0.0,0.0,0.0,0.0,0.0,0.0,0.0,0.0
0.0,パンケーキ,"

コーン入りパンケーキ


",0.0,0.0,0.0,0.0,0.0,0.5219264626502991,0.0,0.0,0.0,0.0,0.0,0.4841233789920807,0.33769890666007996,0.0,0.0,0.49486979842185974,0.0,0.0,0.0,0.0,0.0,0.0,0.0,0.3664432764053345,0.0,0.0,0.0,0.0,0.0,0.0,0.0,0.0,0.0,0.0,0.0,0.0,0.0,0.0,0.0,0.0,0.0,0.0,0.0,0.0,0.0,0.0,0.0,0.0
0.0,パンケーキ,"

フレンチトースト風ふわふわパンケーキ


",0.0,0.0,0.0,0.0,0.0,0.0,0.0,0.3968985974788666,0.0,0.0,0.3813313841819763,0.0,0.0,0.0,0.8082694411277771,0.0,0.0,0.0,0.0,0.0,0.0,0.0,0.0,0.20918500423431396,0.0,0.0,0.0,0.0,0.0,0.0,0.0,0.0,0.0,0.0,0.0,0.0,0.0,0.0,0.0,0.0,0.0,0.0,0.0,0.0,0.0,0.0,0.0,0.0
0.0,パンケーキ,"

HCMでチーズ入りパンケーキ


",0.0,0.0,0.0,0.0,0.0,0.0,0.0,0.0,0.0,0.0,0.0,0.0,0.0,0.0,0.5809442400932312,0.0,0.0,0.0,0.0,0.0,0.0,0.0,0.0,0.3007037341594696,0.0,0.0,0.0,0.0,0.0,0.0,0.0,0.0,0.0,0.0,0.0,0.0,0.0,0.0,0.0,0.0,0.0,0.0,0.0,0.0,0.0,0.0,0.7563604116439819,0.0
0.0,パンケーキ,"

朝食に！おやつに！もっちりパンケーキ


",0.0,0.0,0.3366619348526001,0.0,0.0,0.0,0.0,0.0,0.0,0.0,0.0,0.37096309661865234,0.25876426696777344,0.46239781379699707,0.0,0.3791976273059845,0.0,0.0,0.0,0.0,0.0,0.0,0.4956214725971222,0.280789852142334,0.0,0.0,0.0,0.0,0.0,0.0,0.0,0.0,0.0,0.0,0.0,0.0,0.0,0.0,0.0,0.0,0.0,0.0,0.0,0.0,0.0,0.0,0.0,0.0
0.0,パンケーキ,"

(オーツ入り)プロテインパンケーキ


",0.0,0.0,0.5202059149742126,0.0,0.0,0.0,0.0,0.0,0.0,0.0,0.0,0.0,0.0,0.0,0.0,0.0,0.0,0.0,0.0,0.0,0.0,0.0,0.0,0.0,0.0,0.0,0.8540408611297607,0.0,0.0,0.0,0.0,0.0,0.0,0.0,0.0,0.0,0.0,0.0,0.0,0.0,0.0,0.0,0.0,0.0,0.0,0.0,0.0,0.0
0.0,パンケーキ,"

おから&米粉のヘルシーパンケーキ


",0.0,0.0,0.39734378457069397,0.0,0.0,0.0,0.0,0.0,0.0,0.0,0.0,0.0,0.0,0.0,0.0,0.0,0.0,0.38954663276672363,0.0,0.0,0.5146185159683228,0.0,0.0,0.0,0.0,0.0,0.6523336172103882,0.0,0.0,0.0,0.0,0.0,0.0,0.0,0.0,0.0,0.0,0.0,0.0,0.0,0.0,0.0,0.0,0.0,0.0,0.0,0.0,0.0
0.0,パンケーキ,"

豆乳とHMのパンケーキ


",0.0,0.0,0.4144037067890167,0.0,0.0,0.0,0.0,0.0,0.0,0.0,0.0,0.0,0.0,0.0,0.0,0.0,0.0,0.0,0.0,0.0,0.0,0.0,0.0,0.34562966227531433,0.0,0.0,0.0,0.0,0.0,0.0,0.0,0.0,0.0,0.0,0.0,0.0,0.0,0.0,0.8419083952903748,0.0,0.0,0.0,0.0,0.0,0.0,0.0,0.0,0.0
0.0,パンケーキ,"

パンケーキ（粉から）


",0.0,0.3917842507362366,0.0,0.0,0.0,0.0,0.0,0.0,0.0,0.0,0.0,0.0,0.0,0.0,0.0,0.0,0.0,0.0,0.0,0.0,0.0,0.0,0.0,0.0,0.0,0.0,0.0,0.0,0.0,0.0,0.0,0.0,0.0,0.0,0.0,0.0,0.0,0.9200571179389954,0.0,0.0,0.0,0.0,0.0,0.0,0.0,0.0,0.0,0.0
0.0,パンケーキ,"

オートミールハニーマスタードパンケーキ


",0.0,0.0,0.19255134463310242,0.0,0.0,0.0,0.0,0.0,0.0,0.0,0.0,0.0,0.0,0.0,0.0,0.0,0.0,0.18877287209033966,0.0,0.0,0.24938224256038666,0.0,0.0,0.0,0.0,0.0,0.0,0.0,0.0,0.0,0.0,0.0,0.0,0.0,0.8473858833312988,0.0,0.38345062732696533,0.0,0.0,0.0,0.0,0.0,0.0,0.0,0.0,0.0,0.0,0.0
0.0,パンケーキ,"

フルーツを盛るだけ！SNS映えパンケーキ


",0.0,0.0,0.0,0.0,0.0,0.0,0.0,0.0,0.0,0.0,0.0,0.0,0.0,0.4363504648208618,0.0,0.0,0.0,0.0,0.0,0.0,0.0,0.0,0.0,0.0,0.0,0.0,0.0,0.0,0.0,0.0,0.0,0.0,0.0,0.0,0.0,0.0,0.0,0.0,0.0,0.5664843916893005,0.0,0.6990662813186646,0.0,0.0,0.0,0.0,0.0,0.0
0.0,パンケーキ,"

ちぎりパン風☆お花の米粉パンケーキ


",0.0,0.0,0.0,0.0,0.0,0.0,0.0,0.0,0.0,0.0,0.0,0.0,0.0,0.0,0.0,0.0,0.0,0.0,0.0,0.0,0.0,0.0,0.0,0.0,0.0,0.0,0.0,0.0,0.0,0.0,0.0,0.0,0.0,0.0,0.0,0.0,0.0,0.0,0.0,0.0,0.0,0.0,0.0,0.0,0.0,0.0,0.0,0.0
0.0,パンケーキ,"

もち米粉入りもちもちパンケーキ


",0.0,0.2196328490972519,0.2373618632555008,0.0,0.0,0.0,0.3896855115890503,0.0,0.0,0.0,0.0,0.0,0.0,0.0,0.0,0.0,0.0,0.2327040582895279,0.0,0.0,0.30741843581199646,0.0,0.0,0.19796952605247498,0.0,0.0,0.0,0.0,0.0,0.0,0.3896855115890503,0.0,0.0,0.4681609869003296,0.0,0.0,0.0,0.0,0.0,0.0,0.0,0.0,0.0,0.42975252866744995,0.0,0.0,0.0,0.0
0.0,パンケーキ,"

しっとり米粉のパンケーキ


",0.0,0.0,0.0,0.0,0.0,0.0,0.0,0.0,0.0,0.0,0.0,0.0,0.4277154803276062,0.0,0.0,0.0,0.0,0.545553982257843,0.0,0.0,0.7207151651382446,0.0,0.0,0.0,0.0,0.0,0.0,0.0,0.0,0.0,0.0,0.0,0.0,0.0,0.0,0.0,0.0,0.0,0.0,0.0,0.0,0.0,0.0,0.0,0.0,0.0,0.0,0.0
0.0,パンケーキ,"

もち米粉入りもちもちパンケーキ


",0.0,0.2196328490972519,0.2373618632555008,0.0,0.0,0.0,0.3896855115890503,0.0,0.0,0.0,0.0,0.0,0.0,0.0,0.0,0.0,0.0,0.2327040582895279,0.0,0.0,0.30741843581199646,0.0,0.0,0.19796952605247498,0.0,0.0,0.0,0.0,0.0,0.0,0.3896855115890503,0.0,0.0,0.4681609869003296,0.0,0.0,0.0,0.0,0.0,0.0,0.0,0.0,0.0,0.42975252866744995,0.0,0.0,0.0,0.0
0.0,パンケーキ,"

レンジで！ふわふわパンケーキ


",0.0,0.0,0.3244868218898773,0.0,0.0,0.0,0.0,0.5134917497634888,0.0,0.0,0.4933515191078186,0.0,0.0,0.0,0.0,0.0,0.0,0.0,0.0,0.0,0.0,0.0,0.0,0.0,0.0,0.0,0.0,0.0,0.0,0.0,0.0,0.0,0.0,0.0,0.0,0.0,0.0,0.0,0.0,0.0,0.0,0.0,0.0,0.0,0.0,0.0,0.0,0.6226064562797546
0.0,パンケーキ,"

おからパウダーの低糖質パンケーキ


",0.0,0.0,0.26773515343666077,0.0,0.0,0.0,0.4395504593849182,0.0,0.0,0.0,0.0,0.0,0.20578593015670776,0.0,0.0,0.0,0.0,0.26248133182525635,0.0,0.0,0.0,0.0,0.0,0.0,0.0,0.0,0.4395504593849182,0.0,0.0,0.0,0.0,0.0,0.0,0.0,0.0,0.4423653781414032,0.0,0.0,0.0,0.0,0.0,0.0,0.0,0.48474451899528503,0.0,0.0,0.0,0.0
0.0,パンケーキ,"

ふわもち豆腐とバナナのパンケーキ


",0.0,0.21357350051403046,0.2308133840560913,0.0,0.0,0.2741895616054535,0.0,0.0,0.0,0.0,0.0,0.0,0.17740722000598907,0.0,0.0,0.0,0.0,0.0,0.0,0.295099675655365,0.0,0.0,0.6795901656150818,0.0,0.0,0.0,0.0,0.0,0.0,0.0,0.0,0.0,0.0,0.0,0.0,0.0,0.0,0.0,0.0,0.0,0.0,0.0,0.0,0.0,0.495511531829834,0.0,0.0,0.0
0.0,パンケーキ,"

じゃがいものパンケーキ*Vegan


",0.0,0.0,0.22929516434669495,0.0,0.0,0.0,0.0,0.0,0.0,0.0,0.0,0.0,0.0,0.0,0.0,0.25826555490493774,0.0,0.2247956544160843,0.0,0.0,0.2969708740711212,0.0,0.0,0.0,0.0,0.0,0.3764421343803406,0.0,0.0,0.0,0.0,0.0,0.45662301778793335,0.0,0.0,0.378852903842926,0.0,0.4982520043849945,0.0,0.0,0.0,0.0,0.0,0.0,0.0,0.0,0.0,0.0
0.0,パンケーキ,"

海外版バナナパンケーキ


",0.0,0.0,0.0,0.0,0.0,0.0,0.0,0.0,0.0,0.0,0.0,0.0,0.0,0.0,0.0,0.5729676485061646,0.0,0.49871399998664856,0.0,0.6503786444664001,0.0,0.0,0.0,0.0,0.0,0.0,0.0,0.0,0.0,0.0,0.0,0.0,0.0,0.0,0.0,0.0,0.0,0.0,0.0,0.0,0.0,0.0,0.0,0.0,0.0,0.0,0.0,0.0
0.0,パンケーキ,"

パンケーキ用フライパンでミニ野菜オムレツ


",0.0,0.0,0.0,0.0,0.0,0.0,0.0,0.0,0.0,0.0,0.0,0.0,0.0,0.0,0.0,0.3302558362483978,0.0,0.28745636343955994,0.0,0.0,0.0,0.0,0.0,0.2445492446422577,0.0,0.0,0.0,0.0,0.0,0.0,0.0,0.0,0.0,0.0,0.0,0.0,0.0,0.0,0.0,0.0,0.6083824634552002,0.0,0.0,0.0,0.0,0.0,0.6151149272918701,0.0
0.0,パンケーキ,"

甘ふわ！バナナパンケーキ


",0.4358358383178711,0.21568210422992706,0.23309220373630524,0.36886221170425415,0.0,0.2768966555595398,0.0,0.0,0.0,0.0,0.0,0.0,0.0,0.0,0.0,0.0,0.0,0.0,0.0,0.29801321029663086,0.0,0.0,0.0,0.19440846145153046,0.398118257522583,0.0,0.0,0.0,0.0,0.0,0.0,0.0,0.0,0.4597397446632385,0.0,0.0,0.0,0.0,0.0,0.0,0.0,0.0,0.0,0.0,0.0,0.0,0.0,0.0
0.0,パンケーキ,"

離乳食　おやつ　きな粉パンケーキ


",0.0,0.0,0.0,0.0,0.0,0.0,0.0,0.0,0.0,0.0,0.0,0.5134738683700562,0.0,0.0,0.0,0.0,0.0,0.0,0.0,0.0,0.0,0.0,0.0,0.3886592984199524,0.0,0.0,0.0,0.0,0.0,0.0,0.7650415301322937,0.0,0.0,0.0,0.0,0.0,0.0,0.0,0.0,0.0,0.0,0.0,0.0,0.0,0.0,0.0,0.0,0.0
0.0,パンケーキ,"

ふわふわパンケーキ


",0.0,0.5068062543869019,0.0,0.0,0.0,0.0,0.0,0.0,0.0,0.0,0.0,0.0,0.42098429799079895,0.7522763013839722,0.0,0.0,0.0,0.0,0.0,0.0,0.0,0.0,0.0,0.0,0.0,0.0,0.0,0.0,0.0,0.0,0.0,0.0,0.0,0.0,0.0,0.0,0.0,0.0,0.0,0.0,0.0,0.0,0.0,0.0,0.0,0.0,0.0,0.0
0.0,パンケーキ,"

さっぱりレモン風味！プロテインパンケーキ


",0.0,0.0,0.0,0.0,0.0,0.0,0.3184797465801239,0.0,0.0,0.0,0.0,0.0,0.1491038203239441,0.0,0.0,0.0,0.3901437819004059,0.0,0.0,0.0,0.0,0.0,0.0,0.0,0.0,0.0,0.3184797465801239,0.26396051049232483,0.0,0.0,0.0,0.0,0.38631483912467957,0.0,0.0,0.3205193281173706,0.0,0.4215340316295624,0.0,0.0,0.0,0.0,0.0,0.35122543573379517,0.0,0.0,0.0,0.0
0.0,パンケーキ,"

ほうれん草の米粉パンケーキ


",0.562981128692627,0.0,0.0,0.0,0.0,0.0,0.0,0.0,0.0,0.0,0.0,0.0,0.23142428696155548,0.0,0.0,0.0,0.0,0.2951832115650177,0.0,0.0,0.38995781540870667,0.0,0.0,0.0,0.0,0.0,0.0,0.0,0.0,0.0,0.0,0.0,0.0,0.0,0.0,0.0,0.0,0.0,0.0,0.0,0.6247358322143555,0.0,0.0,0.0,0.0,0.0,0.0,0.0
0.0,パンケーキ,"

甘酒入り！もちふわプロテインパンケーキ


",0.0,0.0,0.0,0.0,0.0,0.0,0.0,0.0,0.0,0.0,0.0,0.0,0.0,0.39516782760620117,0.0,0.0,0.0,0.0,0.0,0.0,0.0,0.0,0.0,0.0,0.49141016602516174,0.0,0.4723491668701172,0.3914896547794342,0.0,0.0,0.0,0.0,0.0,0.0,0.0,0.47537413239479065,0.0,0.0,0.0,0.0,0.0,0.0,0.0,0.0,0.0,0.0,0.0,0.0
0.0,パンケーキ,"

☆★ミランダカーのヘルシーパンケーキ★☆


",0.0,0.0,0.0,0.0,0.0,0.0,0.0,0.0,0.0,0.0,0.5128761529922485,0.0,0.0,0.0,0.0,0.0,0.0,0.0,0.0,0.43128150701522827,0.0,0.0,0.0,0.0,0.0,0.0,0.0,0.0,0.0,0.0,0.0,0.0,0.0,0.0,0.7422629594802856,0.0,0.0,0.0,0.0,0.0,0.0,0.0,0.0,0.0,0.0,0.0,0.0,0.0
0.0,パンケーキ,"

大豆粉パンケーキdeエッグベネディクト


",0.0,0.0,0.2844589054584503,0.0,0.0,0.0,0.0,0.22507432103157043,0.0,0.0,0.21624642610549927,0.0,0.0,0.0,0.0,0.3203989565372467,0.0,0.2788769006729126,0.596756100654602,0.0,0.0,0.0,0.41877007484436035,0.0,0.0,0.0,0.23350322246551514,0.0,0.0,0.0,0.0,0.0,0.0,0.0,0.0,0.23499859869480133,0.0,0.0,0.0,0.0,0.0,0.0,0.0,0.0,0.0,0.0,0.0,0.0
0.0,パンケーキ,"

パンケーキ(ホットケーキ)のピザ


",0.0,0.0,0.0,0.0,0.0,0.0,0.0,0.0,0.0,0.0,0.0,0.0,0.0,0.0,0.7707614302635193,0.0,0.0,0.0,0.0,0.0,0.0,0.0,0.0,0.0,0.0,0.0,0.0,0.0,0.0,0.0,0.3926542401313782,0.0,0.0,0.0,0.0,0.0,0.0,0.0,0.0,0.0,0.0,0.0,0.0,0.0,0.0,0.0,0.501746416091919,0.0
0.0,パンケーキ,"

バナナパンケーキ４


",0.0,0.3995489776134491,0.0,0.0,0.0,0.0,0.0,0.0,0.5169963240623474,0.0,0.0,0.4757955074310303,0.331889808177948,0.0,0.0,0.48635706305503845,0.0,0.0,0.0,0.0,0.0,0.0,0.0,0.0,0.0,0.0,0.0,0.0,0.0,0.0,0.0,0.0,0.0,0.0,0.0,0.0,0.0,0.0,0.0,0.0,0.0,0.0,0.0,0.0,0.0,0.0,0.0,0.0
0.0,パンケーキ,"

HCMでほうれん草とチーズのパンケーキ


",0.0,0.0,0.0,0.0,0.0,0.0,0.0,0.0,0.0,0.0,0.0,0.0,0.0,0.0,0.4423828721046448,0.30923372507095337,0.0,0.0,0.0,0.0,0.0,0.0,0.0,0.22898270189762115,0.0,0.0,0.0,0.0,0.0,0.0,0.0,0.0,0.0,0.0,0.0,0.0,0.0,0.0,0.0,0.0,0.5696564316749573,0.0,0.0,0.0,0.0,0.0,0.5759603977203369,0.0
0.0,パンケーキ,"

プロテインパンケーキ


",0.0,0.0,0.346861332654953,0.0,0.0,0.0,0.0,0.0,0.0,0.0,0.0,0.0,0.0,0.476406455039978,0.0,0.0,0.0,0.0,0.0,0.0,0.0,0.0,0.0,0.0,0.0,0.0,0.5694547295570374,0.0,0.0,0.0,0.0,0.0,0.0,0.0,0.0,0.5731015801429749,0.0,0.0,0.0,0.0,0.0,0.0,0.0,0.0,0.0,0.0,0.0,0.0
0.0,パンケーキ,"

【薄力粉BPで】ふわふわパンケーキ


",0.0,0.3427160680294037,0.0,0.0,0.0,0.0,0.0,0.0,0.0,0.0,0.0,0.0,0.28468093276023865,0.0,0.0,0.41717636585235596,0.0,0.3631124496459961,0.0,0.0,0.0,0.0,0.0,0.3089125156402588,0.632604718208313,0.0,0.0,0.0,0.0,0.0,0.0,0.0,0.0,0.0,0.0,0.0,0.0,0.0,0.0,0.0,0.0,0.0,0.0,0.0,0.0,0.0,0.0,0.0
0.0,パンケーキ,"

ふわふわデコポンヨーグルトパンケーキ


",0.0,0.0,0.0,0.0,0.0,0.0,0.0,0.0,0.0,0.0,0.0,0.0,0.6169881224632263,0.0,0.0,0.0,0.0,0.7869724631309509,0.0,0.0,0.0,0.0,0.0,0.0,0.0,0.0,0.0,0.0,0.0,0.0,0.0,0.0,0.0,0.0,0.0,0.0,0.0,0.0,0.0,0.0,0.0,0.0,0.0,0.0,0.0,0.0,0.0,0.0
0.0,パンケーキ,"

小麦粉でパンケーキ　


",0.0,0.0,0.0,0.0,0.0,0.0,0.0,0.0,0.0,0.0,0.0,0.3518291115760803,0.24541741609573364,0.0,0.0,0.35963889956474304,0.0,0.0,0.0,0.0,0.0,0.0,0.0,0.0,0.0,0.0,0.0,0.0,0.0,0.602081298828125,0.0,0.0,0.0,0.0,0.0,0.0,0.0,0.0,0.0,0.5693369507789612,0.0,0.0,0.0,0.0,0.0,0.0,0.0,0.0
0.0,パンケーキ,"

スフレパンケーキ


",0.0,0.25047385692596436,0.0,0.0,0.0,0.3215629458427429,0.4444054365158081,0.42836350202560425,0.0,0.0,0.41156214475631714,0.0,0.2080589085817337,0.0,0.0,0.0,0.0,0.0,0.0,0.0,0.0,0.0,0.0,0.0,0.0,0.0,0.0,0.0,0.0,0.0,0.0,0.0,0.0,0.0,0.0,0.0,0.0,0.0,0.0,0.0,0.0,0.0,0.0,0.4900986850261688,0.0,0.0,0.0,0.0
0.0,パンケーキ,"

HMで簡単！人参トマトチーズのパンケーキ


",0.0,0.0,0.337399423122406,0.0,0.0,0.0,0.0,0.0,0.0,0.0,0.0,0.0,0.0,0.0,0.0,0.0,0.0,0.0,0.0,0.0,0.0,0.6206086874008179,0.0,0.0,0.0,0.0,0.0,0.0,0.0,0.0,0.0,0.0,0.0,0.0,0.0,0.0,0.0,0.0,0.0,0.0,0.0,0.0,0.0,0.0,0.0,0.0,0.7078181505203247,0.0
0.0,パンケーキ,"

チョコ入り 白いパンケーキ


",0.0,0.229726642370224,0.2482704222202301,0.0,0.0,0.2949272692203522,0.0,0.0,0.297254741191864,0.0,0.0,0.0,0.0,0.0,0.0,0.0,0.0,0.0,0.5208376049995422,0.0,0.32154661417007446,0.0,0.0,0.0,0.0,0.0,0.0,0.0,0.0,0.0,0.0,0.30951225757598877,0.0,0.4896765351295471,0.0,0.0,0.0,0.0,0.0,0.0,0.0,0.0,0.0,0.0,0.0,0.0,0.0,0.0
0.0,パンケーキ,"

糖質オフなパンケーキ


",0.0,0.0,0.2895444929599762,0.0,0.0,0.0,0.0,0.0,0.0,0.0,0.0,0.0,0.0,0.0,0.0,0.0,0.0,0.0,0.0,0.0,0.0,0.0,0.0,0.24149198830127716,0.0,0.0,0.4753556549549103,0.0,0.0,0.0,0.4753556549549103,0.0,0.0,0.0,0.6371182203292847,0.0,0.0,0.0,0.0,0.0,0.0,0.0,0.0,0.0,0.0,0.0,0.0,0.0
0.0,パンケーキ,"

手掴み用パンケーキ


",0.0,0.0,0.0,0.0,0.0,0.0,0.0,0.0,0.0,0.0,0.0,0.3761565089225769,0.26238691806793213,0.0,0.0,0.0,0.0,0.0,0.0,0.0,0.0,0.0,0.5025600790977478,0.0,0.0,0.0,0.0,0.0,0.0,0.0,0.0,0.0,0.0,0.0,0.0,0.0,0.0,0.0,0.0,0.0,0.0,0.0,0.0,0.0,0.732866108417511,0.0,0.0,0.0
0.0,パンケーキ,"

しっとり絶品！アボカドパンケーキ*°


",0.0,0.0,0.43058761954307556,0.0,0.0,0.0,0.0,0.0,0.0,0.0,0.0,0.4744584858417511,0.0,0.0,0.0,0.0,0.0,0.0,0.0,0.0,0.0,0.0,0.0,0.0,0.0,0.0,0.0,0.0,0.0,0.0,0.0,0.0,0.0,0.0,0.0,0.0,0.0,0.0,0.0,0.7677782773971558,0.0,0.0,0.0,0.0,0.0,0.0,0.0,0.0
0.0,パンケーキ,"

家族で！！もっちもちネーブルパンケーキ


",0.0,0.0,0.0,0.0,0.0,0.4820636510848999,0.0,0.0,0.0,0.0,0.0,0.0,0.0,0.0,0.0,0.0,0.0,0.0,0.0,0.0,0.0,0.0,0.0,0.3384557068347931,0.0,0.0,0.0,0.0,0.0,0.0,0.0,0.0,0.8081227540969849,0.0,0.0,0.0,0.0,0.0,0.0,0.0,0.0,0.0,0.0,0.0,0.0,0.0,0.0,0.0
0.0,パンケーキ,"

糖質オフなパンケーキ


",0.0,0.0,0.2895444929599762,0.0,0.0,0.0,0.0,0.0,0.0,0.0,0.0,0.0,0.0,0.0,0.0,0.0,0.0,0.0,0.0,0.0,0.0,0.0,0.0,0.24149198830127716,0.0,0.0,0.4753556549549103,0.0,0.0,0.0,0.4753556549549103,0.0,0.0,0.0,0.6371182203292847,0.0,0.0,0.0,0.0,0.0,0.0,0.0,0.0,0.0,0.0,0.0,0.0,0.0
0.0,パンケーキ,"

しっとり絶品！アボカドパンケーキ*°


",0.0,0.0,0.43058761954307556,0.0,0.0,0.0,0.0,0.0,0.0,0.0,0.0,0.4744584858417511,0.0,0.0,0.0,0.0,0.0,0.0,0.0,0.0,0.0,0.0,0.0,0.0,0.0,0.0,0.0,0.0,0.0,0.0,0.0,0.0,0.0,0.0,0.0,0.0,0.0,0.0,0.0,0.7677782773971558,0.0,0.0,0.0,0.0,0.0,0.0,0.0,0.0
0.0,パンケーキ,"

家族で！！もっちもちネーブルパンケーキ


",0.0,0.0,0.0,0.0,0.0,0.4820636510848999,0.0,0.0,0.0,0.0,0.0,0.0,0.0,0.0,0.0,0.0,0.0,0.0,0.0,0.0,0.0,0.0,0.0,0.3384557068347931,0.0,0.0,0.0,0.0,0.0,0.0,0.0,0.0,0.8081227540969849,0.0,0.0,0.0,0.0,0.0,0.0,0.0,0.0,0.0,0.0,0.0,0.0,0.0,0.0,0.0
0.0,パンケーキ,"

簡単ふわもこ卵焼き風パンケーキ！


",0.0,0.0,0.0,0.0,0.0,0.0,0.5426591038703918,0.0,0.0,0.0,0.0,0.0,0.0,0.0,0.0,0.0,0.0,0.0,0.0,0.0,0.0,0.0,0.0,0.0,0.0,0.0,0.0,0.0,0.0,0.0,0.0,0.0,0.0,0.0,0.0,0.0,0.0,0.0,0.0,0.589383602142334,0.0,0.0,0.0,0.5984547138214111,0.0,0.0,0.0,0.0
0.0,パンケーキ,"

★残り物の辛口パンケーキ★


",0.0,0.0,0.0,0.0,0.0,0.0,0.0,0.0,0.0,0.0,0.0,0.6993027329444885,0.0,0.0,0.0,0.7148256301879883,0.0,0.0,0.0,0.0,0.0,0.0,0.0,0.0,0.0,0.0,0.0,0.0,0.0,0.0,0.0,0.0,0.0,0.0,0.0,0.0,0.0,0.0,0.0,0.0,0.0,0.0,0.0,0.0,0.0,0.0,0.0,0.0
0.0,パンケーキ,"

ふわふわ甘いパンケーキ*･


",0.0,0.0,0.0,0.0,0.0,0.0,0.0,0.0,0.0,0.0,0.0,0.2710094451904297,0.189041867852211,0.0,0.0,0.0,0.0,0.0,0.0,0.0,0.0,0.0,0.0,0.0,0.0,0.0,0.0,0.0,0.0,0.0,0.0,0.0,0.0,0.0,0.0,0.0,0.0,0.0,0.0,0.0,0.0,0.0,0.0,0.0,0.0,0.0,0.0,0.9438310265541077
0.0,パンケーキ,"

小麦粉&BPなしのヘルシーパンケーキ


",0.0,0.0,0.2728051543235779,0.0,0.0,0.3240727484226227,0.0,0.0,0.0,0.0,0.0,0.0,0.0,0.0,0.0,0.0,0.0,0.0,0.0,0.3487870395183563,0.0,0.0,0.0,0.0,0.0,0.0,0.4478740692138672,0.0,0.0,0.0,0.0,0.0,0.0,0.0,0.0,0.45074230432510376,0.543269693851471,0.0,0.0,0.0,0.0,0.0,0.0,0.0,0.0,0.0,0.0,0.0
0.0,パンケーキ,"

材料5つ★HMなしdeスフレパンケーキ


",0.0,0.2289561927318573,0.0,0.0,0.0,0.0,0.0,0.3915637135505676,0.5925157070159912,0.4927526116371155,0.3762057423591614,0.0,0.0,0.0,0.0,0.0,0.0,0.2425822764635086,0.0,0.0,0.0,0.0,0.0,0.0,0.0,0.0,0.0,0.0,0.0,0.0,0.0,0.0,0.0,0.0,0.0,0.0,0.0,0.0,0.0,0.0,0.0,0.0,0.0,0.0,0.0,0.0,0.0,0.0
0.0,パンケーキ,"

子供も作れる簡単美味しいチョコパンケーキ


",0.0,0.0,0.0,0.0,0.0,0.0,0.0,0.0,0.0,0.0,0.0,0.0,0.0,0.0,0.0,0.0,0.0,0.0,0.0,0.0,0.0,0.0,0.0,1.0,0.0,0.0,0.0,0.0,0.0,0.0,0.0,0.0,0.0,0.0,0.0,0.0,0.0,0.0,0.0,0.0,0.0,0.0,0.0,0.0,0.0,0.0,0.0,0.0
0.0,パンケーキ,"

低糖質大豆粉パンケーキ


",0.0,0.0,0.897923469543457,0.0,0.0,0.0,0.0,0.0,0.0,0.0,0.0,0.0,0.0,0.0,0.0,0.0,0.0,0.4401516616344452,0.0,0.0,0.0,0.0,0.0,0.0,0.0,0.0,0.0,0.0,0.0,0.0,0.0,0.0,0.0,0.0,0.0,0.0,0.0,0.0,0.0,0.0,0.0,0.0,0.0,0.0,0.0,0.0,0.0,0.0
0.0,パンケーキ,"

低糖質大豆粉パンケーキ


",0.0,0.0,0.897923469543457,0.0,0.0,0.0,0.0,0.0,0.0,0.0,0.0,0.0,0.0,0.0,0.0,0.0,0.0,0.4401516616344452,0.0,0.0,0.0,0.0,0.0,0.0,0.0,0.0,0.0,0.0,0.0,0.0,0.0,0.0,0.0,0.0,0.0,0.0,0.0,0.0,0.0,0.0,0.0,0.0,0.0,0.0,0.0,0.0,0.0,0.0
0.0,パンケーキ,"

もちもち！優しい味のバナナパンケーキ


",0.0,0.0,0.0,0.0,0.0,0.0,0.0,0.0,0.0,0.0,0.0,0.5941368341445923,0.4144384562969208,0.0,0.0,0.0,0.0,0.0,0.0,0.6893781423568726,0.0,0.0,0.0,0.0,0.0,0.0,0.0,0.0,0.0,0.0,0.0,0.0,0.0,0.0,0.0,0.0,0.0,0.0,0.0,0.0,0.0,0.0,0.0,0.0,0.0,0.0,0.0,0.0
0.0,パンケーキ,"

材料3つ！バナナパンケーキもどき


",0.0,0.0,0.0,0.0,0.0,0.0,0.0,0.0,0.0,0.0,0.0,0.5852828621864319,0.0,0.0,0.0,0.0,0.0,0.0,0.0,0.6791048645973206,0.0,0.0,0.0,0.4430130422115326,0.0,0.0,0.0,0.0,0.0,0.0,0.0,0.0,0.0,0.0,0.0,0.0,0.0,0.0,0.0,0.0,0.0,0.0,0.0,0.0,0.0,0.0,0.0,0.0
0.0,パンケーキ,"

離乳食　ライスシリアル　パンケーキ


",0.0,0.0,0.0,0.0,0.0,0.0,0.0,0.0,0.0,0.0,0.0,0.5082482695579529,0.0,0.0,0.0,0.0,0.0,0.0,0.0,0.5897215008735657,0.0,0.0,0.0,0.0,0.0,0.0,0.0,0.6276242733001709,0.0,0.0,0.0,0.0,0.0,0.0,0.0,0.0,0.0,0.0,0.0,0.0,0.0,0.0,0.0,0.0,0.0,0.0,0.0,0.0
0.0,パンケーキ,"

おからde低糖質パンケーキ


",0.0,0.0,0.0,0.0,0.0,0.0,0.0,0.0,0.0,0.0,0.0,0.0,0.0,0.0,0.0,0.0,0.0,0.0,0.0,0.0,0.0,0.0,0.0,0.0,0.0,0.0,0.7699297666549683,0.6381286382675171,0.0,0.0,0.0,0.0,0.0,0.0,0.0,0.0,0.0,0.0,0.0,0.0,0.0,0.0,0.0,0.0,0.0,0.0,0.0,0.0
0.0,パンケーキ,"

強力粉の柔らかパンケーキ


",0.38513508439064026,0.0,0.20597660541534424,0.3259525001049042,0.0,0.24468527734279633,0.0,0.0,0.0,0.0,0.0,0.0,0.15831723809242249,0.0,0.0,0.0,0.0,0.0,0.0,0.0,0.0,0.37887102365493774,0.0,0.17179293930530548,0.351805180311203,0.3952159285545349,0.0,0.0,0.0,0.0,0.0,0.0,0.0,0.4062582552433014,0.0,0.0,0.0,0.0,0.0,0.0,0.0,0.0,0.0,0.0,0.0,0.0,0.0,0.0
0.0,パンケーキ,"

重曹のパンケーキ


",0.0,0.0,0.0,0.0,0.0,0.0,0.0,0.0,0.0,0.0,0.0,0.45226311683654785,0.0,0.0,0.0,0.0,0.0,0.0,0.0,0.0,0.0,0.0,0.0,0.0,0.0,0.0,0.0,0.0,0.0,0.0,0.0,0.0,0.0,0.0,0.0,0.0,0.0,0.8918845653533936,0.0,0.0,0.0,0.0,0.0,0.0,0.0,0.0,0.0,0.0
0.0,パンケーキ,"

ヘルシーパンケーキ【おから蒸しパン】


",0.0,0.0,0.3945079445838928,0.0,0.0,0.0,0.0,0.0,0.0,0.0,0.0,0.0,0.0,0.0,0.0,0.0,0.0,0.0,0.0,0.0,0.0,0.0,0.0,0.0,0.0,0.0,0.6476778984069824,0.0,0.0,0.0,0.0,0.0,0.0,0.0,0.0,0.6518257260322571,0.0,0.0,0.0,0.0,0.0,0.0,0.0,0.0,0.0,0.0,0.0,0.0
0.0,パンケーキ,"

わんこ用パンケーキ 犬用ケーキ


",0.0,0.0,0.0,0.569366455078125,0.0,0.0,0.0,0.0,0.0,0.0,0.0,0.0,0.0,0.4941709637641907,0.0,0.0,0.0,0.3527349531650543,0.0,0.0,0.4659876823425293,0.0,0.0,0.30008402466773987,0.0,0.0,0.0,0.0,0.0,0.0,0.0,0.0,0.0,0.0,0.0,0.0,0.0,0.0,0.0,0.0,0.0,0.0,0.0,0.0,0.0,0.0,0.0,0.0
0.0,パンケーキ,"

糖質オフおやつ　高野豆腐入りパンケーキ


",0.0,0.0,0.5087961554527283,0.0,0.0,0.0,0.0,0.0,0.0,0.0,0.0,0.0,0.0,0.0,0.0,0.0,0.0,0.0,0.0,0.0,0.0,0.0,0.7490311861038208,0.4243568480014801,0.0,0.0,0.0,0.0,0.0,0.0,0.0,0.0,0.0,0.0,0.0,0.0,0.0,0.0,0.0,0.0,0.0,0.0,0.0,0.0,0.0,0.0,0.0,0.0
0.0,パンケーキ,"

【小麦粉不使用】バナナのパンケーキ


",0.0,0.0,0.0,0.0,0.0,0.0,0.0,0.0,0.0,0.0,0.0,0.0,0.0,0.0,0.0,0.0,0.0,0.0,0.0,0.477403461933136,0.0,0.0,0.0,0.31143343448638916,0.0,0.0,0.0,0.0,0.0,0.0,0.0,0.0,0.0,0.0,0.821641743183136,0.0,0.0,0.0,0.0,0.0,0.0,0.0,0.0,0.0,0.0,0.0,0.0,0.0
0.0,パンケーキ,"

孤独のグルメ風 カステラスフレパンケーキ


",0.0,0.21201357245445251,0.0,0.36258822679519653,0.0,0.0,0.0,0.36258822679519653,0.27433493733406067,0.4562892019748688,0.34836673736572266,0.0,0.17611144483089447,0.0,0.0,0.2580767273902893,0.0,0.0,0.0,0.0,0.0,0.0,0.0,0.19110175967216492,0.39134663343429565,0.0,0.0,0.0,0.0,0.0,0.0,0.0,0.0,0.0,0.0,0.0,0.0,0.0,0.0,0.0,0.0,0.0,0.0,0.0,0.0,0.0,0.0,0.0
0.0,パンケーキ,"

簡単パンケーキ


",0.0,0.7692312002182007,0.0,0.0,0.0,0.0,0.0,0.0,0.0,0.0,0.0,0.0,0.6389705538749695,0.0,0.0,0.0,0.0,0.0,0.0,0.0,0.0,0.0,0.0,0.0,0.0,0.0,0.0,0.0,0.0,0.0,0.0,0.0,0.0,0.0,0.0,0.0,0.0,0.0,0.0,0.0,0.0,0.0,0.0,0.0,0.0,0.0,0.0,0.0
0.0,パンケーキ,"

糖質オフおやつ　高野豆腐入りパンケーキ


",0.0,0.0,0.5087961554527283,0.0,0.0,0.0,0.0,0.0,0.0,0.0,0.0,0.0,0.0,0.0,0.0,0.0,0.0,0.0,0.0,0.0,0.0,0.0,0.7490311861038208,0.4243568480014801,0.0,0.0,0.0,0.0,0.0,0.0,0.0,0.0,0.0,0.0,0.0,0.0,0.0,0.0,0.0,0.0,0.0,0.0,0.0,0.0,0.0,0.0,0.0,0.0
0.0,パンケーキ,"

非常用ビスケット活用パンケーキ


",0.0,0.0,0.0,0.0,0.0,0.40284180641174316,0.0,0.0,0.0,0.0,0.0,0.0,0.26064828038215637,0.0,0.0,0.3819584846496582,0.0,0.0,0.0,0.0,0.0,0.0,0.0,0.0,0.0,0.0,0.5567342042922974,0.0,0.0,0.0,0.0,0.0,0.0,0.0,0.0,0.5602996349334717,0.0,0.0,0.0,0.0,0.0,0.0,0.0,0.0,0.0,0.0,0.0,0.0
0.0,パンケーキ,"

パンケーキに見えるたまご焼き


",0.0,0.0,0.28180286288261414,0.44594553112983704,0.0,0.0,0.0,0.44594553112983704,0.0,0.0,0.42845457792282104,0.0,0.21659862995147705,0.0,0.0,0.0,0.0,0.0,0.0,0.0,0.0,0.0,0.0,0.0,0.0,0.5407069325447083,0.0,0.0,0.0,0.0,0.0,0.0,0.0,0.0,0.0,0.0,0.0,0.0,0.0,0.0,0.0,0.0,0.0,0.0,0.0,0.0,0.0,0.0
0.0,パンケーキ,"

パンの耳deパンケーキ


",0.0,0.0,0.0,0.5448514223098755,0.0,0.0,0.0,0.0,0.0,0.0,0.0,0.0,0.0,0.0,0.0,0.0,0.0,0.0,0.0,0.0,0.0,0.0,0.0,0.2871634066104889,0.0,0.0,0.0,0.0,0.0,0.0,0.0,0.42923444509506226,0.0,0.0,0.0,0.0,0.0,0.0,0.0,0.0,0.0,0.0,0.0,0.0,0.0,0.0,0.0,0.66062992811203
0.0,パンケーキ,"

グルテンフリーバナナと卵のパンケーキ


",0.0,0.0,0.0,0.0,0.0,0.0,0.0,0.0,0.0,0.0,0.0,0.0,0.0,0.0,0.0,0.0,0.0,0.0,0.0,0.5581274032592773,0.0,0.0,0.0,0.3640935719013214,0.7456068992614746,0.0,0.0,0.0,0.0,0.0,0.0,0.0,0.0,0.0,0.0,0.0,0.0,0.0,0.0,0.0,0.0,0.0,0.0,0.0,0.0,0.0,0.0,0.0
0.0,パンケーキ,"

ふわもちパンケーキ


",0.0,0.4609840214252472,0.0,0.0,0.0,0.0,0.0,0.0,0.0,0.0,0.0,0.0,0.3829215466976166,0.6842601895332336,0.0,0.0,0.0,0.0,0.0,0.0,0.0,0.0,0.0,0.4155151844024658,0.0,0.0,0.0,0.0,0.0,0.0,0.0,0.0,0.0,0.0,0.0,0.0,0.0,0.0,0.0,0.0,0.0,0.0,0.0,0.0,0.0,0.0,0.0,0.0
0.0,パンケーキ,"

パン粉パンケーキ


",0.0,0.0,0.0,0.0,0.0,0.0,0.0,0.0,0.0,0.0,0.0,0.0,0.0,0.0,0.0,0.0,0.0,0.0,0.0,0.0,0.0,0.0,0.0,1.0,0.0,0.0,0.0,0.0,0.0,0.0,0.0,0.0,0.0,0.0,0.0,0.0,0.0,0.0,0.0,0.0,0.0,0.0,0.0,0.0,0.0,0.0,0.0,0.0
0.0,パンケーキ,"

ブルーベリーのヨーグルトパンケーキ


",0.0,0.0,0.0,0.0,0.0,0.0,0.0,0.0,0.0,0.0,0.0,0.0,0.0,0.0,0.0,0.0,0.0,0.0,0.0,0.0,0.0,0.0,0.0,0.0,0.0,0.0,0.0,0.0,0.0,0.0,0.0,0.0,0.0,0.0,0.0,0.0,0.0,0.0,0.0,0.0,0.0,0.0,0.0,0.0,0.0,0.0,0.0,0.0
0.0,パンケーキ,"

キムチパンケーキ　韓国料理


",0.0,0.21409481763839722,0.0,0.0,0.0,0.0,0.0,0.0,0.27702796459198,0.0,0.0,0.2549508512020111,0.0,0.0,0.0,0.2606101632118225,0.46533533930778503,0.0,0.0,0.0,0.0,0.0,0.0,0.0,0.0,0.0,0.0,0.31483304500579834,0.0,0.0,0.0,0.0,0.4607684016227722,0.0,0.0,0.0,0.0,0.0,0.0,0.0,0.0,0.0,0.46533533930778503,0.0,0.0,0.0,0.0,0.0
0.0,パンケーキ,"

ジャム入りパンケーキ


",0.0,0.0,0.0,0.0,0.0,0.0,0.0,0.0,0.0,0.0,0.0,0.0,0.0,0.0,0.0,0.0,0.0,0.0,0.0,0.0,0.0,0.0,0.0,0.0,0.0,0.0,0.0,0.0,1.0,0.0,0.0,0.0,0.0,0.0,0.0,0.0,0.0,0.0,0.0,0.0,0.0,0.0,0.0,0.0,0.0,0.0,0.0,0.0
0.0,パンケーキ,"

卵白消費だけど普通に卵1個使うパンケーキ


",0.0,0.0,0.0,0.0,0.0,0.0,0.0,0.0,0.0,0.0,0.8097136616706848,0.5868251919746399,0.0,0.0,0.0,0.0,0.0,0.0,0.0,0.0,0.0,0.0,0.0,0.0,0.0,0.0,0.0,0.0,0.0,0.0,0.0,0.0,0.0,0.0,0.0,0.0,0.0,0.0,0.0,0.0,0.0,0.0,0.0,0.0,0.0,0.0,0.0,0.0
0.0,パンケーキ,"

パンケーキ&どら焼き♪


",0.0,0.4546397626399994,0.0,0.0,0.0,0.0,0.0,0.0,0.0,0.0,0.0,0.0,0.3776516020298004,0.0,0.0,0.0,0.0,0.0,0.0,0.0,0.0,0.0,0.0,0.0,0.0,0.0,0.0,0.0,0.0,0.0,0.8066486120223999,0.0,0.0,0.0,0.0,0.0,0.0,0.0,0.0,0.0,0.0,0.0,0.0,0.0,0.0,0.0,0.0,0.0
0.0,パンケーキ,"

ふわふわパンケーキ


",0.0,0.0,0.0,0.0,0.0,0.0,0.0,0.0,0.0,0.0,0.0,0.0,0.0,0.0,0.8099515438079834,0.1887236386537552,0.0,0.0,0.0,0.0,0.0,0.30819687247276306,0.0,0.0,0.0,0.0,0.0,0.0,0.0,0.31594738364219666,0.0,0.0,0.0,0.0,0.0,0.0,0.0,0.0,0.0,0.0,0.0,0.0,0.3369775414466858,0.0,0.0,0.0,0.0,0.0
0.0,パンケーキ,"

小麦粉ですぐできる！簡単パンケーキ♪


",0.0,0.0,0.26338401436805725,0.4167981743812561,0.0,0.0,0.0,0.0,0.3153502941131592,0.0,0.0,0.29021915793418884,0.0,0.3617521822452545,0.0,0.0,0.0,0.0,0.0,0.0,0.0,0.0,0.0,0.0,0.0,0.0,0.0,0.0,0.0,0.0,0.432407021522522,0.0,0.0,0.0,0.0,0.0,0.0,0.0,0.0,0.0,0.0,0.0,0.0,0.0,0.0,0.0,0.0,0.5053659081459045
0.0,パンケーキ,"

あんこスフレパンケーキ


",0.0,0.0,0.0,0.0,0.0,0.0,0.0,0.0,0.0,0.0,0.0,0.0,0.0,0.0,0.0,0.0,0.0,0.0,0.0,0.0,0.0,0.0,0.0,0.0,0.0,0.0,0.0,0.0,0.0,0.0,0.0,0.0,0.0,0.0,0.0,0.0,0.0,0.0,0.0,0.0,0.0,1.0,0.0,0.0,0.0,0.0,0.0,0.0
0.0,パンケーキ,"

簡単おいしい☆三密パンケーキ ＋八蜜


",0.0,0.0,0.0,0.0,0.0,0.0,0.0,0.0,0.0,0.0,0.0,0.0,0.0,0.0,0.0,0.0,0.0,0.0,0.0,0.0,0.0,1.0,0.0,0.0,0.0,0.0,0.0,0.0,0.0,0.0,0.0,0.0,0.0,0.0,0.0,0.0,0.0,0.0,0.0,0.0,0.0,0.0,0.0,0.0,0.0,0.0,0.0,0.0
0.0,パンケーキ,"

青汁de抹茶風パンケーキ


",0.0,0.0,0.0,0.0,0.0,0.0,0.0,0.0,0.0,0.0,0.0,0.0,0.0,0.0,0.0,0.0,0.0,0.0,0.0,0.0,0.0,0.0,0.0,0.0,0.0,0.0,0.0,0.0,0.0,0.0,0.0,0.0,0.0,0.0,0.0,0.0,0.0,0.0,0.0,0.0,0.0,0.0,0.0,0.0,0.0,0.0,0.0,0.0
0.0,パンケーキ,"

炊飯器でパンケーキ！風車形♪


",0.0,0.0,0.0,0.0,0.0,0.0,0.0,0.0,0.0,0.0,0.0,0.0,0.0,0.0,0.0,0.0,0.0,0.0,0.0,0.0,0.0,0.0,0.0,0.0,0.6131690144538879,0.0,0.0,0.0,0.0,0.0,0.0,0.0,0.0,0.0,0.0,0.0,0.0,0.0,0.0,0.0,0.0,0.789951741695404,0.0,0.0,0.0,0.0,0.0,0.0
0.0,パンケーキ,"

HMで！人参たっぷりパンケーキ


",0.0,0.0,0.0,0.0,0.0,0.0,0.0,0.0,0.0,0.0,0.0,0.0,0.0,1.0,0.0,0.0,0.0,0.0,0.0,0.0,0.0,0.0,0.0,0.0,0.0,0.0,0.0,0.0,0.0,0.0,0.0,0.0,0.0,0.0,0.0,0.0,0.0,0.0,0.0,0.0,0.0,0.0,0.0,0.0,0.0,0.0,0.0,0.0
0.0,パンケーキ,"

粉無し！おからdeパンケーキ


",0.0,0.0,0.3023744225502014,0.0,0.0,0.0,0.4964189827442169,0.0,0.0,0.0,0.0,0.0,0.0,0.0,0.0,0.34057801961898804,0.0,0.0,0.0,0.0,0.0,0.0,0.0,0.0,0.0,0.0,0.4964189827442169,0.0,0.0,0.0,0.0,0.0,0.0,0.0,0.0,0.0,0.0,0.0,0.0,0.0,0.0,0.0,0.0,0.5474601984024048,0.0,0.0,0.0,0.0
0.0,パンケーキ,"

お豆腐もちふわパンケーキ


",0.0,0.0,0.0,0.0,0.0,0.0,0.0,0.0,0.0,0.0,0.0,0.0,0.0,0.40146204829216003,0.0,0.0,0.0,0.0,0.0,0.0,0.0,0.0,0.43030741810798645,0.0,0.4992373287677765,0.0,0.0,0.0,0.0,0.0,0.0,0.36439767479896545,0.0,0.0,0.0,0.0,0.0,0.0,0.0,0.5211911201477051,0.0,0.0,0.0,0.0,0.0,0.0,0.0,0.0
0.0,パンケーキ,"

HMでカフェ風パンケーキ


",0.0,0.0,0.0,0.0,0.0,0.0,0.0,0.0,0.0,0.0,0.0,0.0,0.0,0.0,0.0,0.0,0.0,0.0,0.0,0.0,0.0,0.0,0.0,0.0,0.0,0.0,0.0,0.0,0.0,0.0,0.0,0.0,0.0,0.0,0.0,0.0,0.0,0.0,0.0,0.0,0.0,0.0,0.0,0.0,0.0,0.7152122855186462,0.6989072561264038,0.0
0.0,パンケーキ,"

にんじんときなこのパンケーキ


",0.0,0.0,0.0,0.0,0.0,0.0,0.0,0.0,0.4063247740268707,0.0,0.0,0.37394365668296814,0.2608433663845062,0.0,0.0,0.0,0.0,0.0,0.0,0.0,0.0,0.0,0.0,0.0,0.0,0.0,0.0,0.0,0.0,0.0,0.0,0.42307987809181213,0.0,0.669350802898407,0.0,0.0,0.0,0.0,0.0,0.0,0.0,0.0,0.0,0.0,0.0,0.0,0.0,0.0
0.0,パンケーキ,"

こどもの日★鯉のぼりパンケーキ


",0.0,0.0,0.0,0.0,0.0,0.0,0.0,0.0,0.0,0.0,0.0,0.0,0.0,0.0,0.0,0.0,0.0,0.0,0.0,0.0,0.0,0.0,0.0,0.0,0.0,0.0,0.0,0.0,0.0,0.0,0.0,0.0,0.0,0.0,0.0,0.0,0.0,0.0,0.0,1.0,0.0,0.0,0.0,0.0,0.0,0.0,0.0,0.0
0.0,パンケーキ,"

ホットケーキミックスで作るパンケーキ


",0.0,0.0,0.0,0.0,0.0,0.0,0.0,0.0,0.36379167437553406,0.0,0.0,0.0,0.0,0.0,0.0,0.0,0.0,0.2978804111480713,0.0,0.0,0.0,0.0,0.0,0.0,0.5189592242240906,0.0,0.0,0.0,0.0,0.0,0.0,0.3787928521633148,0.0,0.0,0.0,0.0,0.6050786375999451,0.0,0.0,0.0,0.0,0.0,0.0,0.0,0.0,0.0,0.0,0.0
0.0,パンケーキ,"

パンケーキ　お店で並ばなくても。。


",0.0,0.333536833524704,0.0,0.0,0.0,0.0,0.0,0.5704188346862793,0.43157994747161865,0.0,0.5480457544326782,0.0,0.27705609798431396,0.0,0.0,0.0,0.0,0.0,0.0,0.0,0.0,0.0,0.0,0.0,0.0,0.0,0.0,0.0,0.0,0.0,0.0,0.0,0.0,0.0,0.0,0.0,0.0,0.0,0.0,0.0,0.0,0.0,0.0,0.0,0.0,0.0,0.0,0.0
0.0,パンケーキ,"

ふわふわしっとりのパンケーキ


",0.0,0.3219981789588928,0.0,0.0,0.0,0.4133871793746948,0.0,0.0,0.0,0.0,0.0,0.0,0.0,0.0,0.0,0.39195719361305237,0.0,0.0,0.0,0.0,0.0,0.0,0.0,0.0,0.0,0.0,0.0,0.0,0.0,0.0,0.0,0.0,0.0,0.0,0.0,0.0,0.0,0.7561731338500977,0.0,0.0,0.0,0.0,0.0,0.0,0.0,0.0,0.0,0.0
0.0,パンケーキ,"

型なし 簡単厚いパンケーキ


",0.0,0.0,0.3831388056278229,0.0,0.0,0.4551411271095276,0.0,0.0,0.0,0.0,0.0,0.0,0.0,0.0,0.0,0.0,0.0,0.0,0.8037731051445007,0.0,0.0,0.0,0.0,0.0,0.0,0.0,0.0,0.0,0.0,0.0,0.0,0.0,0.0,0.0,0.0,0.0,0.0,0.0,0.0,0.0,0.0,0.0,0.0,0.0,0.0,0.0,0.0,0.0
0.0,パンケーキ,"

ちょこばななパンケーキ


",0.0,0.0,0.0,0.0,0.0,0.0,0.0,0.0,0.0,0.0,0.0,0.0,0.0,0.0,0.0,0.0,0.0,0.0,0.0,0.0,0.0,0.0,0.0,0.0,0.0,0.0,0.0,0.0,0.0,0.0,0.0,0.0,0.0,0.0,0.0,0.0,0.0,0.0,0.0,0.0,0.0,0.0,0.0,0.0,0.0,0.0,0.0,0.0
0.0,パンケーキ,"

ハロウィンにも！かぼちゃのパンケーキ


",0.0,0.0,0.0,0.0,0.0,0.0,0.0,0.0,0.0,0.0,0.0,0.0,0.0,0.0,0.0,0.0,0.0,0.0,0.0,0.0,0.0,1.0,0.0,0.0,0.0,0.0,0.0,0.0,0.0,0.0,0.0,0.0,0.0,0.0,0.0,0.0,0.0,0.0,0.0,0.0,0.0,0.0,0.0,0.0,0.0,0.0,0.0,0.0
0.0,パンケーキ,"

フライパンでOK！盛れるパンケーキ！


",0.0,0.0,0.0,0.0,0.0,0.0,0.0,0.0,0.0,0.0,1.0,0.0,0.0,0.0,0.0,0.0,0.0,0.0,0.0,0.0,0.0,0.0,0.0,0.0,0.0,0.0,0.0,0.0,0.0,0.0,0.0,0.0,0.0,0.0,0.0,0.0,0.0,0.0,0.0,0.0,0.0,0.0,0.0,0.0,0.0,0.0,0.0,0.0
0.0,パンケーキ,"

★ホイップたっぷりパンケーキ★


",0.0,0.0,0.3886115550994873,0.0,0.0,0.0,0.0,0.0,0.0,0.0,0.0,0.0,0.2986936569213867,0.0,0.0,0.0,0.0,0.0,0.0,0.0,0.0,0.0,0.0,0.0,0.0,0.0,0.0,0.5287814140319824,0.0,0.0,0.0,0.0,0.0,0.0,0.0,0.0,0.0,0.0,0.0,0.6929309964179993,0.0,0.0,0.0,0.0,0.0,0.0,0.0,0.0
0.0,パンケーキ,"

ぐりとぐら ふっくらパンケーキ


",0.0,0.24813731014728546,0.0,0.0,0.0,0.0,0.0,0.4243675172328949,0.32107725739479065,0.0,0.4077228903770447,0.0,0.20611803233623505,0.0,0.4321044683456421,0.0,0.0,0.0,0.0,0.0,0.0,0.0,0.0,0.22366246581077576,0.45802590250968933,0.0,0.0,0.0,0.0,0.0,0.0,0.0,0.0,0.0,0.0,0.0,0.0,0.0,0.0,0.0,0.0,0.0,0.0,0.0,0.0,0.0,0.0,0.0
0.0,パンケーキ,"

ココアパンケーキ


",0.0,0.0,0.0,0.0,0.0,0.0,0.0,0.0,0.0,0.0,0.0,1.0,0.0,0.0,0.0,0.0,0.0,0.0,0.0,0.0,0.0,0.0,0.0,0.0,0.0,0.0,0.0,0.0,0.0,0.0,0.0,0.0,0.0,0.0,0.0,0.0,0.0,0.0,0.0,0.0,0.0,0.0,0.0,0.0,0.0,0.0,0.0,0.0
0.0,パンケーキ,"

焼くだけ簡単残りご飯と薩摩芋のパンケーキ


",0.0,0.0,0.0,0.0,0.0,0.0,0.0,0.0,0.0,0.0,0.0,0.618059515953064,0.0,0.0,0.0,0.6317789554595947,0.0,0.0,0.0,0.0,0.0,0.0,0.0,0.4678223729133606,0.0,0.0,0.0,0.0,0.0,0.0,0.0,0.0,0.0,0.0,0.0,0.0,0.0,0.0,0.0,0.0,0.0,0.0,0.0,0.0,0.0,0.0,0.0,0.0
0.0,パンケーキ,"

こどもの日　鯉のぼり　パンケーキ


",0.0,0.0,0.0,0.0,0.0,0.0,0.0,0.0,0.0,0.0,0.0,0.0,0.0,1.0,0.0,0.0,0.0,0.0,0.0,0.0,0.0,0.0,0.0,0.0,0.0,0.0,0.0,0.0,0.0,0.0,0.0,0.0,0.0,0.0,0.0,0.0,0.0,0.0,0.0,0.0,0.0,0.0,0.0,0.0,0.0,0.0,0.0,0.0
0.0,パンケーキ,"

我が家の(HM無し牛乳無し)パンケーキ


",0.0,0.3767282962799072,0.0,0.0,0.0,0.0,0.0,0.0,0.0,0.0,0.0,0.0,0.3129335939884186,0.0,0.0,0.0,0.0,0.0,0.0,0.0,0.0,0.0,0.0,0.33956998586654663,0.0,0.0,0.0,0.0,0.0,0.0,0.0,0.0,0.0,0.803019642829895,0.0,0.0,0.0,0.0,0.0,0.0,0.0,0.0,0.0,0.0,0.0,0.0,0.0,0.0
0.0,パンケーキ,"

我が家の(HM無し牛乳無し)パンケーキ


",0.0,0.3767282962799072,0.0,0.0,0.0,0.0,0.0,0.0,0.0,0.0,0.0,0.0,0.3129335939884186,0.0,0.0,0.0,0.0,0.0,0.0,0.0,0.0,0.0,0.0,0.33956998586654663,0.0,0.0,0.0,0.0,0.0,0.0,0.0,0.0,0.0,0.803019642829895,0.0,0.0,0.0,0.0,0.0,0.0,0.0,0.0,0.0,0.0,0.0,0.0,0.0,0.0
0.0,パンケーキ,"

オートミールと豆腐のふわふわパンケーキ


",0.0,0.0,0.0,0.0,0.0,0.0,0.34884992241859436,0.0,0.0,0.0,0.0,0.0,0.1633223444223404,0.0,0.0,0.0,0.0,0.0,0.0,0.0,0.0,0.0,0.3128177523612976,0.0,0.0,0.0,0.0,0.0,0.0,0.0,0.0,0.0,0.0,0.0,0.46756282448768616,0.0,0.42315375804901123,0.0,0.0,0.0,0.0,0.0,0.0,0.38471826910972595,0.4561714231967926,0.0,0.0,0.0
0.0,パンケーキ,"

普通の材料でふわふわスフレパンケーキ


",0.0,0.0,0.0,0.0,0.0,0.3483926057815552,0.0,0.4641040861606598,0.351142019033432,0.584039032459259,0.44590091705322266,0.0,0.0,0.0,0.0,0.0,0.0,0.0,0.0,0.0,0.0,0.0,0.0,0.0,0.0,0.0,0.0,0.0,0.0,0.0,0.0,0.0,0.0,0.0,0.0,0.0,0.0,0.0,0.0,0.0,0.0,0.0,0.0,0.0,0.0,0.0,0.0,0.0
0.0,パンケーキ,"

HMで簡単！ダッチベイビー　パンケーキ


",0.0,0.0,0.0,0.0,0.0,0.0,0.0,0.0,0.0,0.0,0.0,0.0,0.0,0.0,0.6443853378295898,0.0,0.0,0.39206281304359436,0.0,0.0,0.0,0.0,0.0,0.0,0.0,0.0,0.0,0.0,0.0,0.0,0.6565472483634949,0.0,0.0,0.0,0.0,0.0,0.0,0.0,0.0,0.0,0.0,0.0,0.0,0.0,0.0,0.0,0.0,0.0
0.0,パンケーキ,"

米粉のもちもちパンケーキ


",0.0,0.0,0.0,0.0,0.0,0.0,0.0,0.0,0.0,0.0,0.0,0.0,0.2865808606147766,0.0,0.0,0.41996052861213684,0.0,0.36553579568862915,0.0,0.0,0.4828985035419464,0.0,0.0,0.0,0.0,0.0,0.0,0.0,0.0,0.0,0.6121251583099365,0.0,0.0,0.0,0.0,0.0,0.0,0.0,0.0,0.0,0.0,0.0,0.0,0.0,0.0,0.0,0.0,0.0
0.0,パンケーキ,"

簡単DAISOシリコンでパンケーキ


",0.0,0.0,0.0,0.7997397780418396,0.0,0.6003468036651611,0.0,0.0,0.0,0.0,0.0,0.0,0.0,0.0,0.0,0.0,0.0,0.0,0.0,0.0,0.0,0.0,0.0,0.0,0.0,0.0,0.0,0.0,0.0,0.0,0.0,0.0,0.0,0.0,0.0,0.0,0.0,0.0,0.0,0.0,0.0,0.0,0.0,0.0,0.0,0.0,0.0,0.0
0.0,パンケーキ,"

簡単！シンプル！パンケーキ♪


",0.0,0.0,0.0,0.0,0.0,0.0,0.4957444369792938,0.0,0.0,0.0,0.0,0.33272939920425415,0.23209446668624878,0.0,0.0,0.0,0.0,0.0,0.0,0.38606661558151245,0.0,0.0,0.0,0.0,0.0,0.0,0.0,0.0,0.0,0.0,0.0,0.3764500617980957,0.0,0.0,0.0,0.0,0.0,0.0,0.0,0.0,0.0,0.0,0.0,0.5467162728309631,0.0,0.0,0.0,0.0
0.0,パンケーキ,"

家庭教師先の奥様直伝　激うまパンケーキ


",0.0,0.28367117047309875,0.0,0.0,0.0,0.0,0.0,0.4851379692554474,0.0,0.0,0.4661098122596741,0.0,0.23563463985919952,0.0,0.0,0.0,0.0,0.0,0.0,0.0,0.0,0.0,0.0,0.2556914687156677,0.0,0.0,0.0,0.0,0.0,0.0,0.0,0.0,0.0,0.0,0.0,0.0,0.0,0.0,0.0,0.0,0.0,0.0,0.0,0.0,0.0,0.0,0.0,0.5882275700569153
0.0,パンケーキ,"

インスタント麺で作るパンケーキ


",0.0,0.0,0.0,0.0,0.0,0.0,0.0,0.0,0.0,0.0,0.0,0.0,0.0,0.0,0.0,0.0,0.0,0.0,0.0,0.0,0.0,0.0,0.0,0.0,0.0,0.0,0.0,0.0,0.0,0.0,0.0,0.0,0.0,0.0,0.0,0.0,0.0,0.0,0.0,0.0,0.0,0.0,0.0,0.0,0.0,0.0,0.0,0.0
0.0,パンケーキ,"

【覚書】おからパウダーパンケーキ


",0.4665595591068268,0.0,0.0,0.3948647379875183,0.0,0.0,0.0,0.0,0.0,0.0,0.0,0.0,0.19178834557533264,0.0,0.0,0.0,0.0,0.0,0.0,0.0,0.0,0.0,0.0,0.0,0.0,0.0,0.4096521735191345,0.0,0.0,0.0,0.0,0.0,0.0,0.0,0.0,0.41227564215660095,0.0,0.0,0.0,0.0,0.0,0.0,0.5018317699432373,0.0,0.0,0.0,0.0,0.0
0.0,パンケーキ,"

HM不要！！自家製パンケーキ


",0.0,0.343468576669693,0.0,0.0,0.0,0.0,0.0,0.0,0.4444311261177063,0.0,0.0,0.0,0.28530600666999817,0.0,0.0,0.0,0.0,0.0,0.0,0.0,0.0,0.0,0.0,0.30959078669548035,0.0,0.7122249007225037,0.0,0.0,0.0,0.0,0.0,0.0,0.0,0.0,0.0,0.0,0.0,0.0,0.0,0.0,0.0,0.0,0.0,0.0,0.0,0.0,0.0,0.0
0.0,パンケーキ,"

カフェの朝食風パンケーキ


",0.0,0.0,0.0,0.7855214476585388,0.0,0.0,0.0,0.0,0.0,0.0,0.0,0.0,0.0,0.0,0.0,0.0,0.0,0.0,0.0,0.0,0.0,0.0,0.0,0.0,0.0,0.0,0.0,0.0,0.0,0.0,0.0,0.6188344359397888,0.0,0.0,0.0,0.0,0.0,0.0,0.0,0.0,0.0,0.0,0.0,0.0,0.0,0.0,0.0,0.0
0.0,パンケーキ,"

簡単HMでバナナパンケーキ


",0.0,0.0,0.0,0.0,0.0,0.0,0.0,0.0,0.5508165955543518,0.0,0.0,0.0,0.0,0.0,0.0,0.0,0.0,0.45102041959762573,0.0,0.5881808996200562,0.0,0.0,0.0,0.3836989402770996,0.0,0.0,0.0,0.0,0.0,0.0,0.0,0.0,0.0,0.0,0.0,0.0,0.0,0.0,0.0,0.0,0.0,0.0,0.0,0.0,0.0,0.0,0.0,0.0
0.0,パンケーキ,"

チーズかのびる食事になるパンケーキ♪


",0.0,0.0,0.0,0.5739901661872864,0.0,0.0,0.0,0.0,0.0,0.0,0.0,0.0,0.0,0.0,0.0,0.0,0.0,0.0,0.0,0.0,0.0,0.0,0.0,0.3025209605693817,0.0,0.0,0.0,0.0,0.0,0.0,0.0,0.0,0.0,0.0,0.0,0.0,0.0,0.0,0.0,0.0,0.0,0.0,0.0,0.0,0.0,0.0,0.7609312534332275,0.0
0.0,パンケーキ,"

栄養たっぷり♪グルテンフリーパンケーキ


",0.0,0.0,0.25711381435394287,0.0,0.44848039746284485,0.0,0.0,0.0,0.0,0.0,0.0,0.0,0.0,0.0,0.0,0.0,0.0,0.252068430185318,0.5393898487091064,0.0,0.333000123500824,0.0,0.0,0.0,0.0,0.0,0.0,0.0,0.0,0.0,0.0,0.0,0.0,0.0,0.0,0.0,0.0,0.0,0.0,0.0,0.0,0.0,0.5170965790748596,0.0,0.0,0.0,0.0,0.0
0.0,パンケーキ,"

ベーキングパウダーなし！パンケーキ


",0.0,0.25157541036605835,0.0,0.0,0.0,0.0,0.0,0.0,0.0,0.0,0.0,0.0,0.0,0.0,0.0,0.0,0.5467994213104248,0.0,0.0,0.0,0.0,0.0,0.0,0.22676144540309906,0.0,0.0,0.0,0.0,0.0,0.0,0.0,0.0,0.5414330363273621,0.0,0.0,0.0,0.5414330363273621,0.0,0.0,0.0,0.0,0.0,0.0,0.0,0.0,0.0,0.0,0.0
0.0,パンケーキ,"

大豆粉＊お豆腐バナナパンケーキ


",0.0,0.0,0.0,0.0,0.0,0.0,0.0,0.0,0.0,0.0,0.0,0.0,0.0,0.3589448034763336,0.0,0.0,0.0,0.25621169805526733,0.0,0.33412861824035645,0.0,0.4807058572769165,0.3847352862358093,0.0,0.0,0.0,0.0,0.0,0.0,0.0,0.0,0.0,0.0,0.0,0.0,0.0,0.0,0.0,0.0,0.0,0.0,0.0,0.0,0.0,0.561046302318573,0.0,0.0,0.0
0.0,パンケーキ,"

離乳食後期★苺とヨーグルトのパンケーキ


",0.0,0.0,0.0,0.0,0.0,0.0,0.0,0.0,0.597487211227417,0.0,0.0,0.0,0.0,0.6854038834571838,0.0,0.0,0.0,0.0,0.0,0.0,0.0,0.0,0.0,0.41620969772338867,0.0,0.0,0.0,0.0,0.0,0.0,0.0,0.0,0.0,0.0,0.0,0.0,0.0,0.0,0.0,0.0,0.0,0.0,0.0,0.0,0.0,0.0,0.0,0.0
0.0,パンケーキ,"

HMでふわもちパンケーキ


",0.0,0.0,0.0,0.0,0.0,0.0,0.0,0.0,0.0,0.0,0.0,0.0,0.0,0.7404611110687256,0.0,0.0,0.0,0.0,0.0,0.0,0.0,0.0,0.0,0.0,0.0,0.0,0.0,0.0,0.0,0.0,0.0,0.6720991730690002,0.0,0.0,0.0,0.0,0.0,0.0,0.0,0.0,0.0,0.0,0.0,0.0,0.0,0.0,0.0,0.0
0.0,パンケーキ,"

クリームチーズのパンケーキ(米粉)


",0.0,0.0,0.0,0.0,0.0,0.0,0.0,0.0,0.0,0.0,0.0,0.0,0.35142838954925537,0.0,0.0,0.0,0.0,0.4482492506504059,0.0,0.0,0.5921688079833984,0.0,0.0,0.0,0.0,0.0,0.0,0.0,0.0,0.0,0.0,0.5700060129165649,0.0,0.0,0.0,0.0,0.0,0.0,0.0,0.0,0.0,0.0,0.0,0.0,0.0,0.0,0.0,0.0
0.0,パンケーキ,"

厚みのあるふんわり米粉パンケーキ


",0.0,0.0,0.5659359097480774,0.0,0.0,0.0,0.0,0.0,0.0,0.0,0.0,0.0,0.0,0.3886502981185913,0.0,0.31871965527534485,0.0,0.2774152159690857,0.0,0.0,0.36648502945899963,0.0,0.0,0.0,0.0,0.0,0.0,0.0,0.0,0.0,0.4645586907863617,0.0,0.0,0.0,0.0,0.0,0.0,0.0,0.0,0.0,0.0,0.0,0.0,0.0,0.0,0.0,0.0,0.0
0.0,パンケーキ,"

幼児１食分のタンパク質が摂れるパンケーキ


",0.0,0.0,0.28334689140319824,0.0,0.0,0.0,0.0,0.448388934135437,0.0,0.0,0.0,0.31221601366996765,0.0,0.0,0.0,0.0,0.0,0.2777867317199707,0.0,0.0,0.0,0.0,0.41713300347328186,0.0,0.0,0.0,0.0,0.0,0.0,0.0,0.0,0.0,0.0,0.0,0.0,0.0,0.0,0.0,0.0,0.0,0.0,0.0,0.0,0.0,0.6082907915115356,0.0,0.0,0.0
0.0,パンケーキ,"

【簡単】ケーキ強めのパンケーキ


",0.0,0.0,0.0,0.0,0.0,0.0,0.0,0.0,0.0,0.0,0.0,0.0,0.0,0.0,0.0,0.0,0.0,0.0,0.0,0.0,0.0,0.0,0.0,0.26340198516845703,0.0,0.0,0.0,0.0,0.6779917478561401,0.0,0.0,0.0,0.0,0.0,0.0,0.0,0.0,0.6862554550170898,0.0,0.0,0.0,0.0,0.0,0.0,0.0,0.0,0.0,0.0
0.0,パンケーキ,"

米粉のベジパンケーキ


",0.0,0.0,0.0,0.0,0.0,0.0,0.0,0.0,0.0,0.0,0.0,0.0,0.0,0.0,0.3213532269001007,0.0,0.0,0.19552065432071686,0.0,0.0,0.25829654932022095,0.0,0.0,0.0,0.0,0.0,0.0,0.0,0.0,0.0,0.6548365950584412,0.2486294060945511,0.0,0.0,0.0,0.32951512932777405,0.0,0.0,0.0,0.0,0.0,0.43883809447288513,0.0,0.0,0.0,0.0,0.0,0.0
0.0,パンケーキ,"

オーブンで作るスウェーデン風パンケーキ


",0.0,0.5063817501068115,0.0,0.0,0.0,0.0,0.0,0.0,0.0,0.0,0.0,0.6030153632164001,0.0,0.0,0.0,0.6164008975028992,0.0,0.0,0.0,0.0,0.0,0.0,0.0,0.0,0.0,0.0,0.0,0.0,0.0,0.0,0.0,0.0,0.0,0.0,0.0,0.0,0.0,0.0,0.0,0.0,0.0,0.0,0.0,0.0,0.0,0.0,0.0,0.0
0.0,パンケーキ,"

にんじんパンケーキと抹茶パンケーキ


",0.0,0.0,0.0,0.0,0.0,0.0,0.0,0.0,0.0,0.0,0.0,0.0,0.0,0.0,0.8801577091217041,0.0,0.0,0.0,0.0,0.0,0.0,0.0,0.0,0.1518600732088089,0.0,0.0,0.0,0.24775172770023346,0.0,0.0,0.298923134803772,0.2269912213087082,0.0,0.0,0.0,0.0,0.0,0.0,0.0,0.0,0.0,0.0,0.0,0.0,0.0,0.0,0.0,0.0
0.0,パンケーキ,"

ばななもちもちパンケーキ


",0.0,0.40447792410850525,0.0,0.0,0.0,0.0,0.0,0.0,0.0,0.0,0.0,0.0,0.0,0.0,0.0,0.0,0.0,0.0,0.0,0.0,0.0,0.0,0.0,0.36458253860473633,0.0,0.0,0.0,0.0,0.0,0.0,0.0,0.0,0.0,0.0,0.0,0.0,0.0,0.0,0.0,0.0,0.0,0.0,0.0,0.0,0.0,0.0,0.0,0.8387354612350464
0.0,パンケーキ,"

たぬのしっとりじゅわっとパンケーキ♪


",0.0,0.25443869829177856,0.0,0.0,0.0,0.0,0.0,0.0,0.0,0.0,0.0,0.0,0.0,0.0,0.0,0.0,0.0,0.0,0.0,0.0,0.0,0.0,0.0,0.0,0.0,0.5276103615760803,0.0,0.0,0.0,0.0,0.0,0.0,0.5475952625274658,0.0,0.0,0.0,0.0,0.5975179076194763,0.0,0.0,0.0,0.0,0.0,0.0,0.0,0.0,0.0,0.0
0.0,パンケーキ,"

混ぜるの3分★HM★ふわもちっパンケーキ


",0.0,0.0,0.0,0.0,0.0,0.0,0.0,0.0,0.0,0.0,0.0,0.0,0.0,0.0,0.0,0.0,0.0,0.0,0.0,0.0,0.0,0.0,1.0,0.0,0.0,0.0,0.0,0.0,0.0,0.0,0.0,0.0,0.0,0.0,0.0,0.0,0.0,0.0,0.0,0.0,0.0,0.0,0.0,0.0,0.0,0.0,0.0,0.0
0.0,パンケーキ,"

絶品バナナパンケーキ（HCM版）


",0.0,0.0,0.0,0.0,0.0,0.0,0.0,0.0,0.0,0.0,0.0,0.0,0.0,1.0,0.0,0.0,0.0,0.0,0.0,0.0,0.0,0.0,0.0,0.0,0.0,0.0,0.0,0.0,0.0,0.0,0.0,0.0,0.0,0.0,0.0,0.0,0.0,0.0,0.0,0.0,0.0,0.0,0.0,0.0,0.0,0.0,0.0,0.0
0.0,パンケーキ,"

幼児食 バナナと野菜のパンケーキ


",0.0,0.0,0.0,0.0,0.0,0.0,0.0,0.0,0.0,0.0,0.0,0.3959429860115051,0.2761889100074768,0.0,0.0,0.0,0.0,0.0,0.0,0.45941343903541565,0.0,0.0,0.0,0.0,0.0,0.0,0.0,0.0,0.0,0.0,0.0,0.0,0.0,0.0,0.0,0.0,0.0,0.0,0.0,0.0,0.7455790638923645,0.0,0.0,0.0,0.0,0.0,0.0,0.0
0.0,パンケーキ,"

HMでパンケーキ☆


",0.0,0.0,0.0,0.7016748785972595,0.0,0.0,0.0,0.0,0.0,0.0,0.0,0.0,0.0,0.6090055704116821,0.0,0.0,0.0,0.0,0.0,0.0,0.0,0.0,0.0,0.36981701850891113,0.0,0.0,0.0,0.0,0.0,0.0,0.0,0.0,0.0,0.0,0.0,0.0,0.0,0.0,0.0,0.0,0.0,0.0,0.0,0.0,0.0,0.0,0.0,0.0
0.0,パンケーキ,"

ディズニー ミニーちゃん パンケーキ 


",0.671985387802124,0.0,0.0,0.0,0.0,0.0,0.0,0.0,0.4302971661090851,0.0,0.0,0.0,0.0,0.0,0.0,0.0,0.0,0.3523365259170532,0.0,0.0,0.0,0.0,0.0,0.0,0.0,0.0,0.0,0.48901835083961487,0.0,0.0,0.0,0.0,0.0,0.0,0.0,0.0,0.0,0.0,0.0,0.0,0.0,0.0,0.0,0.0,0.0,0.0,0.0,0.0
0.0,パンケーキ,"

覚えやすい簡単パンケーキ


",0.0,0.0,0.0,0.0,0.0,0.0,0.0,0.0,0.0,0.0,0.0,0.6285132765769958,0.4384176731109619,0.0,0.0,0.642464816570282,0.0,0.0,0.0,0.0,0.0,0.0,0.0,0.0,0.0,0.0,0.0,0.0,0.0,0.0,0.0,0.0,0.0,0.0,0.0,0.0,0.0,0.0,0.0,0.0,0.0,0.0,0.0,0.0,0.0,0.0,0.0,0.0
0.0,パンケーキ,"

パンケーキ　ホットケーキ


",0.0,0.5473241806030273,0.0,0.0,0.0,0.7026647925376892,0.0,0.0,0.0,0.0,0.0,0.0,0.4546409547328949,0.0,0.0,0.0,0.0,0.0,0.0,0.0,0.0,0.0,0.0,0.0,0.0,0.0,0.0,0.0,0.0,0.0,0.0,0.0,0.0,0.0,0.0,0.0,0.0,0.0,0.0,0.0,0.0,0.0,0.0,0.0,0.0,0.0,0.0,0.0
0.0,パンケーキ,"

もちふわお豆腐パンケーキ　ビタントニオ


",0.0,0.3673872649669647,0.0,0.0,0.0,0.0,0.0,0.0,0.47538068890571594,0.0,0.0,0.0,0.0,0.5453301072120667,0.0,0.0,0.0,0.0,0.0,0.0,0.0,0.0,0.5845125317573547,0.0,0.0,0.0,0.0,0.0,0.0,0.0,0.0,0.0,0.0,0.0,0.0,0.0,0.0,0.0,0.0,0.0,0.0,0.0,0.0,0.0,0.0,0.0,0.0,0.0
0.0,パンケーキ,"

ホットケーキミックスでもっちりパンケーキ


",0.0,0.0,0.0,0.0,0.0,0.0,0.0,0.0,0.0,0.0,0.0,0.0,0.0,0.0,0.0,0.0,0.0,0.0,0.0,0.0,0.0,0.0,0.0,0.0,0.0,0.0,0.0,0.0,1.0,0.0,0.0,0.0,0.0,0.0,0.0,0.0,0.0,0.0,0.0,0.0,0.0,0.0,0.0,0.0,0.0,0.0,0.0,0.0
0.0,パンケーキ,"

可愛いサイズのパンケーキ！


",0.0,0.0,0.0,0.0,0.0,0.0,0.0,0.0,0.0,0.0,0.0,0.0,0.0,0.0,0.0,0.0,0.0,0.0,0.0,0.6847587823867798,0.0,0.0,0.0,0.0,0.0,0.0,0.0,0.7287697792053223,0.0,0.0,0.0,0.0,0.0,0.0,0.0,0.0,0.0,0.0,0.0,0.0,0.0,0.0,0.0,0.0,0.0,0.0,0.0,0.0
0.0,パンケーキ,"

プロテインパンケーキ


",0.0,0.0,0.3945079445838928,0.0,0.0,0.0,0.0,0.0,0.0,0.0,0.0,0.0,0.0,0.0,0.0,0.0,0.0,0.0,0.0,0.0,0.0,0.0,0.0,0.0,0.0,0.0,0.6476778984069824,0.0,0.0,0.0,0.0,0.0,0.0,0.0,0.0,0.6518257260322571,0.0,0.0,0.0,0.0,0.0,0.0,0.0,0.0,0.0,0.0,0.0,0.0
0.0,パンケーキ,"

サーターアンダギーミックスでパンケーキ


",0.0,0.0,0.0,0.0,0.0,0.0,0.0,0.0,0.0,0.0,0.0,0.0,0.0,0.0,0.7319525480270386,0.0,0.0,0.0,0.0,0.0,0.0,0.0,0.0,0.3788674473762512,0.0,0.0,0.0,0.0,0.0,0.0,0.0,0.5663080811500549,0.0,0.0,0.0,0.0,0.0,0.0,0.0,0.0,0.0,0.0,0.0,0.0,0.0,0.0,0.0,0.0
0.0,パンケーキ,"

ふわっもち米粉とお豆腐パンケーキ


",0.0,0.0,0.17489662766456604,0.0,0.0,0.0,0.2871341109275818,0.0,0.2094041407108307,0.0,0.0,0.0,0.13442862033843994,0.0,0.2818152606487274,0.0,0.0,0.17146459221839905,0.36690935492515564,0.0,0.45303359627723694,0.0,0.25747647881507874,0.14587096869945526,0.0,0.0,0.0,0.0,0.0,0.0,0.0,0.21803906559944153,0.0,0.0,0.0,0.0,0.0,0.0,0.0,0.0,0.0,0.0,0.0,0.3166568875312805,0.3754691183567047,0.0,0.0,0.0
0.0,パンケーキ,"

我が家の週末パンケーキ


",0.0,0.0,0.0,0.0,0.0,0.0,0.0,0.0,0.0,0.0,0.0,0.5138965249061584,0.0,0.0,0.0,0.0,0.0,0.0,0.0,0.0,0.0,0.8578521609306335,0.0,0.0,0.0,0.0,0.0,0.0,0.0,0.0,0.0,0.0,0.0,0.0,0.0,0.0,0.0,0.0,0.0,0.0,0.0,0.0,0.0,0.0,0.0,0.0,0.0,0.0
0.0,パンケーキ,"

ヨーグルトパンケーキ


",0.0,0.0,0.0,0.0,0.0,0.0,0.0,0.0,0.5288848280906677,0.0,0.0,0.486736536026001,0.33952170610427856,0.6067070364952087,0.0,0.0,0.0,0.0,0.0,0.0,0.0,0.0,0.0,0.0,0.0,0.0,0.0,0.0,0.0,0.0,0.0,0.0,0.0,0.0,0.0,0.0,0.0,0.0,0.0,0.0,0.0,0.0,0.0,0.0,0.0,0.0,0.0,0.0
0.0,パンケーキ,"

グルテンフリーもちもち！米粉のパンケーキ


",0.0,0.0,0.34736183285713196,0.549690842628479,0.0,0.0,0.0,0.0,0.0,0.0,0.0,0.0,0.2669883966445923,0.0,0.0,0.0,0.0,0.3405454754829407,0.0,0.0,0.4498845338821411,0.0,0.0,0.0,0.0,0.0,0.0,0.0,0.0,0.0,0.0,0.43304693698883057,0.0,0.0,0.0,0.0,0.0,0.0,0.0,0.0,0.0,0.0,0.0,0.0,0.0,0.0,0.0,0.0
0.0,パンケーキ,"

グルテンフリー☆米粉のパンケーキ


",0.0,0.0,0.0,0.0,0.0,0.0,0.0,0.0,0.0,0.0,0.0,0.0,0.4277154803276062,0.0,0.0,0.0,0.0,0.545553982257843,0.0,0.0,0.7207151651382446,0.0,0.0,0.0,0.0,0.0,0.0,0.0,0.0,0.0,0.0,0.0,0.0,0.0,0.0,0.0,0.0,0.0,0.0,0.0,0.0,0.0,0.0,0.0,0.0,0.0,0.0,0.0
0.0,パンケーキ,"

シナモンパンケーキ


",0.0,0.0,0.0,0.0,0.0,0.0,0.0,0.0,0.41266846656799316,0.0,0.0,0.3797818124294281,0.0,0.0,0.0,0.7764241099357605,0.0,0.0,0.0,0.0,0.0,0.0,0.0,0.2874649167060852,0.0,0.0,0.0,0.0,0.0,0.0,0.0,0.0,0.0,0.0,0.0,0.0,0.0,0.0,0.0,0.0,0.0,0.0,0.0,0.0,0.0,0.0,0.0,0.0
0.0,パンケーキ,"

どんどん混ぜるだけパンケーキ


",0.0,0.0,0.3273719549179077,0.5180574059486389,0.0,0.0,0.0,0.0,0.0,0.0,0.0,0.0,0.25162380933761597,0.0,0.0,0.0,0.0,0.0,0.0,0.0,0.0,0.0,0.0,0.0,0.0,0.628142237663269,0.0,0.0,0.0,0.0,0.0,0.4081260859966278,0.0,0.0,0.0,0.0,0.0,0.0,0.0,0.0,0.0,0.0,0.0,0.0,0.0,0.0,0.0,0.0
0.0,パンケーキ,"

一人分　ココアパンケーキ


",0.0,0.7692312002182007,0.0,0.0,0.0,0.0,0.0,0.0,0.0,0.0,0.0,0.0,0.6389705538749695,0.0,0.0,0.0,0.0,0.0,0.0,0.0,0.0,0.0,0.0,0.0,0.0,0.0,0.0,0.0,0.0,0.0,0.0,0.0,0.0,0.0,0.0,0.0,0.0,0.0,0.0,0.0,0.0,0.0,0.0,0.0,0.0,0.0,0.0,0.0
0.0,パンケーキ,"

調整ココア　パンケーキ


",0.0,0.4035598337650299,0.0,0.0,0.0,0.0,0.0,0.0,0.0,0.0,0.0,0.0,0.0,0.0,0.0,0.0,0.0,0.0,0.9149532318115234,0.0,0.0,0.0,0.0,0.0,0.0,0.0,0.0,0.0,0.0,0.0,0.0,0.0,0.0,0.0,0.0,0.0,0.0,0.0,0.0,0.0,0.0,0.0,0.0,0.0,0.0,0.0,0.0,0.0
0.0,パンケーキ,"

Bestレモンリコッタパンケーキ


",0.0,0.18406637012958527,0.0,0.0,0.0,0.0,0.0,0.0,0.23817265033721924,0.0,0.0,0.2191920429468155,0.15289679169654846,0.0,0.0,0.22405758500099182,0.400068461894989,0.0,0.0,0.0,0.0,0.0,0.0,0.0,0.0,0.0,0.0,0.0,0.0,0.0,0.0,0.0,0.7922841906547546,0.0,0.0,0.0,0.0,0.0,0.0,0.0,0.0,0.0,0.0,0.0,0.0,0.0,0.0,0.0
0.0,パンケーキ,"

HMで簡単！ふわふわスフレパンケーキ


",0.0,0.0,0.0,0.0,0.0,0.8152824640274048,0.0,0.0,0.0,0.0,0.0,0.0,0.0,0.4713135361671448,0.0,0.0,0.0,0.3364195227622986,0.0,0.0,0.0,0.0,0.0,0.0,0.0,0.0,0.0,0.0,0.0,0.0,0.0,0.0,0.0,0.0,0.0,0.0,0.0,0.0,0.0,0.0,0.0,0.0,0.0,0.0,0.0,0.0,0.0,0.0
0.0,パンケーキ,"

ふわふわ米粉のパンケーキ！お店超え！！


",0.0,0.0,0.0,0.0,0.0,0.0,0.0,0.0,0.0,0.0,0.0,0.0,0.4277154803276062,0.0,0.0,0.0,0.0,0.545553982257843,0.0,0.0,0.7207151651382446,0.0,0.0,0.0,0.0,0.0,0.0,0.0,0.0,0.0,0.0,0.0,0.0,0.0,0.0,0.0,0.0,0.0,0.0,0.0,0.0,0.0,0.0,0.0,0.0,0.0,0.0,0.0
0.0,パンケーキ,"

砂糖小麦粉牛乳なし♪ダイエットパンケーキ


",0.0,0.0,0.0,0.0,0.0,0.0,0.0,0.0,0.0,0.0,0.0,0.0,0.0,0.0,0.0,0.0,0.0,0.0,0.0,0.5023882389068604,0.0,0.0,0.0,0.0,0.0,0.0,0.0,0.0,0.0,0.0,0.0,0.0,0.0,0.0,0.8646421432495117,0.0,0.0,0.0,0.0,0.0,0.0,0.0,0.0,0.0,0.0,0.0,0.0,0.0
0.0,パンケーキ,"

私の幸せパンケーキ


",0.0,0.17530569434165955,0.0,0.0,0.0,0.0,0.0,0.299809992313385,0.4536735713481903,0.754575252532959,0.2880507707595825,0.0,0.14561964571475983,0.0,0.0,0.0,0.0,0.0,0.0,0.0,0.0,0.0,0.0,0.0,0.0,0.0,0.0,0.0,0.0,0.0,0.0,0.0,0.0,0.0,0.0,0.0,0.0,0.0,0.0,0.0,0.0,0.0,0.0,0.0,0.0,0.0,0.0,0.0
0.0,パンケーキ,"

グルテンフリースフレパンケーキ


",0.0,0.0,0.0,0.0,0.0,0.0,0.3675905466079712,0.3543214201927185,0.0,0.0,0.0,0.0,0.0,0.0,0.0,0.0,0.0,0.21950984001159668,0.0,0.0,0.2899879515171051,0.0,0.0,0.0,0.0,0.0,0.3675905466079712,0.3046642541885376,0.0,0.0,0.0,0.27913472056388855,0.0,0.0,0.0,0.36994463205337524,0.0,0.0,0.0,0.0,0.0,0.0,0.0,0.4053857624530792,0.0,0.0,0.0,0.0
0.0,パンケーキ,"

ダイエット中でもok！簡単パンケーキ！


",0.0,0.0,0.0,0.0,0.0,0.0,0.0,0.0,0.0,0.0,0.0,0.0,0.0,0.0,0.0,0.0,0.0,0.0,0.0,0.5023882389068604,0.0,0.0,0.0,0.0,0.0,0.0,0.0,0.0,0.0,0.0,0.0,0.0,0.0,0.0,0.8646421432495117,0.0,0.0,0.0,0.0,0.0,0.0,0.0,0.0,0.0,0.0,0.0,0.0,0.0
0.0,パンケーキ,"

おうちカフェ★おしゃれ人参ＨＭパンケーキ


",0.0,0.0,0.0,0.0,0.0,0.0,0.0,0.0,0.0,0.0,0.0,0.0,0.0,0.0,0.0,0.0,0.0,0.0,0.0,0.0,0.0,1.0,0.0,0.0,0.0,0.0,0.0,0.0,0.0,0.0,0.0,0.0,0.0,0.0,0.0,0.0,0.0,0.0,0.0,0.0,0.0,0.0,0.0,0.0,0.0,0.0,0.0,0.0
0.0,パンケーキ,"

野菜ジュースパンケーキ


",0.0,0.0,0.0,0.5986735820770264,0.0,0.0,0.0,0.0,0.0,0.0,0.0,0.0,0.0,0.5196074843406677,0.6095883846282959,0.0,0.0,0.0,0.0,0.0,0.0,0.0,0.0,0.0,0.0,0.0,0.0,0.0,0.0,0.0,0.0,0.0,0.0,0.0,0.0,0.0,0.0,0.0,0.0,0.0,0.0,0.0,0.0,0.0,0.0,0.0,0.0,0.0
0.0,パンケーキ,"

家族に大人気！絶品バナナパンケーキ


",0.0,0.3663560450077057,0.0,0.0,0.0,0.47033461928367615,0.0,0.0,0.0,0.0,0.0,0.0,0.30431774258613586,0.5437994599342346,0.0,0.0,0.0,0.0,0.0,0.5062029957771301,0.0,0.0,0.0,0.0,0.0,0.0,0.0,0.0,0.0,0.0,0.0,0.0,0.0,0.0,0.0,0.0,0.0,0.0,0.0,0.0,0.0,0.0,0.0,0.0,0.0,0.0,0.0,0.0
0.0,パンケーキ,"

プロテイン パンケーキ


",0.0,0.0,0.0,0.0,0.0,0.0,0.0,0.0,0.0,0.0,0.32122209668159485,0.0,0.0,0.0,0.0,0.0,0.0,0.0,0.0,0.2701181471347809,0.0,0.0,0.0,0.0,0.0,0.0,0.34685611724853516,0.0,0.0,0.0,0.0,0.0,0.0,0.0,0.4648905396461487,0.698154866695404,0.0,0.0,0.0,0.0,0.0,0.0,0.0,0.0,0.0,0.0,0.0,0.0
0.0,パンケーキ,"

米粉 パンケーキ


",0.0,0.0,0.0,0.0,0.0,0.0,0.0,0.0,0.0,0.0,0.0,0.0,0.30502957105636597,0.0,0.0,0.4469955563545227,0.0,0.38906723260879517,0.0,0.0,0.5139852166175842,0.0,0.0,0.0,0.0,0.0,0.0,0.5399979948997498,0.0,0.0,0.0,0.0,0.0,0.0,0.0,0.0,0.0,0.0,0.0,0.0,0.0,0.0,0.0,0.0,0.0,0.0,0.0,0.0
0.0,パンケーキ,"

朝食にオススメ☆簡単！強力粉パンケーキ


",0.0,0.0,0.0,0.0,0.0,0.0,0.0,0.0,0.0,0.0,0.0,0.0,0.23693779110908508,0.0,0.0,0.0,0.0,0.0,0.0,0.0,0.0,0.0,0.0,0.0,0.0,0.5914806723594666,0.0,0.0,0.0,0.5812782645225525,0.5060895681381226,0.0,0.0,0.0,0.0,0.0,0.0,0.0,0.0,0.0,0.0,0.0,0.0,0.0,0.0,0.0,0.0,0.0
0.0,パンケーキ,"

HM不使用パンケーキ


",0.0,0.2779919505119324,0.0,0.0,0.0,0.0,0.0,0.47542527318000793,0.0,0.0,0.45677807927131653,0.0,0.0,0.0,0.0,0.0,0.0,0.0,0.0,0.0,0.0,0.0,0.0,0.0,0.0,0.0,0.0,0.4087957441806793,0.0,0.5665078163146973,0.0,0.0,0.0,0.0,0.0,0.0,0.0,0.0,0.0,0.0,0.0,0.0,0.0,0.0,0.0,0.0,0.0,0.0
0.0,パンケーキ,"

ローカーボ　ふんわりパンケーキ


",0.0,0.0,0.0,0.0,0.0,0.0,0.0,0.0,0.0,0.0,0.0,0.0,0.22588132321834564,0.0,0.0,0.3310103714466095,0.0,0.5762262344360352,0.0,0.0,0.0,0.0,0.0,0.0,0.0,0.0,0.4824734032154083,0.0,0.0,0.0,0.0,0.0,0.0,0.0,0.0,0.0,0.0,0.0,0.0,0.5240157246589661,0.0,0.0,0.0,0.0,0.0,0.0,0.0,0.0
0.0,パンケーキ,"

おこめのミックス粉　やさいパンケーキ 


",0.0,0.0,0.5333553552627563,0.0,0.0,0.0,0.0,0.0,0.0,0.0,0.0,0.0,0.0,0.0,0.0,0.0,0.0,0.5228891968727112,0.0,0.0,0.0,0.0,0.0,0.0,0.0,0.0,0.0,0.0,0.0,0.0,0.0,0.6649202108383179,0.0,0.0,0.0,0.0,0.0,0.0,0.0,0.0,0.0,0.0,0.0,0.0,0.0,0.0,0.0,0.0
0.0,パンケーキ,"

ふわふわHMで簡単スフレパンケーキ


",0.0,0.0,0.0,0.0,0.0,0.0,0.0,0.7211070656776428,0.0,0.0,0.6928236484527588,0.0,0.0,0.0,0.0,0.0,0.0,0.0,0.0,0.0,0.0,0.0,0.0,0.0,0.0,0.0,0.0,0.0,0.0,0.0,0.0,0.0,0.0,0.0,0.0,0.0,0.0,0.0,0.0,0.0,0.0,0.0,0.0,0.0,0.0,0.0,0.0,0.0
0.0,パンケーキ,"

おからパウダー＊ふわふわお豆腐パンケーキ


",0.0,0.0,0.0,0.0,0.0,0.0,0.0,0.0,0.0,0.0,0.0,0.0,0.0,0.32254722714424133,0.0,0.0,0.0,0.0,0.0,0.0,0.0,0.0,0.345722496509552,0.0,0.0,0.0,0.3855448365211487,0.0,0.0,0.0,0.0,0.0,0.0,0.0,0.0,0.38801389932632446,0.0,0.0,0.0,0.0,0.0,0.0,0.47229981422424316,0.0,0.5041552782058716,0.0,0.0,0.0
0.0,パンケーキ,"

米粉と全粒粉のもっちりパンケーキ


",0.0,0.0,0.4862559139728546,0.0,0.0,0.0,0.0,0.0,0.0,0.0,0.0,0.0,0.37374481558799744,0.0,0.0,0.0,0.0,0.47671401500701904,0.0,0.0,0.6297727823257446,0.0,0.0,0.0,0.0,0.0,0.0,0.0,0.0,0.0,0.0,0.0,0.0,0.0,0.0,0.0,0.0,0.0,0.0,0.0,0.0,0.0,0.0,0.0,0.0,0.0,0.0,0.0
0.0,パンケーキ,"

米粉のスフレパンケーキ


",0.0,0.0,0.0,0.0,0.0,0.0,0.39588144421577454,0.3815910816192627,0.0,0.0,0.36662426590919495,0.0,0.1853412538766861,0.0,0.0,0.0,0.0,0.23640400171279907,0.0,0.0,0.31230631470680237,0.0,0.0,0.0,0.0,0.0,0.0,0.0,0.0,0.0,0.0,0.0,0.0,0.0,0.0,0.0,0.0,0.0,0.0,0.4299679398536682,0.0,0.0,0.0,0.4365854859352112,0.0,0.0,0.0,0.0
0.0,パンケーキ,"

レンジて簡単パンケーキ


",0.0,0.0,0.0,0.0,0.0,0.0,0.0,0.0,0.0,0.0,0.0,0.0,0.0,0.0,0.0,0.0,0.0,0.0,0.0,0.0,0.0,0.0,0.0,0.0,0.0,0.0,0.0,0.0,0.0,0.0,0.0,1.0,0.0,0.0,0.0,0.0,0.0,0.0,0.0,0.0,0.0,0.0,0.0,0.0,0.0,0.0,0.0,0.0
0.0,パンケーキ,"

くまちゃんパンケーキでレーズンウィッチ風


",0.0,0.48930540680885315,0.0,0.0,0.0,0.0,0.0,0.0,0.6331366896629333,0.0,0.0,0.0,0.40644699335098267,0.0,0.0,0.0,0.0,0.0,0.0,0.0,0.0,0.0,0.0,0.44104310870170593,0.0,0.0,0.0,0.0,0.0,0.0,0.0,0.0,0.0,0.0,0.0,0.0,0.0,0.0,0.0,0.0,0.0,0.0,0.0,0.0,0.0,0.0,0.0,0.0
0.0,パンケーキ,"

ふわもちしっとり～米粉のバナナパンケーキ


",0.0,0.0,0.0,0.0,0.5319736003875732,0.3622947037220001,0.0,0.0,0.36515381932258606,0.0,0.0,0.0,0.23441334068775177,0.0,0.0,0.0,0.0,0.2989957928657532,0.0,0.3899238407611847,0.39499446749687195,0.0,0.0,0.0,0.0,0.0,0.0,0.0,0.0,0.0,0.0,0.0,0.0,0.0,0.0,0.0,0.0,0.0,0.0,0.0,0.0,0.0,0.0,0.0,0.0,0.0,0.0,0.0
0.0,パンケーキ,"

もちもち☆ベーコンエッグの豆腐パンケーキ


",0.0,0.0,0.0,0.0,0.0,0.0,0.0,0.0,0.0,0.0,0.0,0.0,0.0,0.0,0.0,0.0,0.0,0.0,0.0,0.0,0.0,0.0,1.0,0.0,0.0,0.0,0.0,0.0,0.0,0.0,0.0,0.0,0.0,0.0,0.0,0.0,0.0,0.0,0.0,0.0,0.0,0.0,0.0,0.0,0.0,0.0,0.0,0.0
0.0,パンケーキ,"

野菜パウダー（人参）入りパンケーキ


",0.0,0.0,0.0,0.0,0.0,0.0,0.0,0.0,0.0,0.0,0.0,0.0,0.0,0.0,0.0,0.0,0.0,0.0,0.0,0.0,0.0,0.0,0.0,0.0,0.0,0.0,0.0,0.0,0.0,0.0,0.0,0.0,0.0,0.0,0.0,1.0,0.0,0.0,0.0,0.0,0.0,0.0,0.0,0.0,0.0,0.0,0.0,0.0
0.0,パンケーキ,"

自家製酵母で作るパンケーキ


",0.0,0.25847864151000977,0.0,0.0,0.4872550070285797,0.0,0.0,0.0,0.0,0.0,0.0,0.0,0.0,0.0,0.0,0.0,0.0,0.0,0.0,0.0,0.0,0.5138208866119385,0.0,0.0,0.0,0.5359876751899719,0.0,0.3801007866859436,0.0,0.0,0.0,0.0,0.0,0.0,0.0,0.0,0.0,0.0,0.0,0.0,0.0,0.0,0.0,0.0,0.0,0.0,0.0,0.0
0.0,パンケーキ,"

罪悪感なしおから胡麻きな粉パンケーキ


",0.0,0.0,0.21487607061862946,0.0,0.0,0.0,0.0,0.0,0.0,0.0,0.0,0.0,0.0,0.0,0.0,0.0,0.0,0.21065950393676758,0.0,0.0,0.0,0.0,0.0,0.1792154461145401,0.367005318403244,0.0,0.35276979207992554,0.29238060116767883,0.0,0.0,0.0,0.0,0.0,0.0,0.0,0.3550289571285248,0.4279085397720337,0.0,0.0,0.0,0.0,0.4728166162967682,0.0,0.0,0.0,0.0,0.0,0.0
0.0,パンケーキ,"

薬膳高野豆腐ヘルシーパンケーキ風


",0.0,0.0,0.0,0.0,0.0,0.0,0.0,0.0,0.0,0.0,0.0,0.0,0.0,0.0,0.0,0.0,0.0,0.0,0.0,0.0,0.0,0.0,0.5191279053688049,0.0,0.0,0.0,0.0,0.0,0.0,0.0,0.5789241194725037,0.0,0.0,0.0,0.0,0.0,0.0,0.0,0.0,0.6287710666656494,0.0,0.0,0.0,0.0,0.0,0.0,0.0,0.0
0.0,パンケーキ,"

バナナバターミルクパンケーキ


",0.40042731165885925,0.19815948605537415,0.0,0.0,0.0,0.0,0.0,0.0,0.2564084529876709,0.0,0.0,0.23597456514835358,0.16460339725017548,0.0,0.0,0.4824253022670746,0.0,0.0,0.0,0.2738017737865448,0.0,0.0,0.0,0.3572283387184143,0.0,0.0,0.0,0.0,0.0,0.0,0.0,0.0,0.0,0.0,0.0,0.0,0.0,0.4653531610965729,0.0,0.0,0.0,0.0,0.0,0.0,0.0,0.0,0.0,0.0
0.0,パンケーキ,"

卵別立て！一手間フワフワパンケーキ！


",0.0,0.0,0.0,0.0,0.0,0.0,0.0,0.49512428045272827,0.3746119439601898,0.623075544834137,0.4757044315338135,0.0,0.0,0.0,0.0,0.0,0.0,0.0,0.0,0.0,0.0,0.0,0.0,0.0,0.0,0.0,0.0,0.0,0.0,0.0,0.0,0.0,0.0,0.0,0.0,0.0,0.0,0.0,0.0,0.0,0.0,0.0,0.0,0.0,0.0,0.0,0.0,0.0
0.0,パンケーキ,"

スキレットで豆乳パンケーキ


",0.0,0.3546851575374603,0.3833157420158386,0.0,0.0,0.0,0.0,0.0,0.45894482731819153,0.0,0.0,0.0,0.2946231961250305,0.0,0.0,0.4317459166049957,0.0,0.37579384446144104,0.0,0.0,0.0,0.0,0.0,0.31970104575157166,0.0,0.0,0.0,0.0,0.0,0.0,0.0,0.0,0.0,0.0,0.0,0.0,0.0,0.0,0.0,0.0,0.0,0.0,0.0,0.0,0.0,0.0,0.0,0.0
0.0,パンケーキ,"

フワフワパンケーキ


",0.0,0.0,0.0,0.0,0.0,0.0,0.0,0.0,0.0,0.0,0.0,0.0,0.0,0.37160107493400574,0.0,0.0,0.0,0.0,0.0,0.0,0.0,0.0,0.0,0.0,0.0,0.0,0.0,0.0,0.0,0.0,0.0,0.0,0.0,0.0,0.0,0.0,0.5387882590293884,0.0,0.5496628880500793,0.0,0.0,0.0,0.0,0.0,0.0,0.0,0.0,0.5191247463226318
0.0,パンケーキ,"

ヴィーガン　全粒粉で作るパンケーキ


",0.0,0.0,0.3639245331287384,0.0,0.634788990020752,0.0,0.0,0.0,0.0,0.0,0.0,0.0,0.2797187864780426,0.0,0.0,0.0,0.0,0.0,0.0,0.0,0.0,0.0,0.0,0.0,0.6215780377388,0.0,0.0,0.0,0.0,0.0,0.0,0.0,0.0,0.0,0.0,0.0,0.0,0.0,0.0,0.0,0.0,0.0,0.0,0.0,0.0,0.0,0.0,0.0
0.0,パンケーキ,"

ストロベリースフレパンケーキ


",0.0,0.0,0.0,0.0,0.0,0.0,0.0,0.0,0.7294802665710449,0.40443745255470276,0.3087790608406067,0.0,0.0,0.2789396345615387,0.0,0.0,0.0,0.0,0.0,0.0,0.0,0.0,0.0,0.0,0.0,0.0,0.0,0.0,0.0,0.0,0.0,0.0,0.0,0.0,0.0,0.0,0.0,0.0,0.0,0.36212852597236633,0.0,0.0,0.0,0.0,0.0,0.0,0.0,0.0
0.0,パンケーキ,"

HMと白玉粉で簡単！もちもちパンケーキ


",0.0,0.0,0.0,0.0,0.0,0.0,0.0,0.0,0.0,0.0,0.0,0.0,0.0,0.0,0.0,0.0,0.0,0.0,0.0,0.0,0.0,0.0,0.0,0.0,0.0,0.0,0.0,0.0,0.0,0.0,0.0,0.0,0.0,0.0,0.0,0.0,0.0,0.0,0.0,0.0,0.0,0.0,0.0,0.0,0.0,0.0,0.0,0.0
0.0,パンケーキ,"

米粉のバナナ甘酒パンケーキ


",0.0,0.0,0.0,0.0,0.0,0.0,0.0,0.0,0.0,0.0,0.0,0.0,0.0,0.0,0.0,0.0,0.371975302696228,0.18132634460926056,0.0,0.23646977543830872,0.47908973693847656,0.0,0.0,0.3085213899612427,0.31590187549591064,0.0,0.0,0.0,0.0,0.0,0.0,0.4611590802669525,0.3683246672153473,0.0,0.0,0.0,0.0,0.0,0.0,0.0,0.0,0.0,0.0,0.0,0.0,0.0,0.0,0.0
0.0,パンケーキ,"

ビスケットでパンケーキ♪


",0.0,0.0,0.0,0.0,0.0,0.0,0.0,0.0,0.3062978982925415,0.0,0.0,0.0,0.0,0.7027356028556824,0.0,0.0,0.0,0.0,0.0,0.0,0.0,0.4705585539340973,0.0,0.0,0.4369427263736725,0.0,0.0,0.0,0.0,0.0,0.0,0.0,0.0,0.0,0.0,0.0,0.0,0.0,0.0,0.0,0.0,0.0,0.0,0.0,0.0,0.0,0.0,0.0
0.0,パンケーキ,"

おうちdeカフェいちごのパンケーキ


",0.0,0.0,0.0,0.0,0.0,0.0,0.4701550006866455,0.0,0.0,0.0,0.0,0.31555452942848206,0.0,0.0,0.0,0.0,0.5759488940238953,0.2807570993900299,0.0,0.0,0.0,0.0,0.0,0.0,0.0,0.0,0.0,0.0,0.0,0.0,0.0,0.0,0.0,0.0,0.0,0.0,0.0,0.0,0.0,0.0,0.0,0.0,0.0,0.5184957981109619,0.0,0.0,0.0,0.0
0.0,パンケーキ,"

ダイエットスイーツ！黒蜜米ぬかパンケーキ


",0.0,0.0,0.0,0.0,0.8265269994735718,0.5628970265388489,0.0,0.0,0.0,0.0,0.0,0.0,0.0,0.0,0.0,0.0,0.0,0.0,0.0,0.0,0.0,0.0,0.0,0.0,0.0,0.0,0.0,0.0,0.0,0.0,0.0,0.0,0.0,0.0,0.0,0.0,0.0,0.0,0.0,0.0,0.0,0.0,0.0,0.0,0.0,0.0,0.0,0.0
0.0,パンケーキ,"

簡単！スフレ風ケーキパンケーキケーキ


",0.0,0.0,0.0,0.0,0.0,0.0,0.0,0.0,0.0,0.0,0.0,0.0,0.0,0.0,0.0,0.0,0.0,0.0,0.0,0.0,0.0,0.0,0.0,0.0,0.0,0.0,0.0,0.0,0.0,0.0,0.0,0.0,0.0,0.0,0.0,0.0,0.0,0.0,0.0,0.0,0.0,0.0,0.0,0.0,0.0,0.0,0.0,0.0
0.0,パンケーキ,"

スフレパンケーキをホットケーキミックスで


",0.0,0.0,0.0,0.0,0.0,0.0,0.0,0.7211070656776428,0.0,0.0,0.6928236484527588,0.0,0.0,0.0,0.0,0.0,0.0,0.0,0.0,0.0,0.0,0.0,0.0,0.0,0.0,0.0,0.0,0.0,0.0,0.0,0.0,0.0,0.0,0.0,0.0,0.0,0.0,0.0,0.0,0.0,0.0,0.0,0.0,0.0,0.0,0.0,0.0,0.0
0.0,パンケーキ,"

お豆腐パンケーキ


",0.0,0.0,0.0,0.0,0.0,0.0,0.0,0.0,0.0,0.0,0.0,0.0,0.0,0.0,0.0,0.0,0.0,0.0,0.0,0.0,0.0,0.0,0.5655462145805359,0.0,0.0,0.0,0.0,0.0,0.0,0.0,0.0,0.0,0.0,0.0,0.0,0.0,0.0,0.0,0.0,0.0,0.0,0.0,0.0,0.0,0.8247166275978088,0.0,0.0,0.0
0.0,パンケーキ,"

パンケーキ


",0.0,0.0,0.0,0.0,0.0,0.0,0.0,0.0,0.0,0.0,0.0,0.0,0.0,0.0,0.0,0.0,0.0,0.0,0.0,0.0,0.0,0.0,0.0,0.0,0.0,0.0,0.0,0.0,0.0,0.0,0.0,0.544832170009613,0.0,0.0,0.0,0.0,0.0,0.0,0.0,0.0,0.0,0.0,0.0,0.0,0.0,0.0,0.0,0.8385450839996338
0.0,パンケーキ,"

ベーキングパウダー不要フワフワパンケーキ


",0.0,0.267220139503479,0.28879043459892273,0.0,0.0,0.3430621027946472,0.0,0.4570032060146332,0.0,0.0,0.43907853960990906,0.0,0.0,0.0,0.0,0.32527777552604675,0.0,0.2831234633922577,0.0,0.0,0.37402600049972534,0.0,0.0,0.0,0.0,0.0,0.0,0.0,0.0,0.0,0.0,0.0,0.0,0.0,0.0,0.0,0.0,0.0,0.0,0.0,0.0,0.0,0.0,0.0,0.0,0.0,0.0,0.0
0.0,パンケーキ,"

《強力粉消費》パンケーキ


",0.0,0.0,0.4355100393295288,0.0,0.0,0.0,0.0,0.0,0.0,0.0,0.0,0.0,0.33474063873291016,0.0,0.0,0.0,0.0,0.0,0.0,0.0,0.0,0.0,0.0,0.0,0.0,0.8356313109397888,0.0,0.0,0.0,0.0,0.0,0.0,0.0,0.0,0.0,0.0,0.0,0.0,0.0,0.0,0.0,0.0,0.0,0.0,0.0,0.0,0.0,0.0
0.0,パンケーキ,"

簡単！？スフレパンケーキ


",0.0,0.0,0.0,0.0,0.0,0.0,0.0,0.340914249420166,0.0,0.0,0.32754284143447876,0.0,0.1655842512845993,0.0,0.0,0.24265000224113464,0.4332663416862488,0.0,0.0,0.0,0.0,0.0,0.0,0.0,0.0,0.4133569896221161,0.0,0.0,0.0,0.0,0.0,0.0,0.4290141761302948,0.0,0.0,0.0,0.0,0.0,0.0,0.3841342329978943,0.0,0.0,0.0,0.0,0.0,0.0,0.0,0.0
0.0,パンケーキ,"

軽～い食感簡単しっとりパンケーキ


",0.0,0.0,0.0,0.0,0.0,0.0,0.0,0.0,0.0,0.0,0.0,0.0,0.0,0.0,0.0,0.8036558032035828,0.0,0.0,0.0,0.0,0.0,0.0,0.0,0.5950944423675537,0.0,0.0,0.0,0.0,0.0,0.0,0.0,0.0,0.0,0.0,0.0,0.0,0.0,0.0,0.0,0.0,0.0,0.0,0.0,0.0,0.0,0.0,0.0,0.0
0.0,パンケーキ,"

米粉入りでもちもち！バナナ入りパンケーキ


",0.0,0.0,0.0,0.0,0.0,0.34183135628700256,0.0,0.0,0.0,0.0,0.0,0.3170725703239441,0.0,0.39522436261177063,0.4636657238006592,0.0,0.0,0.28210771083831787,0.0,0.36789992451667786,0.37268415093421936,0.0,0.0,0.2399989664554596,0.0,0.0,0.0,0.0,0.0,0.0,0.0,0.0,0.0,0.0,0.0,0.0,0.0,0.0,0.0,0.0,0.0,0.0,0.0,0.0,0.0,0.0,0.0,0.0
0.0,パンケーキ,"

ヨモギパンケーキ


",0.0,0.0,0.0,0.0,0.0,0.0,0.0,0.0,0.0,0.0,0.0,0.0,0.0,0.0,0.0,0.0,0.0,0.0,0.0,0.0,0.0,0.0,0.0,0.0,0.0,0.0,0.0,0.0,0.0,0.0,0.0,0.0,0.0,0.0,0.0,0.0,0.0,0.0,0.0,0.0,0.0,0.0,0.0,0.0,0.0,0.0,0.0,0.0
0.0,パンケーキ,"

材料３つ！バナナパンケーキ　離乳食


",0.7099867463111877,0.0,0.0,0.0,0.0,0.0,0.0,0.0,0.0,0.0,0.0,0.4184000790119171,0.29185381531715393,0.0,0.0,0.0,0.0,0.0,0.0,0.4854704439640045,0.0,0.0,0.0,0.0,0.0,0.0,0.0,0.0,0.0,0.0,0.0,0.0,0.0,0.0,0.0,0.0,0.0,0.0,0.0,0.0,0.0,0.0,0.0,0.0,0.0,0.0,0.0,0.0
0.0,パンケーキ,"

粉から作る簡単パンケーキ


",0.0,0.4213606119155884,0.0,0.0,0.0,0.5409504771232605,0.0,0.0,0.0,0.0,0.0,0.0,0.35000792145729065,0.0,0.0,0.5129076242446899,0.0,0.0,0.0,0.0,0.0,0.0,0.0,0.379800021648407,0.0,0.0,0.0,0.0,0.0,0.0,0.0,0.0,0.0,0.0,0.0,0.0,0.0,0.0,0.0,0.0,0.0,0.0,0.0,0.0,0.0,0.0,0.0,0.0
0.0,パンケーキ,"

フォローアップミルクのバナナパンケーキ


",0.0,0.0,0.0,0.0,0.0,0.0,0.0,0.0,0.0,0.0,0.0,0.41967782378196716,0.0,0.0,0.0,0.0,0.0,0.0,0.0,0.4869530200958252,0.0,0.0,0.0,0.0,0.0,0.0,0.0,0.0,0.0,0.0,0.0,0.0,0.0,0.0,0.0,0.0,0.0,0.0,0.0,0.0,0.0,0.0,0.7659943103790283,0.0,0.0,0.0,0.0,0.0
0.0,パンケーキ,"

m豆腐入り☆まるごとかぼちゃパンケーキ


",0.0,0.0,0.5618983507156372,0.0,0.0,0.0,0.0,0.0,0.0,0.0,0.0,0.0,0.0,0.0,0.0,0.0,0.0,0.0,0.0,0.0,0.0,0.0,0.8272063136100769,0.0,0.0,0.0,0.0,0.0,0.0,0.0,0.0,0.0,0.0,0.0,0.0,0.0,0.0,0.0,0.0,0.0,0.0,0.0,0.0,0.0,0.0,0.0,0.0,0.0
0.0,パンケーキ,"

しっとりもっちりパンケーキ


",0.0,0.0,0.0,0.0,0.0,0.0,0.0,0.0,0.0,0.0,0.0,0.4811058044433594,0.3355939984321594,0.5996884107589722,0.0,0.0,0.0,0.0,0.0,0.0,0.0,0.0,0.0,0.0,0.0,0.0,0.0,0.0,0.0,0.0,0.0,0.5443231463432312,0.0,0.0,0.0,0.0,0.0,0.0,0.0,0.0,0.0,0.0,0.0,0.0,0.0,0.0,0.0,0.0
0.0,パンケーキ,"

バナナパンケーキ 離乳食後期


",0.0,0.0,0.0,0.0,0.0,0.0,0.0,0.0,0.0,0.0,0.0,0.5418639779090881,0.3779756724834442,0.0,0.0,0.0,0.0,0.0,0.0,0.6287258267402649,0.0,0.0,0.0,0.41014835238456726,0.0,0.0,0.0,0.0,0.0,0.0,0.0,0.0,0.0,0.0,0.0,0.0,0.0,0.0,0.0,0.0,0.0,0.0,0.0,0.0,0.0,0.0,0.0,0.0
0.0,パンケーキ,"

たまごなしで、もっちりバナナパンケーキ


",0.0,0.0,0.0,0.5766946077346802,0.0,0.0,0.0,0.0,0.0,0.0,0.0,0.0,0.0,0.0,0.0,0.0,0.0,0.0,0.0,0.46592628955841064,0.0,0.0,0.0,0.303946316242218,0.0,0.0,0.0,0.0,0.0,0.0,0.5982914566993713,0.0,0.0,0.0,0.0,0.0,0.0,0.0,0.0,0.0,0.0,0.0,0.0,0.0,0.0,0.0,0.0,0.0
0.0,パンケーキ,"

ココア　パンケーキ　オヤツ


",0.0,0.0,0.0,0.0,0.0,0.0,0.0,0.0,0.0,0.0,0.0,0.0,0.0,0.0,0.0,0.0,0.0,0.0,0.0,0.0,0.0,0.0,0.0,0.0,0.0,0.0,0.0,0.0,0.0,0.0,0.0,0.0,0.0,0.0,0.0,1.0,0.0,0.0,0.0,0.0,0.0,0.0,0.0,0.0,0.0,0.0,0.0,0.0
0.0,パンケーキ,"

豆×３のパンケーキ～豆乳・豆腐・おから～


",0.0,0.0,0.20069898664951324,0.635201632976532,0.0,0.0,0.0,0.0,0.0,0.0,0.0,0.0,0.0,0.0,0.0,0.0,0.0,0.0,0.0,0.0,0.0,0.0,0.2954617738723755,0.0,0.0,0.0,0.32949477434158325,0.0,0.0,0.0,0.0,0.5004124045372009,0.0,0.0,0.0,0.33160489797592163,0.0,0.0,0.0,0.0,0.0,0.0,0.0,0.0,0.0,0.0,0.0,0.0
0.0,パンケーキ,"

もちもちふわふわパンケーキ


",0.0,0.0,0.0,0.0,0.0,0.0,0.0,0.0,0.0,0.0,0.0,0.0,0.0,0.0,0.0,0.0,0.0,0.0,0.0,0.0,0.0,0.0,0.0,0.0,0.0,0.0,0.0,0.0,0.0,0.0,0.0,0.0,0.0,0.0,0.0,0.0,0.0,0.0,0.0,0.0,0.0,0.0,0.0,0.0,0.0,0.0,0.0,0.0
0.0,パンケーキ,"

簡単に強力粉でパンケーキ


",0.0,0.0,0.33989834785461426,0.0,0.0,0.0,0.0,0.0,0.0,0.0,0.0,0.0,0.261251837015152,0.0,0.0,0.0,0.0,0.0,0.0,0.0,0.0,0.6252051591873169,0.0,0.0,0.0,0.6521772146224976,0.0,0.0,0.0,0.0,0.0,0.0,0.0,0.0,0.0,0.0,0.0,0.0,0.0,0.0,0.0,0.0,0.0,0.0,0.0,0.0,0.0,0.0
0.0,パンケーキ,"

ふわふわスフレパンケーキ　BP無し


",0.0,0.21455717086791992,0.0,0.0,0.0,0.0,0.3806799352169037,0.3669383227825165,0.2776262164115906,0.4617634415626526,0.35254621505737305,0.0,0.0,0.0,0.0,0.0,0.0,0.0,0.0,0.0,0.0,0.0,0.0,0.0,0.0,0.0,0.0,0.0,0.0,0.0,0.0,0.2890743315219879,0.0,0.0,0.0,0.0,0.0,0.0,0.0,0.0,0.0,0.0,0.0,0.41982099413871765,0.0,0.0,0.0,0.0
0.0,パンケーキ,"

【円卓飯】ラズベリーとナッツのパンケーキ


",0.0,0.0,0.0,0.0,0.0,0.0,0.0,0.0,0.0,0.0,0.0,0.3626694083213806,0.0,0.0,0.0,0.3707198202610016,0.0,0.0,0.0,0.0,0.0,0.0,0.0,0.5490244030952454,0.0,0.0,0.0,0.0,0.0,0.0,0.0,0.0,0.0,0.0,0.0,0.0,0.6554463505744934,0.0,0.0,0.0,0.0,0.0,0.0,0.0,0.0,0.0,0.0,0.0
0.0,パンケーキ,"

ミニミニお野菜パンケーキ4種☆幼児おやつ


",0.0,0.0,0.3605314791202545,0.0,0.0,0.0,0.0,0.0,0.0,0.0,0.0,0.0,0.0,0.0,0.0,0.0,0.0,0.0,0.0,0.0,0.0,0.0,0.0,0.0,0.0,0.0,0.0,0.49057307839393616,0.0,0.0,0.0,0.0,0.0,0.0,0.0,0.0,0.0,0.0,0.0,0.0,0.0,0.793319046497345,0.0,0.0,0.0,0.0,0.0,0.0
0.0,パンケーキ,"

懐かしい感じのパンケーキ


",0.0,0.4809862971305847,0.0,0.0,0.0,0.617499053478241,0.0,0.0,0.6223721504211426,0.0,0.0,0.0,0.0,0.0,0.0,0.0,0.0,0.0,0.0,0.0,0.0,0.0,0.0,0.0,0.0,0.0,0.0,0.0,0.0,0.0,0.0,0.0,0.0,0.0,0.0,0.0,0.0,0.0,0.0,0.0,0.0,0.0,0.0,0.0,0.0,0.0,0.0,0.0
0.0,パンケーキ,"

チョコ、メープルパンケーキ


",0.0,0.0,0.0,0.0,0.0,0.0,0.0,0.0,0.0,0.0,0.0,0.0,0.0,0.0,0.0,0.0,0.0,0.0,0.0,0.0,0.0,0.0,0.0,0.0,0.0,0.0,0.0,0.0,0.0,0.0,0.0,0.0,0.0,0.0,0.0,0.0,0.0,0.0,0.0,0.0,0.0,0.0,0.0,0.0,0.0,0.0,0.0,0.0
0.0,パンケーキ,"

HMで！フワッフワパンケーキ


",0.0,0.0,0.7679539322853088,0.0,0.0,0.0,0.0,0.0,0.0,0.0,0.0,0.0,0.0,0.0,0.0,0.0,0.0,0.0,0.0,0.0,0.0,0.0,0.0,0.6405050754547119,0.0,0.0,0.0,0.0,0.0,0.0,0.0,0.0,0.0,0.0,0.0,0.0,0.0,0.0,0.0,0.0,0.0,0.0,0.0,0.0,0.0,0.0,0.0,0.0
0.0,パンケーキ,"

お手軽 お食事パンケーキ


",0.0,0.0,0.0,0.0,0.0,0.0,0.0,0.0,0.0,0.0,0.0,0.8201759457588196,0.5721114277839661,0.0,0.0,0.0,0.0,0.0,0.0,0.0,0.0,0.0,0.0,0.0,0.0,0.0,0.0,0.0,0.0,0.0,0.0,0.0,0.0,0.0,0.0,0.0,0.0,0.0,0.0,0.0,0.0,0.0,0.0,0.0,0.0,0.0,0.0,0.0
0.0,パンケーキ,"

パンケーキピザ


",0.0,0.0,0.0,0.0,0.0,0.0,0.0,0.0,0.0,0.0,0.0,0.0,0.0,0.0,0.0,1.0,0.0,0.0,0.0,0.0,0.0,0.0,0.0,0.0,0.0,0.0,0.0,0.0,0.0,0.0,0.0,0.0,0.0,0.0,0.0,0.0,0.0,0.0,0.0,0.0,0.0,0.0,0.0,0.0,0.0,0.0,0.0,0.0
0.0,パンケーキ,"

ホットケーキミックスでスフレパンケーキ


",0.0,0.0,0.0,0.0,0.0,0.0,0.0,0.607739269733429,0.0,0.0,0.5839024186134338,0.0,0.0,0.0,0.0,0.4325661063194275,0.0,0.0,0.0,0.0,0.0,0.0,0.0,0.3203083872795105,0.0,0.0,0.0,0.0,0.0,0.0,0.0,0.0,0.0,0.0,0.0,0.0,0.0,0.0,0.0,0.0,0.0,0.0,0.0,0.0,0.0,0.0,0.0,0.0
0.0,パンケーキ,"

フルーツたっぷり☆ヨーグルトパンケーキ


",0.0,0.0,0.0,0.0,0.0,0.0,0.0,0.0,0.0,0.0,0.0,0.0,0.0,0.0,0.0,0.0,0.0,0.0,0.0,1.0,0.0,0.0,0.0,0.0,0.0,0.0,0.0,0.0,0.0,0.0,0.0,0.0,0.0,0.0,0.0,0.0,0.0,0.0,0.0,0.0,0.0,0.0,0.0,0.0,0.0,0.0,0.0,0.0
0.0,パンケーキ,"

ストックパンケーキ.*♪。


",0.0,0.0,0.0,0.0,0.0,0.0,0.0,0.0,0.0,0.0,0.0,0.0,0.0,0.0,0.0,0.0,0.0,0.0,0.0,0.0,0.0,0.0,0.0,0.0,0.0,0.0,0.0,0.0,0.0,0.0,0.0,0.0,0.0,0.0,0.0,0.0,0.0,0.0,0.0,0.0,0.0,1.0,0.0,0.0,0.0,0.0,0.0,0.0
0.0,パンケーキ,"

卵1つでシュワシュワパンケーキ3枚


",0.0,0.0,0.0,0.0,0.0,0.0,0.0,0.44713976979255676,0.0,0.0,0.4296019971370697,0.0,0.0,0.0,0.0,0.0,0.0,0.2770128548145294,0.0,0.0,0.0,0.0,0.0,0.47132912278175354,0.0,0.0,0.0,0.0,0.0,0.0,0.0,0.0,0.0,0.0,0.0,0.0,0.562690794467926,0.0,0.0,0.0,0.0,0.0,0.0,0.0,0.0,0.0,0.0,0.0
0.0,パンケーキ,"

バナナのキャラメリゼ風パンケーキ


",0.0,0.0,0.0,0.0,0.0,0.0,0.0,0.0,0.3276713788509369,0.0,0.0,0.0,0.0,0.0,0.0,0.0,0.0,0.5366086959838867,0.0,0.0,0.35444894433021545,0.0,0.0,0.0,0.0,0.0,0.0,0.0,0.0,0.0,0.0,0.3411831557750702,0.0,0.0,0.0,0.0,0.0,0.0,0.0,0.0,0.0,0.6021981239318848,0.0,0.0,0.0,0.0,0.0,0.0
0.0,パンケーキ,"

マックグリドル風パンケーキバーガー


",0.0,0.0,0.0,0.0,0.0,0.0,0.0,0.0,0.0,0.0,0.0,0.0,0.0,0.0,0.0,0.3655533790588379,0.0,0.0,0.0,0.0,0.0,0.59697026014328,0.0,0.0,0.0,0.0,0.0,0.0,0.0,0.0,0.0,0.0,0.0,0.0,0.0,0.0,0.0,0.0,0.0,0.0,0.0,0.7141408920288086,0.0,0.0,0.0,0.0,0.0,0.0
0.0,パンケーキ,"

野菜or果物入りパンケーキ


",0.0,0.0,0.0,0.0,0.45425525307655334,0.0,0.0,0.0,0.0,0.0,0.0,0.0,0.20016686618328094,0.35768741369247437,0.0,0.0,0.0,0.2553141713142395,0.0,0.0,0.6745759844779968,0.0,0.0,0.0,0.0,0.0,0.0,0.0,0.0,0.0,0.0,0.32466447353363037,0.0,0.0,0.0,0.0,0.0,0.0,0.0,0.0,0.0,0.0,0.0,0.0,0.0,0.0,0.0,0.0
0.0,パンケーキ,"

もちもち★米粉と紫いものパンケーキ


",0.324287086725235,0.0,0.1734340935945511,0.0,0.0,0.0,0.0,0.27445483207702637,0.41530606150627136,0.0,0.26369011402130127,0.0,0.0,0.0,0.0,0.0,0.0,0.17003075778484344,0.0,0.0,0.22462259232997894,0.0,0.0,0.0,0.0,0.0,0.0,0.0,0.0,0.0,0.0,0.0,0.0,0.6841459274291992,0.0,0.0,0.0,0.0,0.0,0.0,0.0,0.0,0.0,0.0,0.0,0.0,0.0,0.0
0.0,パンケーキ,"

ココアパンケーキ【手づかみ食べ】


",0.0,0.0,0.0,0.0,0.5593124628067017,0.0,0.0,0.0,0.0,0.0,0.0,0.0,0.0,0.0,0.0,0.0,0.0,0.314361572265625,0.0,0.0,0.41529378294944763,0.0,0.0,0.0,0.0,0.0,0.0,0.0,0.0,0.0,0.0,0.0,0.0,0.0,0.0,0.0,0.0,0.0,0.0,0.0,0.0,0.0,0.6448855996131897,0.0,0.0,0.0,0.0,0.0
0.0,パンケーキ,"

砂糖なし、お豆腐バナナパンケーキ


",0.0,0.0,0.0,0.0,0.0,0.0,0.0,0.0,0.0,0.0,0.0,0.0,0.24123960733413696,0.0,0.0,0.35351666808128357,0.0,0.3077027201652527,0.0,0.40127864480018616,0.40649694204330444,0.0,0.4620557725429535,0.0,0.0,0.0,0.0,0.427069753408432,0.0,0.0,0.0,0.0,0.0,0.0,0.0,0.0,0.0,0.0,0.0,0.0,0.0,0.0,0.0,0.0,0.0,0.0,0.0,0.0
0.0,パンケーキ,"

簡単ふわふわ(^^)スモアパンケーキ


",0.0,0.0,0.0,0.0,0.0,0.0,0.0,0.0,0.0,0.0,0.0,0.0,0.0,0.0,0.0,0.0,0.0,0.0,0.0,0.0,0.0,0.0,0.0,0.0,0.0,0.0,0.0,0.0,0.0,0.0,0.0,0.0,0.0,0.0,0.0,0.0,0.0,0.0,0.0,0.0,0.0,0.0,0.0,0.0,0.0,0.0,0.0,0.0
0.0,パンケーキ,"

味噌と豆乳のお絵かきパンケーキ


",0.0,0.0,0.6257097125053406,0.0,0.0,0.0,0.0,0.0,0.0,0.0,0.0,0.0,0.0,0.0,0.0,0.0,0.0,0.0,0.0,0.0,0.0,0.0,0.0,0.0,0.0,0.0,0.0,0.0,0.0,0.0,0.0,0.7800559997558594,0.0,0.0,0.0,0.0,0.0,0.0,0.0,0.0,0.0,0.0,0.0,0.0,0.0,0.0,0.0,0.0
0.0,パンケーキ,"

フライパンで作るふわふわスフレパンケーキ


",0.0,0.352239727973938,0.0,0.0,0.0,0.45221182703971863,0.0,0.602404773235321,0.455780565738678,0.0,0.0,0.0,0.0,0.0,0.0,0.0,0.0,0.0,0.0,0.0,0.0,0.0,0.0,0.31749680638313293,0.0,0.0,0.0,0.0,0.0,0.0,0.0,0.0,0.0,0.0,0.0,0.0,0.0,0.0,0.0,0.0,0.0,0.0,0.0,0.0,0.0,0.0,0.0,0.0
0.0,パンケーキ,"

簡単バナナ＆ヨーグルトdeパンケーキ


",0.0,0.0,0.0,0.0,0.0,0.0,0.0,0.0,0.0,0.0,0.0,0.0,0.0,0.0,0.0,0.0,0.0,0.0,0.0,0.0,0.0,0.0,0.0,0.0,0.0,0.0,0.0,0.0,0.0,0.0,0.0,1.0,0.0,0.0,0.0,0.0,0.0,0.0,0.0,0.0,0.0,0.0,0.0,0.0,0.0,0.0,0.0,0.0
0.0,パンケーキ,"

高プロテイン☆グルテンフリーパンケーキ


",0.0,0.0,0.0,0.0,0.5674542188644409,0.0,0.5340920686721802,0.0,0.0,0.0,0.0,0.0,0.25004783272743225,0.0,0.0,0.3664243817329407,0.0,0.0,0.0,0.0,0.0,0.0,0.0,0.0,0.0,0.0,0.0,0.4426630735397339,0.0,0.0,0.0,0.0,0.0,0.0,0.0,0.0,0.0,0.0,0.0,0.0,0.0,0.0,0.0,0.0,0.0,0.0,0.0,0.0
0.0,パンケーキ,"

しっとりふわふわパンケーキ


",0.0,0.18269392848014832,0.0,0.0,0.0,0.0,0.0,0.31244540214538574,0.23639677464962006,0.39318835735321045,0.30019062757492065,0.0,0.0,0.0,0.0,0.0,0.39708542823791504,0.0,0.0,0.0,0.0,0.0,0.0,0.1646740436553955,0.0,0.0,0.0,0.0,0.0,0.0,0.3241463005542755,0.0,0.39318835735321045,0.0,0.0,0.0,0.0,0.0,0.0,0.35205620527267456,0.0,0.0,0.0,0.0,0.0,0.0,0.0,0.0
0.0,パンケーキ,"

余りの粉ミルク消費に！朝食パンケーキ♪


",0.0,0.0,0.0,0.4739564061164856,0.0,0.0,0.0,0.0,0.0,0.0,0.0,0.0,0.0,0.0,0.0,0.0,0.0,0.0,0.0,0.0,0.0,0.0,0.0,0.2497982531785965,0.5115479230880737,0.0,0.0,0.4075327217578888,0.0,0.0,0.0,0.0,0.0,0.0,0.0,0.0,0.0,0.0,0.0,0.5340430736541748,0.0,0.0,0.0,0.0,0.0,0.0,0.0,0.0
0.0,パンケーキ,"

離乳食ほうれん草のパンケーキ


",0.0,0.30945202708244324,0.0,0.0,0.0,0.0,0.0,0.0,0.0,0.0,0.0,0.0,0.2570497691631317,0.0,0.0,0.0,0.0,0.0,0.0,0.42757734656333923,0.0,0.0,0.0,0.0,0.0,0.0,0.0,0.0,0.0,0.0,0.0,0.4169268012046814,0.0,0.0,0.0,0.0,0.0,0.0,0.0,0.0,0.6939124464988708,0.0,0.0,0.0,0.0,0.0,0.0,0.0
0.0,パンケーキ,"

～星野珈琲風～厚焼きパンケーキ


",0.0,0.0,0.0,0.0,0.0,0.0,0.0,0.607739269733429,0.0,0.0,0.5839024186134338,0.0,0.0,0.0,0.0,0.4325661063194275,0.0,0.0,0.0,0.0,0.0,0.0,0.0,0.3203083872795105,0.0,0.0,0.0,0.0,0.0,0.0,0.0,0.0,0.0,0.0,0.0,0.0,0.0,0.0,0.0,0.0,0.0,0.0,0.0,0.0,0.0,0.0,0.0,0.0
0.0,パンケーキ,"

鬼滅の刃パンケーキ


",0.0,1.0,0.0,0.0,0.0,0.0,0.0,0.0,0.0,0.0,0.0,0.0,0.0,0.0,0.0,0.0,0.0,0.0,0.0,0.0,0.0,0.0,0.0,0.0,0.0,0.0,0.0,0.0,0.0,0.0,0.0,0.0,0.0,0.0,0.0,0.0,0.0,0.0,0.0,0.0,0.0,0.0,0.0,0.0,0.0,0.0,0.0,0.0
0.0,パンケーキ,"

ブルーベリーヨーグルトパンケーキ


",0.0,0.3405931890010834,0.0,0.0,0.0,0.0,0.0,0.0,0.44071051478385925,0.0,0.0,0.0,0.2829175293445587,0.0,0.0,0.4145922362804413,0.0,0.0,0.0,0.0,0.476725697517395,0.0,0.0,0.0,0.0,0.0,0.0,0.0,0.0,0.0,0.0,0.45888352394104004,0.0,0.0,0.0,0.0,0.0,0.0,0.0,0.0,0.0,0.0,0.0,0.0,0.0,0.0,0.0,0.0
0.0,パンケーキ,"

卵だけで作るふわふわパンケーキ


",0.0,0.0,0.0,0.0,0.0,0.0,0.0,0.0,0.0,0.0,0.0,0.0,0.0,0.0,0.0,0.0,0.0,0.0,0.0,0.4984293580055237,0.0,0.0,0.0,0.32514965534210205,0.0,0.0,0.0,0.0,0.0,0.0,0.6400283575057983,0.4860139787197113,0.0,0.0,0.0,0.0,0.0,0.0,0.0,0.0,0.0,0.0,0.0,0.0,0.0,0.0,0.0,0.0
0.0,パンケーキ,"

野菜たっぷり☆ケークサレ風パンケーキ


",0.0,0.0,0.0,0.0,0.0,0.0,0.0,0.0,0.0,0.0,0.0,0.548567533493042,0.3826517164707184,0.0,0.0,0.5607444047927856,0.0,0.4880748391151428,0.0,0.0,0.0,0.0,0.0,0.0,0.0,0.0,0.0,0.0,0.0,0.0,0.0,0.0,0.0,0.0,0.0,0.0,0.0,0.0,0.0,0.0,0.0,0.0,0.0,0.0,0.0,0.0,0.0,0.0
0.0,パンケーキ,"

紫芋パンケーキ


",0.0,0.0,0.0,0.0,0.0,0.0,0.0,0.0,0.0,0.0,0.0,0.0,0.0,0.0,0.0,0.0,0.0,0.0,0.0,0.0,0.0,0.0,0.0,0.0,0.0,0.0,0.0,0.0,0.0,0.0,0.0,0.0,0.0,0.0,0.0,1.0,0.0,0.0,0.0,0.0,0.0,0.0,0.0,0.0,0.0,0.0,0.0,0.0
0.0,パンケーキ,"

プロテインパンケーキ


",0.0,0.0,0.31391140818595886,0.0,0.547551691532135,0.0,0.0,0.0,0.37584686279296875,0.0,0.0,0.0,0.241277813911438,0.0,0.0,0.35357266664505005,0.0,0.30775144696235657,0.0,0.0,0.0,0.0,0.0,0.0,0.0,0.0,0.0,0.4271373748779297,0.0,0.0,0.0,0.0,0.0,0.0,0.0,0.0,0.0,0.0,0.0,0.0,0.0,0.0,0.0,0.0,0.0,0.0,0.0,0.0
0.0,パンケーキ,"

やさしい味のもちもちパンケーキ


",0.0,0.3722165822982788,0.0,0.0,0.0,0.0,0.0,0.0,0.4816296100616455,0.0,0.0,0.0,0.0,0.0,0.0,0.0,0.0,0.0,0.0,0.0,0.0,0.0,0.0,0.0,0.0,0.0,0.0,0.0,0.0,0.0,0.0,0.0,0.0,0.7934026122093201,0.0,0.0,0.0,0.0,0.0,0.0,0.0,0.0,0.0,0.0,0.0,0.0,0.0,0.0
0.0,パンケーキ,"

グルテンフリーミックス粉でパンケーキ


",0.7776892781257629,0.0,0.0,0.0,0.0,0.0,0.0,0.0,0.0,0.0,0.0,0.0,0.1598421186208725,0.2856292724609375,0.0,0.0,0.0,0.2038796842098236,0.0,0.0,0.0,0.0,0.0,0.3468952476978302,0.35519370436668396,0.0,0.0,0.0,0.0,0.0,0.0,0.0,0.0,0.0,0.0,0.0,0.0,0.0,0.0,0.0,0.0,0.0,0.0,0.0,0.0,0.0,0.0,0.0
0.0,パンケーキ,"

離乳食りんごのパンケーキ


",0.0,0.0,0.0,0.0,0.0,0.0,0.0,0.0,0.0,0.0,0.0,0.6293265223503113,0.0,0.0,0.0,0.0,0.0,0.0,0.0,0.0,0.0,0.0,0.0,0.0,0.0,0.0,0.0,0.7771410346031189,0.0,0.0,0.0,0.0,0.0,0.0,0.0,0.0,0.0,0.0,0.0,0.0,0.0,0.0,0.0,0.0,0.0,0.0,0.0,0.0
0.0,パンケーキ,"

ひとり暮らしのパンケーキ


",0.0,0.0,0.0,0.0,0.0,0.0,0.0,0.0,0.6653262376785278,0.0,0.0,0.6123045682907104,0.42711135745048523,0.0,0.0,0.0,0.0,0.0,0.0,0.0,0.0,0.0,0.0,0.0,0.0,0.0,0.0,0.0,0.0,0.0,0.0,0.0,0.0,0.0,0.0,0.0,0.0,0.0,0.0,0.0,0.0,0.0,0.0,0.0,0.0,0.0,0.0,0.0
0.0,パンケーキ,"

簡単ミニパンケーキ


",0.0,0.0,0.30763089656829834,0.0,0.0,0.0,0.0,0.0,0.0,0.0,0.0,0.0,0.0,0.0,0.0,0.0,0.0,0.6031883955001831,0.0,0.0,0.39842715859413147,0.0,0.0,0.0,0.0,0.0,0.0,0.0,0.0,0.0,0.0,0.0,0.0,0.0,0.0,0.0,0.0,0.0,0.0,0.0,0.0,0.0,0.6186944246292114,0.0,0.0,0.0,0.0,0.0
0.0,パンケーキ,"

バニラパウダーの使い方美味しいパンケーキ


",0.0,0.352970689535141,0.0,0.0,0.0,0.0,0.6262613534927368,0.0,0.0,0.0,0.0,0.0,0.2931990325450897,0.0,0.0,0.0,0.0,0.0,0.0,0.0,0.0,0.0,0.0,0.0,0.0,0.0,0.0,0.0,0.0,0.0,0.0,0.0,0.0,0.0,0.0,0.6302719712257385,0.0,0.0,0.0,0.0,0.0,0.0,0.0,0.0,0.0,0.0,0.0,0.0
0.0,パンケーキ,"

米粉でもちもちパンケーキ


",0.0,0.0,0.0,0.0,0.0,0.0,0.0,0.0,0.0,0.0,0.0,0.0,0.18374121189117432,0.3283356726169586,0.0,0.2692575454711914,0.0,0.2343631535768509,0.0,0.0,0.3096102178096771,0.0,0.0,0.0,0.0,0.0,0.0,0.0,0.0,0.0,0.0,0.0,0.0,0.4714988172054291,0.0,0.0,0.0,0.0,0.0,0.42625606060028076,0.0,0.0,0.48077571392059326,0.0,0.0,0.0,0.0,0.0
0.0,パンケーキ,"

栄養たっぷり野菜パンケーキ【卵不使用】


",0.0,0.29935887455940247,0.0,0.0,0.0,0.0,0.0,0.0,0.0,0.0,0.0,0.0,0.24866580963134766,0.0,0.0,0.0,0.0,0.0,0.0,0.413631409406662,0.0,0.0,0.47627949714660645,0.0,0.0,0.0,0.0,0.0,0.0,0.0,0.0,0.0,0.0,0.0,0.0,0.0,0.0,0.0,0.0,0.0,0.6712797284126282,0.0,0.0,0.0,0.0,0.0,0.0,0.0
0.0,パンケーキ,"

BPなし！ふわふわもちもちパンケーキ！


",0.0,0.3025495409965515,0.0,0.0,0.0,0.0,0.0,0.5174239873886108,0.0,0.0,0.49712949991226196,0.0,0.0,0.0,0.0,0.0,0.0,0.0,0.0,0.0,0.0,0.0,0.0,0.0,0.0,0.6273742318153381,0.0,0.0,0.0,0.0,0.0,0.0,0.0,0.0,0.0,0.0,0.0,0.0,0.0,0.0,0.0,0.0,0.0,0.0,0.0,0.0,0.0,0.0
0.0,パンケーキ,"

自宅待機レシピ！バナナと豆腐のパンケーキ


",0.0,0.42872920632362366,0.0,0.0,0.0,0.0,0.0,0.0,0.0,0.0,0.0,0.0,0.0,0.0,0.0,0.0,0.0,0.0,0.0,0.5923855304718018,0.0,0.0,0.6821075081825256,0.0,0.0,0.0,0.0,0.0,0.0,0.0,0.0,0.0,0.0,0.0,0.0,0.0,0.0,0.0,0.0,0.0,0.0,0.0,0.0,0.0,0.0,0.0,0.0,0.0
0.0,パンケーキ,"

炊飯器で秘密の分厚いパンケーキ


",0.0,0.0,0.0,0.0,0.0,0.0,0.0,0.0,0.0,0.0,0.0,0.41589099168777466,0.0,0.0,0.0,0.0,0.0,0.0,0.0,0.0,0.0,0.0,0.0,0.3147967457771301,0.0,0.0,0.0,0.0,0.0,0.7117096781730652,0.0,0.47053906321525574,0.0,0.0,0.0,0.0,0.0,0.0,0.0,0.0,0.0,0.0,0.0,0.0,0.0,0.0,0.0,0.0
0.0,パンケーキ,"

簡単！ふんわりおからパンケーキ


",0.0,0.0,0.4245993196964264,0.0,0.0,0.0,0.0,0.0,0.0,0.0,0.0,0.0,0.0,0.0,0.0,0.0,0.0,0.0,0.0,0.0,0.0,0.0,0.0,0.0,0.0,0.0,0.6970800161361694,0.5777497887611389,0.0,0.0,0.0,0.0,0.0,0.0,0.0,0.0,0.0,0.0,0.0,0.0,0.0,0.0,0.0,0.0,0.0,0.0,0.0,0.0
0.0,パンケーキ,"

砂糖・卵不使用！もっちりパンケーキ


",0.0,0.0,0.0,0.0,0.0,0.0,0.0,0.0,0.0,0.0,0.0,0.43602415919303894,0.3041474223136902,0.0,0.0,0.0,0.0,0.0,0.0,0.0,0.0,0.0,0.0,0.0,0.0,0.0,0.0,0.5384362936019897,0.0,0.0,0.0,0.0,0.0,0.0,0.0,0.6538070440292358,0.0,0.0,0.0,0.0,0.0,0.0,0.0,0.0,0.0,0.0,0.0,0.0
0.0,パンケーキ,"

ふわっふわのスフレパンケーキ！


",0.0,0.16272757947444916,0.0,0.0,0.0,0.208912655711174,0.0,0.2782987356185913,0.421122670173645,0.35021740198135376,0.26738324761390686,0.0,0.13517148792743683,0.0,0.5667451620101929,0.0,0.0,0.17241212725639343,0.0,0.0,0.0,0.0,0.0,0.14667706191539764,0.30037176609039307,0.0,0.0,0.0,0.0,0.0,0.0,0.0,0.0,0.0,0.0,0.0,0.0,0.0,0.0,0.0,0.0,0.0,0.0,0.0,0.0,0.0,0.0,0.0
0.0,パンケーキ,"

プロテインパンケーキ


",0.0,0.0,0.5885977149009705,0.0,0.0,0.0,0.0,0.0,0.0,0.0,0.0,0.0,0.0,0.8084260821342468,0.0,0.0,0.0,0.0,0.0,0.0,0.0,0.0,0.0,0.0,0.0,0.0,0.0,0.0,0.0,0.0,0.0,0.0,0.0,0.0,0.0,0.0,0.0,0.0,0.0,0.0,0.0,0.0,0.0,0.0,0.0,0.0,0.0,0.0
0.0,パンケーキ,"

お泊まり会 モーニングパンケーキ


",0.0,0.0,0.0,0.0,0.0,0.0,0.0,0.0,0.0,0.0,0.0,0.0,0.0,0.0,0.0,0.0,0.0,0.0,0.0,0.0,0.0,0.0,0.0,0.0,0.0,0.0,0.0,0.0,0.0,0.0,0.0,0.0,0.0,0.0,0.0,0.0,0.0,0.0,0.0,0.0,0.0,0.0,0.0,0.0,0.0,1.0,0.0,0.0
0.0,パンケーキ,"

卵なしの分厚いパンケーキ~2cmあるよ~


",0.0,0.0,0.8243346214294434,0.0,0.0,0.0,0.0,0.0,0.0,0.0,0.0,0.0,0.0,0.5661028027534485,0.0,0.0,0.0,0.0,0.0,0.0,0.0,0.0,0.0,0.0,0.0,0.0,0.0,0.0,0.0,0.0,0.0,0.0,0.0,0.0,0.0,0.0,0.0,0.0,0.0,0.0,0.0,0.0,0.0,0.0,0.0,0.0,0.0,0.0
0.0,パンケーキ,"

ふんわりパンケーキ


",0.0,0.0,0.0,0.7040983438491821,0.0,0.0,0.0,0.0,0.0,0.0,0.0,0.0,0.0,0.0,0.0,0.0,0.0,0.0,0.0,0.0,0.0,0.0,0.0,0.37109434604644775,0.0,0.0,0.0,0.6054208874702454,0.0,0.0,0.0,0.0,0.0,0.0,0.0,0.0,0.0,0.0,0.0,0.0,0.0,0.0,0.0,0.0,0.0,0.0,0.0,0.0
0.0,パンケーキ,"

厚さ3cm！ふっくらふわふかパンケーキ


",0.0,0.316478967666626,0.0,0.0,0.5965907573699951,0.40630149841308594,0.0,0.0,0.4095079302787781,0.0,0.0,0.3768731355667114,0.26288679242134094,0.0,0.0,0.0,0.0,0.0,0.0,0.0,0.0,0.0,0.0,0.0,0.0,0.0,0.0,0.0,0.0,0.0,0.0,0.0,0.0,0.0,0.0,0.0,0.0,0.0,0.0,0.0,0.0,0.0,0.0,0.0,0.0,0.0,0.0,0.0
0.0,パンケーキ,"

簡単フワフワスフレパンケーキ♪


",0.0,0.0,0.0,0.0,0.0,0.0,0.0,0.0,0.0,0.0,0.0,1.0,0.0,0.0,0.0,0.0,0.0,0.0,0.0,0.0,0.0,0.0,0.0,0.0,0.0,0.0,0.0,0.0,0.0,0.0,0.0,0.0,0.0,0.0,0.0,0.0,0.0,0.0,0.0,0.0,0.0,0.0,0.0,0.0,0.0,0.0,0.0,0.0
0.0,パンケーキ,"

バナナパンケーキ


",0.0,0.0,0.0,0.0,0.0,0.0,0.0,0.0,0.0,0.0,0.0,0.0,0.0,0.0,0.0,0.0,0.0,0.0,0.0,0.0,0.0,0.0,0.0,0.0,0.0,0.0,0.0,1.0,0.0,0.0,0.0,0.0,0.0,0.0,0.0,0.0,0.0,0.0,0.0,0.0,0.0,0.0,0.0,0.0,0.0,0.0,0.0,0.0
0.0,パンケーキ,"

手間いらずバターミルクパンケーキ


",0.5103409886360168,0.25255247950553894,0.0,0.0,0.0,0.0,0.0,0.0,0.0,0.0,0.0,0.30074745416641235,0.0,0.0,0.0,0.6148467063903809,0.0,0.0,0.0,0.0,0.0,0.0,0.0,0.4552842974662781,0.0,0.0,0.0,0.0,0.0,0.0,0.0,0.0,0.0,0.0,0.0,0.0,0.0,0.0,0.0,0.0,0.0,0.0,0.0,0.0,0.0,0.0,0.0,0.0
0.0,パンケーキ,"

ヴィーガン　カカオ入りそば粉パンケーキ


",0.0,0.0,0.0,0.0,0.0,0.0,0.0,0.0,0.0,0.0,0.0,0.0,0.6169881224632263,0.0,0.0,0.0,0.0,0.7869724631309509,0.0,0.0,0.0,0.0,0.0,0.0,0.0,0.0,0.0,0.0,0.0,0.0,0.0,0.0,0.0,0.0,0.0,0.0,0.0,0.0,0.0,0.0,0.0,0.0,0.0,0.0,0.0,0.0,0.0,0.0
0.0,パンケーキ,"

ヨーグルトとジャムで爽やかパンケーキ


",0.0,0.0,0.0,0.0,0.0,0.0,0.0,0.0,0.0,0.0,0.0,0.0,0.0,0.0,0.0,0.0,0.0,0.0,0.0,0.0,0.0,0.0,0.0,0.0,0.0,0.0,0.0,0.0,0.0,0.0,0.0,0.0,0.0,0.0,0.0,0.0,0.0,0.0,0.0,0.0,0.0,0.0,0.0,0.0,0.0,0.0,0.0,0.0
0.0,パンケーキ,"

離乳食　もちもちプレーンパンケーキ


",0.0,0.0,0.0,0.0,0.0,0.0,0.0,0.0,0.0,0.0,0.0,0.0,0.2453290820121765,0.0,0.0,0.0,0.0,0.31291887164115906,0.0,0.0,0.8267757296562195,0.0,0.0,0.0,0.0,0.0,0.0,0.0,0.0,0.0,0.0,0.39791619777679443,0.0,0.0,0.0,0.0,0.0,0.0,0.0,0.0,0.0,0.0,0.0,0.0,0.0,0.0,0.0,0.0
0.0,パンケーキ,"

トースターで出来る！スフレパンケーキ♪


",0.0,0.0,0.0,0.0,0.0,0.0,0.0,0.0,0.6238528490066528,0.0,0.0,0.0,0.0,0.0,0.0,0.0,0.0,0.0,0.0,0.0,0.0,0.0,0.0,0.43457597494125366,0.0,0.0,0.0,0.0,0.0,0.0,0.0,0.6495778560638428,0.0,0.0,0.0,0.0,0.0,0.0,0.0,0.0,0.0,0.0,0.0,0.0,0.0,0.0,0.0,0.0
0.0,パンケーキ,"

ヨーグルトたっぷり☆モチモチパンケーキ


",0.0,0.0,0.0,0.0,0.0,0.0,0.0,0.0,0.0,0.0,0.0,0.0,0.0,0.0,0.0,0.0,0.0,0.0,0.0,0.0,0.0,0.0,0.0,0.0,0.0,0.0,0.0,0.0,0.7943469285964966,0.0,0.6074643731117249,0.0,0.0,0.0,0.0,0.0,0.0,0.0,0.0,0.0,0.0,0.0,0.0,0.0,0.0,0.0,0.0,0.0
0.0,パンケーキ,"

バナナパンケーキ２０２０


",0.0,0.29667291045188904,0.0,0.0,0.0,0.0,0.0,0.0,0.3838798701763153,0.0,0.0,0.3532874584197998,0.24643467366695404,0.0,0.0,0.36112961173057556,0.0,0.0,0.0,0.4099201261997223,0.0,0.0,0.0,0.0,0.0,0.0,0.0,0.0,0.0,0.0,0.0,0.0,0.0,0.0,0.0,0.5297454595565796,0.0,0.0,0.0,0.0,0.0,0.0,0.0,0.0,0.0,0.0,0.0,0.0
0.0,パンケーキ,"

薄力粉でシンプルなパンケーキ♪


",0.0,0.29093125462532043,0.0,0.0,0.0,0.0,0.516187310218811,0.0,0.0,0.0,0.0,0.0,0.2416652888059616,0.0,0.0,0.0,0.0,0.0,0.0,0.0,0.0,0.0,0.0,0.0,0.0,0.0,0.0,0.0,0.0,0.0,0.516187310218811,0.0,0.0,0.0,0.0,0.0,0.0,0.0,0.0,0.0,0.0,0.0,0.0,0.5692610740661621,0.0,0.0,0.0,0.0
0.0,パンケーキ,"

簡単ふわふわ！パンケーキ 


",0.0,0.0,0.0,0.0,0.0,0.4323626756668091,0.0,0.0,0.0,0.0,0.0,0.0,0.0,0.499896377325058,0.0,0.0,0.0,0.0,0.0,0.0,0.0,0.0,0.0,0.3035607635974884,0.0,0.0,0.0,0.0,0.0,0.6863067746162415,0.0,0.0,0.0,0.0,0.0,0.0,0.0,0.0,0.0,0.0,0.0,0.0,0.0,0.0,0.0,0.0,0.0,0.0
0.0,パンケーキ,"

スフレパンケーキ


",0.0,0.226348876953125,0.0,0.0,0.0,0.0,0.0,0.38710466027259827,0.0,0.0,0.371921569108963,0.0,0.18801923096179962,0.0,0.0,0.0,0.0,0.23981977999210358,0.0,0.0,0.0,0.0,0.0,0.2040231078863144,0.41780754923820496,0.0,0.0,0.0,0.0,0.0,0.40160149335861206,0.0,0.0,0.0,0.0,0.0,0.0,0.0,0.0,0.4361805021762848,0.0,0.0,0.0,0.0,0.0,0.0,0.0,0.0
0.0,パンケーキ,"

【簡単】無印米粉のチョコチップパンケーキ


",0.0,0.0,0.0,0.0,0.0,0.0,0.0,0.0,0.0,0.0,0.0,0.0,0.0,0.0,0.450261652469635,0.0,0.0,0.27395230531692505,0.0,0.0,0.36191025376319885,0.0,0.0,0.0,0.0,0.0,0.0,0.0,0.0,0.0,0.0,0.0,0.0,0.0,0.0,0.46169763803482056,0.0,0.0,0.0,0.0,0.0,0.6148746609687805,0.0,0.0,0.0,0.0,0.0,0.0
0.0,パンケーキ,"

笑顔いっぱいスマイルパンケーキ


",0.0,0.0,0.0,0.0,0.0,0.0,0.0,0.0,0.0,0.0,0.0,0.0,0.0,0.0,0.0,0.0,0.0,0.0,0.0,0.0,0.0,0.0,0.0,0.0,0.0,0.0,0.0,0.0,0.0,0.0,0.0,0.0,0.0,0.0,0.0,1.0,0.0,0.0,0.0,0.0,0.0,0.0,0.0,0.0,0.0,0.0,0.0,0.0
0.0,パンケーキ,"

麹入りパンケーキ


",0.0,0.0,0.0,0.0,0.0,0.5047645568847656,0.0,0.0,0.0,0.0,0.0,0.0,0.0,0.0,0.0,0.0,0.0,0.0,0.0,0.0,0.0,0.0,0.0,0.0,0.0,0.0,0.0,0.0,0.0,0.0,0.0,0.0,0.0,0.0,0.0,0.0,0.0,0.0,0.8632570505142212,0.0,0.0,0.0,0.0,0.0,0.0,0.0,0.0,0.0
0.0,パンケーキ,"

ラム香るパンケーキ☆カイザーシュマーレン


",0.47050756216049194,0.0,0.0,0.0,0.0,0.0,0.0,0.0,0.30128344893455505,0.0,0.0,0.27727335691452026,0.0,0.0,0.0,0.0,0.0,0.246697336435318,0.0,0.0,0.0,0.4628549814224243,0.0,0.20987409353256226,0.0,0.0,0.0,0.0,0.5402119755744934,0.0,0.0,0.0,0.0,0.0,0.0,0.0,0.0,0.0,0.0,0.0,0.0,0.0,0.0,0.0,0.0,0.0,0.0,0.0
0.0,パンケーキ,"

離乳食後期☆米粉のりんごパンケーキ


",0.0,0.0,0.0,0.0,0.0,0.0,0.0,0.0,0.5544701218605042,0.0,0.0,0.0,0.3559463918209076,0.0,0.0,0.0,0.0,0.454012006521225,0.0,0.0,0.5997818112373352,0.0,0.0,0.0,0.0,0.0,0.0,0.0,0.0,0.0,0.0,0.0,0.0,0.0,0.0,0.0,0.0,0.0,0.0,0.0,0.0,0.0,0.0,0.0,0.0,0.0,0.0,0.0
0.0,パンケーキ,"

ワンボウル簡単！ふわもちバナナパンケーキ


",0.0,0.0,0.0,0.0,0.0,0.0,0.0,0.0,0.0,0.0,0.0,0.0,0.0,0.0,0.0,0.0,0.0,0.0,0.0,1.0,0.0,0.0,0.0,0.0,0.0,0.0,0.0,0.0,0.0,0.0,0.0,0.0,0.0,0.0,0.0,0.0,0.0,0.0,0.0,0.0,0.0,0.0,0.0,0.0,0.0,0.0,0.0,0.0
0.0,パンケーキ,"

簡単に【パンケーキ（チーズホイップ）】


",0.0,0.0,0.0,0.0,0.0,0.0,0.0,0.0,0.0,0.0,0.0,0.0,0.0,0.0,0.0,0.0,0.0,0.0,0.0,0.0,0.0,0.0,0.0,0.0,0.0,0.0,0.0,0.0,0.0,0.0,0.0,0.0,0.0,0.0,0.0,0.0,0.0,0.0,0.0,1.0,0.0,0.0,0.0,0.0,0.0,0.0,0.0,0.0
0.0,パンケーキ,"

クランペット　イギリス式パンケーキ


",0.0,0.4423986077308655,0.0,0.0,0.0,0.0,0.0,0.0,0.0,0.0,0.0,0.0,0.0,0.0,0.0,0.5385164618492126,0.0,0.0,0.0,0.0,0.0,0.0,0.0,0.39876294136047363,0.0,0.0,0.0,0.0,0.0,0.0,0.0,0.5960466861724854,0.0,0.0,0.0,0.0,0.0,0.0,0.0,0.0,0.0,0.0,0.0,0.0,0.0,0.0,0.0,0.0
0.0,パンケーキ,"

米粉バナナパンケーキ（グルテンフリー）


",0.0,0.0,0.320188969373703,0.0,0.0,0.0,0.0,0.0,0.0,0.0,0.0,0.0,0.24610285460948944,0.0,0.0,0.0,0.0,0.31390583515167236,0.0,0.4093681871891022,0.414691686630249,0.0,0.0,0.0,0.0,0.0,0.0,0.0,0.0,0.0,0.0,0.0,0.0,0.6315251588821411,0.0,0.0,0.0,0.0,0.0,0.0,0.0,0.0,0.0,0.0,0.0,0.0,0.0,0.0
0.0,パンケーキ,"

掴みたべ　お野菜パンケーキ


",0.0,0.0,0.0,0.0,0.0,0.0,0.0,0.0,0.0,0.0,0.0,0.0,0.0,0.0,0.0,0.0,0.0,0.0,0.0,0.0,0.0,0.0,0.578656017780304,0.0,0.0,0.0,0.0,0.0,0.0,0.0,0.0,0.0,0.0,0.0,0.0,0.0,0.0,0.0,0.0,0.0,0.815571665763855,0.0,0.0,0.0,0.0,0.0,0.0,0.0
0.0,パンケーキ,"

ふわっふわパンケーキ


",0.0,0.0,0.0,0.0,0.0,0.0,0.0,0.0,0.0,0.0,0.0,1.0,0.0,0.0,0.0,0.0,0.0,0.0,0.0,0.0,0.0,0.0,0.0,0.0,0.0,0.0,0.0,0.0,0.0,0.0,0.0,0.0,0.0,0.0,0.0,0.0,0.0,0.0,0.0,0.0,0.0,0.0,0.0,0.0,0.0,0.0,0.0,0.0
0.0,パンケーキ,"

ヨーグルト入りパンケーキ


",0.0,0.0,0.0,0.0,0.0,0.0,0.0,0.0,0.0,0.0,0.0,0.0,0.0,1.0,0.0,0.0,0.0,0.0,0.0,0.0,0.0,0.0,0.0,0.0,0.0,0.0,0.0,0.0,0.0,0.0,0.0,0.0,0.0,0.0,0.0,0.0,0.0,0.0,0.0,0.0,0.0,0.0,0.0,0.0,0.0,0.0,0.0,0.0
0.0,パンケーキ,"

超ふわふわスフレパンケーキ


",0.0,0.3220060169696808,0.0,0.0,0.0,0.41339725255966187,0.0,0.0,0.4166596531867981,0.6930116415023804,0.0,0.0,0.2674778997898102,0.0,0.0,0.0,0.0,0.0,0.0,0.0,0.0,0.0,0.0,0.0,0.0,0.0,0.0,0.0,0.0,0.0,0.0,0.0,0.0,0.0,0.0,0.0,0.0,0.0,0.0,0.0,0.0,0.0,0.0,0.0,0.0,0.0,0.0,0.0
0.0,パンケーキ,"

スフレパンケーキ


",0.0,0.2633970379829407,0.0,0.0,0.0,0.0,0.467334508895874,0.4504648745059967,0.0,0.0,0.4327966868877411,0.0,0.0,0.0,0.0,0.0,0.0,0.0,0.0,0.0,0.0,0.0,0.0,0.2374170571565628,0.0,0.0,0.0,0.0,0.0,0.0,0.0,0.0,0.0,0.0,0.0,0.0,0.0,0.0,0.0,0.0,0.0,0.0,0.0,0.5153853297233582,0.0,0.0,0.0,0.0
0.0,パンケーキ,"

かんたん和菓子風＊抹茶パンケーキ


",0.0,0.0,0.0,0.0,0.0,0.0,0.0,0.0,0.0,0.0,0.0,0.0,0.0,0.0,0.0,0.0,0.0,0.0,0.0,0.0,0.0,0.0,0.0,0.0,0.0,0.0,0.0,0.6066484451293945,0.0,0.0,0.0,0.0,0.0,0.0,0.0,0.0,0.0,0.0,0.0,0.7949702143669128,0.0,0.0,0.0,0.0,0.0,0.0,0.0,0.0
0.0,パンケーキ,"

かぼちゃのパンケーキ


",0.0,0.0,1.0,0.0,0.0,0.0,0.0,0.0,0.0,0.0,0.0,0.0,0.0,0.0,0.0,0.0,0.0,0.0,0.0,0.0,0.0,0.0,0.0,0.0,0.0,0.0,0.0,0.0,0.0,0.0,0.0,0.0,0.0,0.0,0.0,0.0,0.0,0.0,0.0,0.0,0.0,0.0,0.0,0.0,0.0,0.0,0.0,0.0
0.0,パンケーキ,"

チョコがとろ～り！ダブルチョコパンケーキ


",0.0,0.19700731337070465,0.21290995180606842,0.0,0.0,0.0,0.0,0.0,0.0,0.0,0.0,0.0,0.0,0.0,0.6861340999603271,0.0,0.0,0.0,0.44665616750717163,0.0,0.0,0.0,0.0,0.17757563292980194,0.0,0.0,0.0,0.0,0.0,0.0,0.0,0.0,0.0,0.0,0.0,0.0,0.0,0.462647408246994,0.0,0.0,0.0,0.0,0.0,0.0,0.0,0.0,0.0,0.0
0.0,パンケーキ,"

HMなし!パンケーキ


",0.0,0.0,0.17406442761421204,0.0,0.0,0.0,0.2857678532600403,0.2754523456096649,0.20840774476528168,0.3466354310512543,0.2646484971046448,0.0,0.13378897309303284,0.0,0.28047430515289307,0.0,0.0,0.0,0.36516353487968445,0.0,0.0,0.0,0.0,0.0,0.0,0.33398470282554626,0.0,0.23684844374656677,0.0,0.0,0.2857678532600403,0.0,0.0,0.0,0.0,0.0,0.0,0.0,0.0,0.0,0.0,0.0,0.0,0.3151501715183258,0.0,0.0,0.0,0.0
0.0,パンケーキ,"

HMシュガーパンケーキ


",0.0,0.0,0.0,0.0,0.0,0.0,0.0,0.0,0.4849758446216583,0.8066389560699463,0.0,0.0,0.0,0.0,0.0,0.0,0.0,0.0,0.0,0.0,0.0,0.0,0.0,0.33783426880836487,0.0,0.0,0.0,0.0,0.0,0.0,0.0,0.0,0.0,0.0,0.0,0.0,0.0,0.0,0.0,0.0,0.0,0.0,0.0,0.0,0.0,0.0,0.0,0.0
0.0,パンケーキ,"

我が家のパンケーキ BP無し


",0.0,0.0,0.0,0.0,0.0,0.0,0.0,0.0,0.4998629689216614,0.0,0.0,0.0,0.0,0.0,0.0,0.0,0.0,0.0,0.0,0.0,0.0,0.7679282426834106,0.0,0.0,0.0,0.4005287289619446,0.0,0.0,0.0,0.0,0.0,0.0,0.0,0.0,0.0,0.0,0.0,0.0,0.0,0.0,0.0,0.0,0.0,0.0,0.0,0.0,0.0,0.0
0.0,パンケーキ,"

1歳の誕生日☆苺のバースデーパンケーキ。


",0.0,0.0,0.0,0.0,0.0,0.0,0.0,0.0,0.0,0.0,0.0,0.0,0.0,0.0,0.0,0.0,0.0,0.0,0.0,1.0,0.0,0.0,0.0,0.0,0.0,0.0,0.0,0.0,0.0,0.0,0.0,0.0,0.0,0.0,0.0,0.0,0.0,0.0,0.0,0.0,0.0,0.0,0.0,0.0,0.0,0.0,0.0,0.0
0.0,パンケーキ,"

砂糖不使用＆HMで！野菜バナナパンケーキ


",0.0,0.0,0.0,0.0,0.0,0.0,0.0,0.0,0.0,0.0,0.0,0.0,0.0,0.0,0.0,0.0,0.0,0.0,0.0,0.5245906114578247,0.0,0.0,0.0,0.0,0.0,0.0,0.0,0.0,0.0,0.0,0.0,0.0,0.0,0.0,0.0,0.0,0.0,0.0,0.0,0.0,0.8513546586036682,0.0,0.0,0.0,0.0,0.0,0.0,0.0
0.0,パンケーキ,"

うすやき＆重ねパンケーキ


",0.0,0.0,0.0,0.0,0.0,0.0,0.0,0.0,0.0,0.0,0.0,0.0,0.0,0.0,0.0,0.0,0.0,0.0,0.0,0.0,0.0,0.0,0.0,0.0,0.0,0.0,0.0,0.0,0.0,0.0,0.0,0.0,0.0,0.0,0.0,0.0,0.0,0.0,0.0,0.0,0.0,0.0,0.0,0.0,0.0,0.0,0.0,0.0
0.0,パンケーキ,"

【離乳食後期～】バナナパンケーキ


",0.0,0.0,0.0,0.0,0.0,0.0,0.0,0.0,0.0,0.0,0.0,0.0,0.0,0.0,0.37039700150489807,0.0,0.4623071849346161,0.22536030411720276,0.0,0.2938949763774872,0.29771682620048523,0.0,0.0,0.0,0.0,0.0,0.0,0.0,0.0,0.0,0.0,0.0,0.4577699899673462,0.0,0.0,0.0,0.0,0.0,0.0,0.0,0.0,0.0,0.4623071849346161,0.0,0.0,0.0,0.0,0.0
0.0,パンケーキ,"

糀甘酒と豆腐のもっちりパンケーキ


",0.0,0.0,0.0,0.0,0.0,0.0,0.0,0.0,0.0,0.0,0.0,0.0,0.0,0.0,0.0,0.0,0.0,0.0,0.0,0.0,0.0,0.0,1.0,0.0,0.0,0.0,0.0,0.0,0.0,0.0,0.0,0.0,0.0,0.0,0.0,0.0,0.0,0.0,0.0,0.0,0.0,0.0,0.0,0.0,0.0,0.0,0.0,0.0
0.0,パンケーキ,"

オートミールバナナパンケーキ☆


",0.0,0.0,0.0,0.0,0.0,0.0,0.0,0.0,0.0,0.0,0.0,0.0,0.0,0.0,0.41338223218917847,0.0,0.0,0.0,0.0,0.328002005815506,0.0,0.0,0.0,0.21397161483764648,0.0,0.0,0.421184241771698,0.0,0.0,0.0,0.0,0.0,0.0,0.0,0.5645123720169067,0.42388156056404114,0.0,0.0,0.0,0.0,0.0,0.0,0.0,0.0,0.0,0.0,0.0,0.0
0.0,パンケーキ,"

マヨネーズでココアパンケーキ


",0.0,0.0,0.0,0.0,0.0,0.0,0.0,0.0,0.0,0.0,0.0,0.0,0.0,0.0,0.0,0.0,0.0,0.0,0.0,0.0,0.0,0.0,0.0,0.0,0.0,0.0,0.0,0.5851624011993408,0.0,0.8109161257743835,0.0,0.0,0.0,0.0,0.0,0.0,0.0,0.0,0.0,0.0,0.0,0.0,0.0,0.0,0.0,0.0,0.0,0.0
0.0,パンケーキ,"

簡単 ふわふわパンケーキ


",0.0,0.5915238261222839,0.6392722725868225,0.0,0.0,0.0,0.0,0.0,0.0,0.0,0.0,0.0,0.49135586619377136,0.0,0.0,0.0,0.0,0.0,0.0,0.0,0.0,0.0,0.0,0.0,0.0,0.0,0.0,0.0,0.0,0.0,0.0,0.0,0.0,0.0,0.0,0.0,0.0,0.0,0.0,0.0,0.0,0.0,0.0,0.0,0.0,0.0,0.0,0.0
0.0,パンケーキ,"

ふわふわスフレパンケーキ


",0.0,0.24879701435565948,0.0,0.4254957437515259,0.0,0.0,0.0,0.4254957437515259,0.0,0.0,0.40880686044692993,0.2962753176689148,0.2066660225391388,0.36930105090141296,0.0,0.30285194516181946,0.0,0.0,0.0,0.0,0.0,0.0,0.0,0.22425709664821625,0.0,0.0,0.0,0.0,0.0,0.0,0.0,0.0,0.0,0.0,0.0,0.0,0.0,0.0,0.0,0.0,0.0,0.0,0.0,0.0,0.0,0.0,0.0,0.0
0.0,パンケーキ,"

簡単HM×炊飯器　紅茶パンケーキ


",0.0,0.0,0.0,0.0,0.0,0.4937554895877838,0.0,0.0,0.0,0.0,0.0,0.0,0.0,0.0,0.0,0.0,0.0,0.0,0.0,0.0,0.0,0.0,0.0,0.34666451811790466,0.0,0.0,0.0,0.0,0.0,0.0,0.0,0.0,0.0,0.0,0.0,0.0,0.0,0.0,0.0,0.0,0.0,0.0,0.0,0.0,0.0,0.0,0.0,0.7975143790245056
0.0,パンケーキ,"

ブルーベリーとバナナのもちもちパンケーキ


",0.0,0.0,0.0,0.0,0.0,0.0,0.0,0.0,0.0,0.0,0.0,0.40211793780326843,0.0,0.0,0.0,0.0,0.0,0.0,0.0,0.0,0.0,0.0,0.0,0.3043716251850128,0.0,0.0,0.0,0.0,0.0,0.0,0.0,0.4549562335014343,0.0,0.0,0.0,0.0,0.0,0.0,0.0,0.0,0.0,0.0,0.7339440584182739,0.0,0.0,0.0,0.0,0.0
0.0,パンケーキ,"

クセになるチーズ入りパンケーキ


",0.0,0.0,0.0,0.0,0.0,0.3466513752937317,0.0,0.0,0.0,0.0,0.0,0.0,0.0,0.4007972478866577,0.0,0.0,0.0,0.0,0.0,0.0,0.0,0.0,0.0,0.0,0.0,0.0,0.0,0.0,0.0,0.0,0.0,0.0,0.0,0.0,0.0,0.0,0.0,0.0,0.0,0.0,0.0,0.0,0.5868798494338989,0.0,0.0,0.0,0.6121816635131836,0.0
0.0,パンケーキ,"

材料2つ☆米粉とアイスのパンケーキ


",0.0,0.0,0.0,0.0,0.0,0.0,0.7108587622642517,0.0,0.0,0.0,0.0,0.0,0.0,0.0,0.0,0.0,0.0,0.4244953989982605,0.0,0.0,0.5607882738113403,0.0,0.0,0.0,0.0,0.0,0.0,0.0,0.0,0.0,0.0,0.0,0.0,0.0,0.0,0.0,0.0,0.0,0.0,0.0,0.0,0.0,0.0,0.0,0.0,0.0,0.0,0.0
0.0,パンケーキ,"

もちもちパンケーキ


",0.0,0.0,0.0,0.0,0.0,0.0,0.0,0.0,0.38791054487228394,0.6451945304870605,0.0,0.0,0.0,0.0,0.0,0.0,0.0,0.0,0.0,0.0,0.0,0.0,0.0,0.0,0.0,0.0,0.0,0.0,0.0,0.0,0.0,0.0,0.0,0.0,0.0,0.0,0.0,0.0,0.6582168340682983,0.0,0.0,0.0,0.0,0.0,0.0,0.0,0.0,0.0
0.0,パンケーキ,"

もっちりパンケーキ＊卵・砂糖不使用！


",0.0,0.0,0.3914385139942169,0.0,0.0,0.0,0.0,0.0,0.0,0.0,0.0,0.4313206672668457,0.3008665144443512,0.0,0.0,0.0,0.0,0.0,0.0,0.0,0.0,0.0,0.576261579990387,0.0,0.0,0.0,0.0,0.0,0.0,0.0,0.0,0.4879961907863617,0.0,0.0,0.0,0.0,0.0,0.0,0.0,0.0,0.0,0.0,0.0,0.0,0.0,0.0,0.0,0.0
0.0,パンケーキ,"

北欧のパンケーキ


",0.0,0.0,0.0,0.0,0.0,0.0,0.0,0.0,0.0,0.0,0.0,0.5065070986747742,0.0,0.0,0.0,0.5177503824234009,0.0,0.0,0.0,0.0,0.0,0.0,0.0,0.3833860158920288,0.0,0.0,0.0,0.0,0.0,0.0,0.0,0.5730621814727783,0.0,0.0,0.0,0.0,0.0,0.0,0.0,0.0,0.0,0.0,0.0,0.0,0.0,0.0,0.0,0.0
0.0,パンケーキ,"

BPなしでもふっくら♪ライ麦パンケーキ


",0.0,0.0,0.3141138553619385,0.4970768094062805,0.0,0.0,0.0,0.0,0.0,0.0,0.0,0.0,0.0,0.0,0.0,0.3538006842136383,0.0,0.3079499304294586,0.6589681506156921,0.0,0.0,0.0,0.0,0.0,0.0,0.0,0.0,0.0,0.0,0.0,0.0,0.0,0.0,0.0,0.0,0.0,0.0,0.0,0.0,0.0,0.0,0.0,0.0,0.0,0.0,0.0,0.0,0.0
0.0,パンケーキ,"

簡単可愛いあざらしパンケーキ


",0.0,0.0,0.0,0.0,0.0,0.0,0.0,0.0,0.0,0.0,0.0,0.0,0.0,0.0,0.0,0.0,0.0,0.0,0.0,0.0,0.0,0.0,0.0,0.0,0.0,0.0,0.0,0.0,0.0,0.0,0.0,0.0,0.0,0.0,0.0,0.0,0.0,0.0,0.0,0.0,0.0,0.0,0.0,0.0,0.0,0.0,0.0,0.0
0.0,パンケーキ,"

パンケーキシリアル芋のメープルマヨソテー


",0.0,0.0,0.0,0.0,0.0,0.0,0.0,0.0,0.0,0.0,0.0,0.0,0.0,0.0,0.0,0.0,0.0,0.0,0.0,0.0,0.0,0.0,0.0,0.0,1.0,0.0,0.0,0.0,0.0,0.0,0.0,0.0,0.0,0.0,0.0,0.0,0.0,0.0,0.0,0.0,0.0,0.0,0.0,0.0,0.0,0.0,0.0,0.0
0.0,パンケーキ,"

豆腐とＨＭのチョコパンケーキ


",0.0,0.0,0.0,0.0,0.0,0.0,0.0,0.0,0.0,0.0,0.0,0.0,0.0,0.0,0.0,0.0,0.0,0.0,0.0,0.0,0.0,0.0,0.8700690865516663,0.4929297864437103,0.0,0.0,0.0,0.0,0.0,0.0,0.0,0.0,0.0,0.0,0.0,0.0,0.0,0.0,0.0,0.0,0.0,0.0,0.0,0.0,0.0,0.0,0.0,0.0
0.0,パンケーキ,"

さつまいものシナモン風味パンケーキ


",0.0,0.0,0.0,0.0,0.0,0.5837568640708923,0.0,0.0,0.0,0.0,0.0,0.0,0.0,0.0,0.0,0.0,0.0,0.0,0.0,0.0,0.0,0.0,0.0,0.0,0.0,0.0,0.0,0.0,0.0,0.0,0.0,0.0,0.0,0.0,0.0,0.8119285106658936,0.0,0.0,0.0,0.0,0.0,0.0,0.0,0.0,0.0,0.0,0.0,0.0
0.0,パンケーキ,"

【節約】フライパンで♪ふわふわパンケーキ


",0.0,0.0,0.0,0.0,0.0,0.0,0.0,0.0,0.0,0.0,0.5005447864532471,0.3627607226371765,0.25304272770881653,0.0,0.0,0.0,0.0,0.0,0.0,0.0,0.0,0.0,0.0,0.0,0.0,0.0,0.0,0.0,0.0,0.6207883954048157,0.0,0.4104274809360504,0.0,0.0,0.0,0.0,0.0,0.0,0.0,0.0,0.0,0.0,0.0,0.0,0.0,0.0,0.0,0.0
0.0,パンケーキ,"

卵白2つでふわっふわ♪スフレパンケーキ


",0.0,0.154306098818779,0.0,0.2638961970806122,0.29088059067726135,0.0,0.2737789452075958,0.2638961970806122,0.39932870864868164,0.33209291100502014,0.2535456120967865,0.0,0.12817609310150146,0.0,0.0,0.0,0.33538445830345154,0.1634894460439682,0.0,0.0,0.0,0.0,0.0,0.27817243337631226,0.0,0.0,0.0,0.0,0.0,0.0,0.0,0.0,0.33209291100502014,0.0,0.0,0.0,0.0,0.0,0.0,0.0,0.0,0.0,0.0,0.0,0.0,0.0,0.0,0.0
0.0,パンケーキ,"

超簡単で優しい甘さのコーン入りパンケーキ


",0.0,0.0,0.0,0.0,0.0,0.0,0.0,0.0,0.0,0.0,0.0,0.0,0.0,0.0,0.0,0.0,0.0,0.0,0.0,0.0,0.0,0.0,0.0,0.0,0.0,0.0,0.0,0.0,0.0,0.0,0.0,0.0,0.0,0.0,0.0,0.0,0.0,0.0,0.0,0.0,0.0,0.0,0.0,0.0,0.0,0.0,0.0,0.0
0.0,パンケーキ,"

きなこパンケーキ【手づかみ食べ】


",0.0,0.0,0.0,0.0,0.0,0.818424642086029,0.0,0.0,0.0,0.0,0.0,0.0,0.0,0.0,0.0,0.0,0.0,0.0,0.0,0.0,0.0,0.0,0.0,0.5746139287948608,0.0,0.0,0.0,0.0,0.0,0.0,0.0,0.0,0.0,0.0,0.0,0.0,0.0,0.0,0.0,0.0,0.0,0.0,0.0,0.0,0.0,0.0,0.0,0.0
0.0,パンケーキ,"

ｍとろふわ。きな粉パンケーキ


",0.0,0.0,1.0,0.0,0.0,0.0,0.0,0.0,0.0,0.0,0.0,0.0,0.0,0.0,0.0,0.0,0.0,0.0,0.0,0.0,0.0,0.0,0.0,0.0,0.0,0.0,0.0,0.0,0.0,0.0,0.0,0.0,0.0,0.0,0.0,0.0,0.0,0.0,0.0,0.0,0.0,0.0,0.0,0.0,0.0,0.0,0.0,0.0
0.0,パンケーキ,"

甘酒のパンケーキ


",0.0,0.0,0.0,0.0,0.0,0.3430592119693756,0.0,0.0,0.0,0.0,0.0,0.0,0.0,0.3966439962387085,0.46533119678497314,0.0,0.0,0.0,0.0,0.0,0.0,0.0,0.0,0.0,0.4932458698749542,0.0,0.0,0.0,0.0,0.0,0.0,0.0,0.0,0.0,0.0,0.0,0.0,0.0,0.0,0.5149362087249756,0.0,0.0,0.0,0.0,0.0,0.0,0.0,0.0
0.0,パンケーキ,"

ヨーグルトでリコッタパンケーキ風


",0.0,0.3241358995437622,0.0,0.0,0.0,0.0,0.0,0.5543412566184998,0.0,0.0,0.5325987935066223,0.0,0.2692471146583557,0.48113012313842773,0.0,0.0,0.0,0.0,0.0,0.0,0.0,0.0,0.0,0.0,0.0,0.0,0.0,0.0,0.0,0.0,0.0,0.0,0.0,0.0,0.0,0.0,0.0,0.0,0.0,0.0,0.0,0.0,0.0,0.0,0.0,0.0,0.0,0.0
0.0,パンケーキ,"

バナナパンケーキ


",0.0,0.0,0.0,0.0,0.0,0.0,0.0,0.0,0.0,0.0,0.0,0.652842104434967,0.0,0.0,0.0,0.0,0.0,0.0,0.0,0.7574940323829651,0.0,0.0,0.0,0.0,0.0,0.0,0.0,0.0,0.0,0.0,0.0,0.0,0.0,0.0,0.0,0.0,0.0,0.0,0.0,0.0,0.0,0.0,0.0,0.0,0.0,0.0,0.0,0.0
0.0,パンケーキ,"

豆乳でつくる薄焼きパンケーキ


",0.0,0.0,0.47763583064079285,0.0,0.0,0.0,0.0,0.0,0.0,0.0,0.0,0.0,0.0,0.0,0.0,0.0,0.0,0.0,0.0,0.0,0.0,0.8785579204559326,0.0,0.0,0.0,0.0,0.0,0.0,0.0,0.0,0.0,0.0,0.0,0.0,0.0,0.0,0.0,0.0,0.0,0.0,0.0,0.0,0.0,0.0,0.0,0.0,0.0,0.0
0.0,パンケーキ,"

小松菜のパンケーキ


",0.0,0.0,0.0,0.6154786348342896,0.0,0.46202608942985535,0.0,0.0,0.0,0.0,0.0,0.0,0.0,0.0,0.0,0.0,0.0,0.0,0.0,0.0,0.0,0.0,0.0,0.0,0.0,0.0,0.0,0.0,0.0,0.0,0.6385279297828674,0.0,0.0,0.0,0.0,0.0,0.0,0.0,0.0,0.0,0.0,0.0,0.0,0.0,0.0,0.0,0.0,0.0
0.0,パンケーキ,"

残り物パンケーキアレンジ！パインベーコン


",0.0,0.0,0.0,0.0,0.0,0.0,0.0,0.0,0.0,0.0,0.0,0.0,0.0,0.0,0.0,0.0,0.0,0.0,0.0,0.0,0.0,0.0,0.0,0.0,0.0,0.0,0.0,0.0,0.0,0.0,0.0,0.0,0.0,0.0,0.0,0.0,0.0,0.0,0.0,0.0,0.0,0.0,0.0,0.0,0.0,0.0,0.0,0.0
0.0,パンケーキ,"

パンケーキのチョコはさみ


",0.0,0.0,0.0,0.0,0.0,0.0,0.0,0.0,0.0,0.0,0.0,0.0,0.0,0.0,0.0,0.0,0.0,0.0,0.0,0.0,0.0,0.0,0.0,0.0,0.0,0.0,0.0,0.0,0.0,0.0,0.0,0.0,0.0,0.0,0.0,0.0,0.0,0.0,0.0,0.0,0.0,1.0,0.0,0.0,0.0,0.0,0.0,0.0
0.0,パンケーキ,"

米麹甘酒をつかったパンケーキ


",0.0,0.0,0.0,0.0,0.0,0.0,0.0,0.0,0.0,0.0,0.0,0.0,0.0,0.0,0.0,0.0,0.0,1.0,0.0,0.0,0.0,0.0,0.0,0.0,0.0,0.0,0.0,0.0,0.0,0.0,0.0,0.0,0.0,0.0,0.0,0.0,0.0,0.0,0.0,0.0,0.0,0.0,0.0,0.0,0.0,0.0,0.0,0.0
0.0,パンケーキ,"

小麦不使用の米粉パンケーキ


",0.0,0.0,0.0,0.0,0.49161723256111145,0.0,0.0,0.0,0.0,0.0,0.0,0.0,0.0,0.0,0.0,0.0,0.0,0.2763134837150574,0.0,0.0,0.36502954363822937,0.0,0.41492074728012085,0.23506958782672882,0.0,0.0,0.0,0.0,0.0,0.0,0.0,0.0,0.0,0.0,0.0,0.0,0.0,0.0,0.0,0.0,0.0,0.0,0.5668331980705261,0.0,0.0,0.0,0.0,0.0
0.0,パンケーキ,"

韓国シーフードパンケーキ


",0.0,0.25911542773246765,0.0,0.0,0.0,0.0,0.0,0.0,0.0,0.0,0.0,0.3085628151893616,0.0,0.0,0.0,0.3154121935367584,0.0,0.2745363712310791,0.0,0.0,0.36268186569213867,0.0,0.0,0.0,0.0,0.0,0.0,0.0,0.0,0.0,0.0,0.0,0.0,0.0,0.0,0.4626820385456085,0.0,0.0,0.0,0.0,0.0,0.0,0.5631876587867737,0.0,0.0,0.0,0.0,0.0
0.0,パンケーキ,"

乳無し ふわふわパンケーキ


",0.0,0.31994616985321045,0.34577256441116333,0.5471758842468262,0.6031267642974854,0.0,0.0,0.0,0.0,0.0,0.0,0.0,0.0,0.0,0.0,0.0,0.0,0.33898741006851196,0.0,0.0,0.0,0.0,0.0,0.0,0.0,0.0,0.0,0.0,0.0,0.0,0.0,0.0,0.0,0.0,0.0,0.0,0.0,0.0,0.0,0.0,0.0,0.0,0.0,0.0,0.0,0.0,0.0,0.0
0.0,パンケーキ,"

スフレパンケーキ


",0.0,0.0,0.0,0.0,0.0,0.0,0.0,0.5534688234329224,0.0,0.0,0.531760573387146,0.3853837847709656,0.26882338523864746,0.0,0.0,0.0,0.0,0.0,0.0,0.0,0.0,0.0,0.0,0.0,0.0,0.0,0.0,0.0,0.0,0.0,0.0,0.4360232353210449,0.0,0.0,0.0,0.0,0.0,0.0,0.0,0.0,0.0,0.0,0.0,0.0,0.0,0.0,0.0,0.0
0.0,パンケーキ,"

パンケーキで簡単☆ポケモンのヒバニー


",0.0,0.0,0.0,0.0,0.0,0.0,0.0,0.0,0.0,0.0,0.0,0.0,0.0,0.0,0.0,0.0,0.0,0.0,0.0,0.0,0.0,0.0,0.0,0.0,0.0,0.0,0.0,0.0,0.0,0.0,0.0,0.0,0.0,0.0,0.0,0.0,0.0,0.0,0.0,0.0,0.0,1.0,0.0,0.0,0.0,0.0,0.0,0.0
0.0,パンケーキ,"

軽くてしっとり豆腐パンケーキ


",0.0,0.0,0.0,0.0,0.0,0.0,0.0,0.0,0.0,0.0,0.0,0.0,0.0,0.0,0.0,0.0,0.0,0.0,0.0,0.0,0.0,0.7807336449623108,0.6248639822006226,0.0,0.0,0.0,0.0,0.0,0.0,0.0,0.0,0.0,0.0,0.0,0.0,0.0,0.0,0.0,0.0,0.0,0.0,0.0,0.0,0.0,0.0,0.0,0.0,0.0
0.0,パンケーキ,"

もちもち！ふわふわ！パンケーキ！


",0.0,0.4210158884525299,0.0,0.0,0.0,0.0,0.0,0.0,0.0,0.0,0.0,0.0,0.3497215509414673,0.0,0.0,0.0,0.0,0.0,0.0,0.0,0.0,0.8369231820106506,0.0,0.0,0.0,0.0,0.0,0.0,0.0,0.0,0.0,0.0,0.0,0.0,0.0,0.0,0.0,0.0,0.0,0.0,0.0,0.0,0.0,0.0,0.0,0.0,0.0,0.0
0.0,パンケーキ,"

離乳食に！米粉とほうれん草のパンケーキ


",0.0,0.0,0.34230244159698486,0.0,0.0,0.0,0.0,0.0,0.0,0.0,0.0,0.0,0.26309967041015625,0.0,0.0,0.0,0.0,0.335585355758667,0.0,0.0,0.44333186745643616,0.0,0.0,0.0,0.0,0.0,0.0,0.0,0.0,0.0,0.0,0.0,0.0,0.0,0.0,0.0,0.0,0.0,0.0,0.0,0.7102442383766174,0.0,0.0,0.0,0.0,0.0,0.0,0.0
0.0,パンケーキ,"

そば粉のパンケーキ


",0.0,0.3382646143436432,0.0,0.0,0.0,0.0,0.0,0.0,0.0,0.0,0.0,0.0,0.2809832692146301,0.0,0.0,0.8235154747962952,0.0,0.358396053314209,0.0,0.0,0.0,0.0,0.0,0.0,0.0,0.0,0.0,0.0,0.0,0.0,0.0,0.0,0.0,0.0,0.0,0.0,0.0,0.0,0.0,0.0,0.0,0.0,0.0,0.0,0.0,0.0,0.0,0.0
0.0,パンケーキ,"

ビスケットが余った！パンケーキに変身


",0.0,0.0,0.0,0.0,0.0,0.0,0.0,0.0,0.0,0.0,0.0,0.0,0.0,0.0,0.0,0.0,0.0,0.0,0.0,0.0,0.0,0.0,0.0,0.0,0.0,0.0,0.0,0.0,0.0,0.0,0.0,0.0,0.0,0.0,0.0,0.0,0.0,0.0,0.0,0.0,0.0,0.0,0.0,0.0,0.0,0.0,0.0,0.0
0.0,パンケーキ,"

酒粕パンケーキ


",0.0,0.0,0.33827322721481323,0.5353083610534668,0.0,0.0,0.0,0.0,0.0,0.0,0.0,0.0,0.0,0.0,0.0,0.0,0.0,0.0,0.0,0.0,0.0,0.6222159266471863,0.0,0.0,0.0,0.0,0.0,0.46028637886047363,0.0,0.0,0.0,0.0,0.0,0.0,0.0,0.0,0.0,0.0,0.0,0.0,0.0,0.0,0.0,0.0,0.0,0.0,0.0,0.0
0.0,パンケーキ,"

低糖質★おからパンケーキ


",0.0,0.0,0.0,0.0,0.0,0.0,0.0,0.0,0.0,0.0,0.0,0.0,0.0,0.0,0.0,0.0,0.0,0.0,0.0,0.0,0.0,0.0,0.0,0.0,0.0,0.0,1.0,0.0,0.0,0.0,0.0,0.0,0.0,0.0,0.0,0.0,0.0,0.0,0.0,0.0,0.0,0.0,0.0,0.0,0.0,0.0,0.0,0.0
0.0,パンケーキ,"

とってもしっとり♪ふんわりパンケーキ


",0.0,0.0,0.32404014468193054,0.0,0.0,0.0,0.0,0.0,0.0,0.0,0.0,0.0,0.2490629404783249,0.0,0.0,0.0,0.0,0.0,0.0,0.0,0.0,0.0,0.0,0.27026277780532837,0.0,0.6217494010925293,0.0,0.0,0.0,0.6110248565673828,0.0,0.0,0.0,0.0,0.0,0.0,0.0,0.0,0.0,0.0,0.0,0.0,0.0,0.0,0.0,0.0,0.0,0.0
0.0,パンケーキ,"

ふんわり仕上げ♪ヨーグルトパンケーキ


",0.0,0.40052732825279236,0.0,0.0,0.0,0.0,0.0,0.0,0.0,0.0,0.0,0.0,0.33270251750946045,0.0,0.0,0.0,0.0,0.0,0.0,0.0,0.0,0.0,0.0,0.0,0.0,0.0,0.0,0.0,0.0,0.0,0.0,0.0,0.0,0.8537487387657166,0.0,0.0,0.0,0.0,0.0,0.0,0.0,0.0,0.0,0.0,0.0,0.0,0.0,0.0
0.0,パンケーキ,"

超簡単！分厚いパンケーキ


",0.0,0.26321882009506226,0.0,0.0,0.0,0.0,0.0,0.45016008615493774,0.3405919671058655,0.5664916038513184,0.4325038492679596,0.0,0.21864566206932068,0.0,0.0,0.0,0.0,0.0,0.0,0.0,0.0,0.0,0.0,0.23725642263889313,0.0,0.0,0.0,0.0,0.0,0.0,0.0,0.0,0.0,0.0,0.0,0.0,0.0,0.0,0.0,0.0,0.0,0.0,0.0,0.0,0.0,0.0,0.0,0.0
0.0,パンケーキ,"

フワフワ♪おから入りバナナパンケーキ


",0.0,0.19267113506793976,0.20822376012802124,0.0,0.0,0.0,0.0,0.0,0.0,0.0,0.0,0.0,0.16004443168640137,0.0,0.0,0.0,0.4187709093093872,0.20413774251937866,0.0,0.266218364238739,0.0,0.0,0.0,0.17366714775562286,0.0,0.0,0.3418484628200531,0.0,0.0,0.0,0.0,0.0,0.4146609902381897,0.41069042682647705,0.0,0.3440376818180084,0.0,0.0,0.0,0.0,0.0,0.0,0.0,0.0,0.0,0.0,0.0,0.0
0.0,パンケーキ,"

そば粉のパンケーキ(創作)


",0.0,0.0,0.0,0.0,0.0,0.0,0.0,0.0,0.0,0.0,0.0,0.0,0.0,0.0,0.0,0.0,0.0,0.7616629600524902,0.0,0.0,0.0,0.0,0.0,0.6479734182357788,0.0,0.0,0.0,0.0,0.0,0.0,0.0,0.0,0.0,0.0,0.0,0.0,0.0,0.0,0.0,0.0,0.0,0.0,0.0,0.0,0.0,0.0,0.0,0.0
0.0,パンケーキ,"

子供ごはんおやつにアンパンマンパンケーキ


",0.0,0.0,0.0,0.0,0.0,0.0,0.0,0.0,0.0,0.0,0.0,0.0,0.0,0.0,0.0,0.0,0.0,0.0,0.0,0.0,0.0,0.0,0.0,0.0,0.0,0.0,0.0,0.0,0.0,0.0,0.0,0.0,0.0,0.0,0.0,0.0,0.0,0.0,0.0,0.0,0.0,0.0,0.0,0.0,0.0,1.0,0.0,0.0
0.0,パンケーキ,"

ふんわりバナナとナッツのパンケーキ


",0.43300989270210266,0.21428364515304565,0.23158085346221924,0.0,0.40394356846809387,0.0,0.0,0.0,0.0,0.0,0.0,0.25517570972442627,0.17799709737300873,0.0,0.0,0.2608400285243988,0.0,0.2270364910364151,0.0,0.0,0.0,0.0,0.0,0.0,0.0,0.0,0.0,0.0,0.0,0.0,0.0,0.5774115920066833,0.0,0.0,0.0,0.0,0.0,0.0,0.0,0.0,0.0,0.0,0.0,0.0,0.0,0.0,0.0,0.0
0.0,パンケーキ,"

離乳食後期～　ココアバナナパンケーキ


",0.0,0.3404260277748108,0.0,0.0,0.0,0.0,0.0,0.0,0.0,0.0,0.0,0.0,0.0,0.0,0.0,0.0,0.0,0.0,0.0,0.4703748822212219,0.0,0.0,0.541617214679718,0.0,0.0,0.0,0.0,0.0,0.0,0.0,0.0,0.0,0.0,0.0,0.0,0.6078720092773438,0.0,0.0,0.0,0.0,0.0,0.0,0.0,0.0,0.0,0.0,0.0,0.0
0.0,パンケーキ,"

ダイエット！夜中のパンケーキ


",0.0,0.0,0.0,0.0,0.4042688310146332,0.0,0.38050079345703125,0.0,0.0,0.0,0.0,0.25538119673728943,0.0,0.0,0.0,0.0,0.0,0.22721931338310242,0.0,0.0,0.30017268657684326,0.0,0.34119945764541626,0.1933034509420395,0.0,0.0,0.0,0.0,0.0,0.0,0.0,0.2889382839202881,0.0,0.0,0.0,0.0,0.0,0.0,0.0,0.0,0.0,0.0,0.0,0.0,0.49755945801734924,0.0,0.0,0.0
0.0,パンケーキ,"

りんごのパンケーキ


",0.0,0.0,0.0,0.0,0.0,0.0,0.0,0.0,0.0,0.0,0.0,0.0,0.0,0.0,0.0,0.0,0.0,0.0,0.0,0.0,0.0,0.0,0.0,0.2997840940952301,0.6139111518859863,0.0,0.0,0.0,0.0,0.0,0.0,0.0,0.0,0.0,0.0,0.0,0.0,0.0,0.7302346229553223,0.0,0.0,0.0,0.0,0.0,0.0,0.0,0.0,0.0
0.0,パンケーキ,"

幼児食*お野菜パンケーキ②　覚書


",0.0,0.0,0.0,0.0,0.0,0.0,0.0,0.0,0.0,0.0,0.0,0.0,0.0,0.8547478914260864,0.0,0.0,0.0,0.0,0.0,0.0,0.0,0.0,0.0,0.5190433859825134,0.0,0.0,0.0,0.0,0.0,0.0,0.0,0.0,0.0,0.0,0.0,0.0,0.0,0.0,0.0,0.0,0.0,0.0,0.0,0.0,0.0,0.0,0.0,0.0
0.0,パンケーキ,"

ローストビーフパンケーキ


",0.0,0.20328332483768463,0.0,0.0,0.0,0.0,0.0,0.0,0.0,0.0,0.0,0.0,0.1688595712184906,0.0,0.7079921364784241,0.0,0.44183653593063354,0.0,0.0,0.0,0.0,0.0,0.0,0.0,0.0,0.0,0.0,0.0,0.0,0.0,0.0,0.0,0.0,0.0,0.0,0.0,0.0,0.0,0.0,0.0,0.0,0.4834149479866028,0.0,0.0,0.0,0.0,0.0,0.0
0.0,パンケーキ,"

アメリカごはん☆パンケーキ


",0.0,0.254773885011673,0.0,0.0,0.0,0.0,0.4520348012447357,0.0,0.0,0.0,0.0,0.0,0.21163077652454376,0.0,0.0,0.6202547550201416,0.0,0.0,0.0,0.0,0.0,0.0,0.0,0.22964443266391754,0.0,0.0,0.0,0.0,0.0,0.0,0.0,0.0,0.0,0.0,0.0,0.0,0.0,0.0,0.0,0.0,0.0,0.0,0.0,0.49851247668266296,0.0,0.0,0.0,0.0
0.0,パンケーキ,"

糖質オフ！大豆づくしのパンケーキ風な何か


",0.0,0.0,0.0,0.0,0.0,0.0,0.0,0.0,0.0,0.0,0.0,0.0,0.0,0.0,0.0,0.0,0.0,0.0,0.0,0.0,0.0,0.0,0.6676110029220581,0.0,0.0,0.0,0.744510293006897,0.0,0.0,0.0,0.0,0.0,0.0,0.0,0.0,0.0,0.0,0.0,0.0,0.0,0.0,0.0,0.0,0.0,0.0,0.0,0.0,0.0
0.0,パンケーキ,"

りんごと人参のもちもちパンケーキ


",0.0,0.0,0.0,0.0,0.0,0.0,0.0,0.0,0.0,0.0,0.0,0.0,0.0,0.0,0.0,0.0,0.0,0.0,0.0,0.0,0.0,0.0,0.0,0.0,0.0,0.0,0.0,1.0,0.0,0.0,0.0,0.0,0.0,0.0,0.0,0.0,0.0,0.0,0.0,0.0,0.0,0.0,0.0,0.0,0.0,0.0,0.0,0.0
0.0,パンケーキ,"

オートミールパンケーキ きのこソテー添え


",0.4754706621170044,0.0,0.25428956747055054,0.0,0.0,0.30207759141921997,0.0,0.0,0.0,0.0,0.0,0.0,0.0,0.34926119446754456,0.4097430408000946,0.5728358030319214,0.0,0.0,0.0,0.0,0.0,0.0,0.0,0.0,0.0,0.0,0.0,0.0,0.0,0.0,0.0,0.0,0.0,0.0,0.0,0.0,0.0,0.0,0.0,0.0,0.0,0.0,0.0,0.0,0.0,0.0,0.0,0.0
0.0,パンケーキ,"

ふわもちバナナとヨーグルトのパンケーキ


",0.0,0.0,0.0,0.0,0.0,0.0,0.0,0.0,0.0,0.0,0.0,0.0,0.0,0.39818477630615234,0.0,0.0,0.0,0.0,0.0,0.3706556558609009,0.0,0.0,0.0,0.0,0.0,0.0,0.0,0.0,0.0,0.0,0.47595539689064026,0.36142298579216003,0.0,0.0,0.0,0.0,0.0,0.0,0.5889848470687866,0.0,0.0,0.0,0.0,0.0,0.0,0.0,0.0,0.0
0.0,パンケーキ,"

バナナパンケーキ( ^ω^ )


",0.0,0.0,0.0,0.0,0.0,0.0,0.0,0.0,0.4569866955280304,0.0,0.0,0.42056819796562195,0.0,0.5242295265197754,0.0,0.0,0.0,0.0,0.0,0.48798611760139465,0.0,0.0,0.0,0.31833702325820923,0.0,0.0,0.0,0.0,0.0,0.0,0.0,0.0,0.0,0.0,0.0,0.0,0.0,0.0,0.0,0.0,0.0,0.0,0.0,0.0,0.0,0.0,0.0,0.0
0.0,パンケーキ,"

離乳食幼児食野菜たっぷりパンケーキ


",0.0,0.0,0.33816292881965637,0.0,0.0,0.0,0.0,0.0,0.0,0.0,0.0,0.37261703610420227,0.2599179446697235,0.0,0.0,0.0,0.0,0.0,0.0,0.4323482811450958,0.0,0.0,0.0,0.0,0.0,0.0,0.0,0.0,0.0,0.0,0.0,0.0,0.0,0.0,0.0,0.0,0.0,0.0,0.0,0.0,0.7016552090644836,0.0,0.0,0.0,0.0,0.0,0.0,0.0
0.0,パンケーキ,"

じゃがいものパンケーキ


",0.0,0.0,0.0,0.0,0.0,0.0,0.0,0.0,0.0,0.0,0.0,0.0,0.0,0.0,0.0,1.0,0.0,0.0,0.0,0.0,0.0,0.0,0.0,0.0,0.0,0.0,0.0,0.0,0.0,0.0,0.0,0.0,0.0,0.0,0.0,0.0,0.0,0.0,0.0,0.0,0.0,0.0,0.0,0.0,0.0,0.0,0.0,0.0
0.0,パンケーキ,"

じゃがいものパンケーキ


",0.0,0.0,0.0,0.0,0.5484220385551453,0.3734967112541199,0.0,0.0,0.0,0.0,0.0,0.34644439816474915,0.0,0.0,0.0,0.3541346490383148,0.0,0.0,0.0,0.0,0.0,0.0,0.0,0.0,0.0,0.0,0.0,0.0,0.0,0.0,0.0,0.0,0.0,0.0,0.0,0.0,0.0,0.0,0.0,0.560623288154602,0.0,0.0,0.0,0.0,0.0,0.0,0.0,0.0
0.0,パンケーキ,"

実波のパンケーキ


",0.0,0.0,0.0,0.0,0.0,0.27648434042930603,0.0,0.0,0.27866628766059875,0.46349334716796875,0.35386693477630615,0.0,0.17889198660850525,0.31967034935951233,0.0,0.0,0.0,0.0,0.0,0.0,0.0,0.0,0.0,0.0,0.0,0.4465778172016144,0.0,0.0,0.0,0.0,0.0,0.0,0.0,0.0,0.0,0.0,0.0,0.0,0.0,0.41500648856163025,0.0,0.0,0.0,0.0,0.0,0.0,0.0,0.0
0.0,パンケーキ,"

10ヶ月☆納豆パンケーキ 野菜スープ


",0.0,0.0,0.0,0.0,0.0,0.0,0.0,0.0,0.0,0.0,0.0,0.0,0.0,0.0,0.0,0.0,0.0,0.0,0.0,0.0,0.0,0.0,0.0,0.0,0.0,0.0,0.0,0.560367226600647,0.0,0.0,0.0,0.0,0.0,0.0,0.0,0.0,0.0,0.0,0.0,0.0,0.0,0.0,0.8282442688941956,0.0,0.0,0.0,0.0,0.0
0.0,パンケーキ,"

リカちゃんホットケーキ粉ホッパンケーキ


",0.0,0.0,0.0,0.0,0.0,0.4262335002422333,0.0,0.0,0.0,0.0,0.545527994632721,0.0,0.0,0.0,0.0,0.0,0.0,0.0,0.0,0.0,0.0,0.0,0.0,0.0,0.0,0.0,0.0,0.0,0.0,0.0,0.0,0.0,0.0,0.0,0.0,0.0,0.0,0.0,0.0,0.0,0.0,0.0,0.7216122150421143,0.0,0.0,0.0,0.0,0.0
0.0,パンケーキ,"

パンケーキ


",0.0,0.0,0.0,0.0,0.0,0.662407636642456,0.0,0.0,0.0,0.0,0.0,0.6144295334815979,0.42859360575675964,0.0,0.0,0.0,0.0,0.0,0.0,0.0,0.0,0.0,0.0,0.0,0.0,0.0,0.0,0.0,0.0,0.0,0.0,0.0,0.0,0.0,0.0,0.0,0.0,0.0,0.0,0.0,0.0,0.0,0.0,0.0,0.0,0.0,0.0,0.0
0.0,パンケーキ,"

茶殻に残った栄養ゲットパンケーキ


",0.0,0.0,1.0,0.0,0.0,0.0,0.0,0.0,0.0,0.0,0.0,0.0,0.0,0.0,0.0,0.0,0.0,0.0,0.0,0.0,0.0,0.0,0.0,0.0,0.0,0.0,0.0,0.0,0.0,0.0,0.0,0.0,0.0,0.0,0.0,0.0,0.0,0.0,0.0,0.0,0.0,0.0,0.0,0.0,0.0,0.0,0.0,0.0
0.0,パンケーキ,"

グルテンフリー 米粉のパンケーキ


",0.0,0.0,0.35880863666534424,0.0,0.0,0.0,0.0,0.0,0.42960241436958313,0.0,0.0,0.0,0.0,0.0,0.0,0.0,0.0,0.3517676591873169,0.0,0.0,0.4647098481655121,0.0,0.0,0.0,0.0,0.0,0.0,0.0,0.0,0.0,0.5890690684318542,0.0,0.0,0.0,0.0,0.0,0.0,0.0,0.0,0.0,0.0,0.0,0.0,0.0,0.0,0.0,0.0,0.0
0.0,パンケーキ,"

リブレフラワーのパンケーキ


",0.0,0.0,1.0,0.0,0.0,0.0,0.0,0.0,0.0,0.0,0.0,0.0,0.0,0.0,0.0,0.0,0.0,0.0,0.0,0.0,0.0,0.0,0.0,0.0,0.0,0.0,0.0,0.0,0.0,0.0,0.0,0.0,0.0,0.0,0.0,0.0,0.0,0.0,0.0,0.0,0.0,0.0,0.0,0.0,0.0,0.0,0.0,0.0
0.0,パンケーキ,"

天板パンケーキ


",0.0,0.36527010798454285,0.0,0.0,0.0,0.0,0.0,0.0,0.4726411998271942,0.0,0.0,0.0,0.0,0.0,0.0,0.0,0.0,0.0,0.0,0.0,0.0,0.0,0.0,0.0,0.0,0.0,0.0,0.0,0.0,0.0,0.0,0.0,0.0,0.0,0.0,0.0,0.0,0.0,0.8019900321960449,0.0,0.0,0.0,0.0,0.0,0.0,0.0,0.0,0.0
0.0,パンケーキ,"

もちモチパンケーキ♪


",0.0,0.24369028210639954,0.0,0.0,0.0,0.0,0.4323696196079254,0.0,0.0,0.0,0.0,0.0,0.2024240493774414,0.0,0.4243604242801666,0.0,0.0,0.0,0.552496075630188,0.0,0.0,0.0,0.0,0.0,0.0,0.0,0.0,0.0,0.0,0.0,0.0,0.0,0.0,0.0,0.0,0.0,0.0,0.0,0.0,0.0,0.0,0.0,0.0,0.4768253564834595,0.0,0.0,0.0,0.0
0.0,パンケーキ,"

大豆粉パンケーキ（トースター）


",0.0,0.0,0.0,0.0,0.0,0.0,0.6234424114227295,0.0,0.0,0.0,0.0,0.0,0.0,0.0,0.0,0.0,0.0,0.37229397892951965,0.0,0.0,0.0,0.0,0.0,0.0,0.0,0.0,0.0,0.0,0.0,0.0,0.0,0.0,0.0,0.0,0.0,0.0,0.0,0.0,0.0,0.0,0.0,0.0,0.0,0.6875439882278442,0.0,0.0,0.0,0.0
0.0,パンケーキ,"

生地に刻みチョコを練り込むミニパンケーキ


",0.0,0.0,0.0,0.0,0.0,0.0,0.0,0.0,0.0,0.0,0.0,0.0,0.0,0.0,0.0,0.0,0.0,0.0,0.0,0.0,0.0,0.0,0.0,0.0,0.0,0.0,0.0,0.0,0.0,0.0,0.0,0.0,0.0,0.0,0.0,0.0,0.0,0.0,0.0,0.0,0.0,0.0,0.0,0.0,0.0,0.0,0.0,0.0
0.0,パンケーキ,"

簡単混ぜるだけ米粉のパンケーキ


",0.0,0.0,0.0,0.0,0.5062348246574402,0.0,0.0,0.0,0.0,0.0,0.0,0.0,0.22307157516479492,0.0,0.0,0.0,0.0,0.28452926874160767,0.0,0.3710578978061676,0.37588319182395935,0.0,0.0,0.0,0.0,0.0,0.0,0.0,0.0,0.0,0.0,0.0,0.0,0.0,0.0,0.0,0.5779587626457214,0.0,0.0,0.0,0.0,0.0,0.0,0.0,0.0,0.0,0.0,0.0
0.0,パンケーキ,"

幼児食 ほうれん草とカボチャのパンケーキ


",0.0,0.0,0.0,0.0,0.0,0.0,0.0,0.0,0.0,0.0,0.0,0.0,0.0,0.0,0.0,0.0,0.0,0.0,0.0,0.0,0.0,0.0,0.0,0.0,0.0,0.0,0.0,0.0,0.0,0.0,0.0,0.0,0.0,0.0,0.0,0.0,0.0,0.0,0.0,0.0,1.0,0.0,0.0,0.0,0.0,0.0,0.0,0.0
0.0,パンケーキ,"

黒豆煮を活用♪優しい味の簡単パンケーキ♪


",0.0,0.0,0.14786967635154724,0.0,0.0,0.1756584644317627,0.0,0.0,0.0,0.0,0.0,0.0,0.0,0.0,0.0,0.16655233502388,0.29738932847976685,0.0,0.6204209923744202,0.0,0.19151292741298676,0.0,0.0,0.12332937866449356,0.0,0.0,0.0,0.0,0.0,0.0,0.0,0.5530357956886292,0.0,0.0,0.0,0.0,0.0,0.0,0.0,0.0,0.0,0.0,0.29738932847976685,0.0,0.0,0.0,0.0,0.0
0.0,パンケーキ,"

強力粉のバナナパンケーキ


",0.0,0.0,0.0,0.0,0.0,0.0,0.0,0.0,0.0,0.0,0.0,0.3941159248352051,0.2749144732952118,0.0,0.0,0.0,0.0,0.0,0.0,0.4572935104370117,0.0,0.0,0.0,0.2983147203922272,0.0,0.6862839460372925,0.0,0.0,0.0,0.0,0.0,0.0,0.0,0.0,0.0,0.0,0.0,0.0,0.0,0.0,0.0,0.0,0.0,0.0,0.0,0.0,0.0,0.0
0.0,パンケーキ,"

おからとホエーのパンケーキ


",0.0,0.0,0.0,0.0,0.0,0.0,0.0,0.0,0.0,0.0,0.0,0.0,0.0,0.0,0.0,0.0,0.0,0.0,0.0,0.0,0.0,0.0,0.0,0.0,0.0,0.0,1.0,0.0,0.0,0.0,0.0,0.0,0.0,0.0,0.0,0.0,0.0,0.0,0.0,0.0,0.0,0.0,0.0,0.0,0.0,0.0,0.0,0.0
0.0,パンケーキ,"

ぶどうとバナナの３段パンケーキ


",0.0,0.0,0.0,0.0,0.0,0.0,0.0,0.0,0.0,0.0,0.0,0.0,0.0,0.0,0.0,0.0,0.0,0.0,0.0,1.0,0.0,0.0,0.0,0.0,0.0,0.0,0.0,0.0,0.0,0.0,0.0,0.0,0.0,0.0,0.0,0.0,0.0,0.0,0.0,0.0,0.0,0.0,0.0,0.0,0.0,0.0,0.0,0.0
0.0,パンケーキ,"

パンケーキ（苺ソース）


",0.0,0.0,0.0,0.0,0.0,0.0,0.0,0.0,0.0,0.0,0.0,0.0,0.0,0.0,0.0,0.0,0.0,0.0,0.0,0.0,0.0,0.0,0.0,0.0,0.0,0.0,0.0,0.0,0.0,0.0,0.0,0.0,0.0,0.0,0.0,0.0,0.0,0.0,0.0,1.0,0.0,0.0,0.0,0.0,0.0,0.0,0.0,0.0
0.0,パンケーキ,"

離乳食にも☆米粉の甘酒パンケーキ。


",0.0,0.0,0.0,0.0,0.0,0.0,0.0,0.0,0.0,0.0,0.0,0.0,0.33982494473457336,0.6072489023208618,0.0,0.0,0.0,0.4334489703178406,0.0,0.0,0.5726165771484375,0.0,0.0,0.0,0.0,0.0,0.0,0.0,0.0,0.0,0.0,0.0,0.0,0.0,0.0,0.0,0.0,0.0,0.0,0.0,0.0,0.0,0.0,0.0,0.0,0.0,0.0,0.0
0.0,パンケーキ,"

いつもと違うパンケーキ！クランペット


",0.0,0.18743446469306946,0.0,0.0,0.0,0.2406318038702011,0.0,0.0,0.24253080785274506,0.0,0.0,0.0,0.0,0.0,0.0,0.22815746068954468,0.4073890149593353,0.19858942925930023,0.0,0.0,0.0,0.0,0.0,0.3378939926624298,0.0,0.3886687457561493,0.0,0.0,0.0,0.0,0.0,0.0,0.4033908247947693,0.0,0.0,0.0,0.4033908247947693,0.0,0.0,0.0,0.0,0.0,0.0,0.0,0.0,0.0,0.0,0.0
0.0,パンケーキ,"

ふわふわパンケーキ


",0.0,0.0,0.0,0.0,0.0,0.5461434721946716,0.0,0.0,0.5504534840583801,0.0,0.0,0.0,0.0,0.6314494013786316,0.0,0.0,0.0,0.0,0.0,0.0,0.0,0.0,0.0,0.0,0.0,0.0,0.0,0.0,0.0,0.0,0.0,0.0,0.0,0.0,0.0,0.0,0.0,0.0,0.0,0.0,0.0,0.0,0.0,0.0,0.0,0.0,0.0,0.0
0.0,パンケーキ,"

離乳食後期～　バナナパンケーキ


",0.0,0.4288049340248108,0.0,0.0,0.0,0.0,0.0,0.0,0.0,0.0,0.0,0.0,0.0,0.31824761629104614,0.0,0.0,0.0,0.0,0.0,0.5924901962280273,0.0,0.0,0.34111398458480835,0.0,0.0,0.0,0.0,0.0,0.0,0.0,0.0,0.0,0.0,0.0,0.0,0.0,0.0,0.0,0.0,0.0,0.0,0.0,0.0,0.0,0.4974348247051239,0.0,0.0,0.0
0.0,パンケーキ,"

韓国ベジタブルパンケーキ２０２０


",0.0,0.283995658159256,0.0,0.0,0.0,0.0,0.0,0.0,0.0,0.0,0.0,0.3381909728050232,0.0,0.0,0.0,0.3456980288028717,0.0,0.0,0.0,0.0,0.0,0.0,0.0,0.0,0.0,0.0,0.0,0.4176243543624878,0.0,0.0,0.5038818120956421,0.0,0.0,0.0,0.0,0.5071086883544922,0.0,0.0,0.0,0.0,0.0,0.0,0.0,0.0,0.0,0.0,0.0,0.0
0.0,パンケーキ,"

バナナのパンケーキ


",0.0,0.0,0.0,0.0,0.0,0.0,0.0,0.0,0.0,0.0,0.0,0.0,0.0,0.49663034081459045,0.0,0.0,0.0,0.0,0.0,0.4622950553894043,0.0,0.0,0.0,0.0,0.0,0.0,0.0,0.0,0.0,0.0,0.0,0.0,0.0,0.0,0.0,0.0,0.0,0.0,0.7346030473709106,0.0,0.0,0.0,0.0,0.0,0.0,0.0,0.0,0.0
0.0,パンケーキ,"

離乳食後期☆簡単 納豆パンケーキ


",0.0,0.0,0.0,0.0,0.0,0.0,0.0,0.0,0.0,0.0,0.0,1.0,0.0,0.0,0.0,0.0,0.0,0.0,0.0,0.0,0.0,0.0,0.0,0.0,0.0,0.0,0.0,0.0,0.0,0.0,0.0,0.0,0.0,0.0,0.0,0.0,0.0,0.0,0.0,0.0,0.0,0.0,0.0,0.0,0.0,0.0,0.0,0.0
0.0,パンケーキ,"

バターミルクパンケーキ2


",0.5199897885322571,0.2573273777961731,0.0,0.0,0.0,0.0,0.0,0.0,0.33296874165534973,0.5538122057914734,0.0,0.3064335584640503,0.0,0.0,0.0,0.31323567032814026,0.0,0.0,0.0,0.0,0.0,0.0,0.0,0.23194608092308044,0.0,0.0,0.0,0.0,0.0,0.0,0.0,0.0,0.0,0.0,0.0,0.0,0.0,0.0,0.0,0.0,0.0,0.0,0.0,0.0,0.0,0.0,0.0,0.0
0.0,パンケーキ,"

ダイソーの型で！ミッキーパンケーキ


",0.0,0.2090172916650772,0.0,0.0,0.0,0.26834022998809814,0.0,0.0,0.2704578936100006,0.0,0.0,0.0,0.17362254858016968,0.31025415658950806,0.0,0.25442948937416077,0.45429933071136475,0.22145672142505646,0.0,0.0,0.0,0.0,0.0,0.0,0.0,0.0,0.0,0.0,0.0,0.0,0.0,0.0,0.4498407244682312,0.0,0.0,0.0,0.0,0.0,0.0,0.4027820825576782,0.0,0.0,0.0,0.0,0.0,0.0,0.0,0.0
0.0,パンケーキ,"

Bestサワークリームパンケーキ２０２０


",0.0,0.0,0.0,0.0,0.0,0.0,0.0,0.46067097783088684,0.0,0.0,0.4426024854183197,0.3207680881023407,0.0,0.0,0.0,0.6557767391204834,0.0,0.0,0.0,0.0,0.0,0.0,0.0,0.2427961826324463,0.0,0.0,0.0,0.0,0.0,0.0,0.0,0.0,0.0,0.0,0.0,0.0,0.0,0.0,0.0,0.0,0.0,0.0,0.0,0.0,0.0,0.0,0.0,0.0
0.0,パンケーキ,"

餅入り！モチフワパンケーキ


",0.0,0.19983859360218048,0.0,0.3417664170265198,0.0,0.0,0.0,0.0,0.5171622633934021,0.0,0.0,0.0,0.1659981608390808,0.0,0.0,0.0,0.43434938788414,0.21173176169395447,0.0,0.0,0.0,0.0,0.0,0.36025530099868774,0.0,0.0,0.0,0.0,0.0,0.0,0.0,0.0,0.43008658289909363,0.0,0.0,0.0,0.0,0.0,0.0,0.0,0.0,0.0,0.0,0.0,0.0,0.0,0.0,0.0
0.0,パンケーキ,"

バターミルクパンケーキ1－２０２０


",0.49946853518486023,0.2471720278263092,0.0,0.0,0.0,0.0,0.0,0.0,0.0,0.0,0.0,0.29434025287628174,0.2053162157535553,0.0,0.0,0.6017478108406067,0.0,0.0,0.0,0.0,0.0,0.0,0.0,0.445584774017334,0.0,0.0,0.0,0.0,0.0,0.0,0.0,0.0,0.0,0.0,0.0,0.0,0.0,0.0,0.0,0.0,0.0,0.0,0.0,0.0,0.0,0.0,0.0,0.0
0.0,パンケーキ,"

HMでふわふわパンケーキ


",0.0,0.0,0.0,0.0,0.0,0.0,0.402174711227417,0.38765719532966614,0.0,0.0,0.37245243787765503,0.0,0.0,0.0,0.0,0.0,0.0,0.0,0.0,0.0,0.0,0.0,0.0,0.0,0.0,0.0,0.0,0.0,0.0,0.0,0.402174711227417,0.0,0.0,0.0,0.0,0.0,0.0,0.0,0.0,0.43680307269096375,0.0,0.0,0.0,0.4435258209705353,0.0,0.0,0.0,0.0
0.0,パンケーキ,"

ふわふわJOLI cafeパンケーキ


",0.0,0.0,0.0,0.0,0.0,0.0,0.0,0.0,0.0,0.0,0.0,0.4523995518684387,0.31557002663612366,0.0,0.0,0.0,0.0,0.0,0.0,0.0,0.0,0.0,0.0,0.0,0.0,0.0,0.0,0.0,0.0,0.0,0.0,0.0,0.0,0.0,0.0,0.0,0.0,0.0,0.8341163992881775,0.0,0.0,0.0,0.0,0.0,0.0,0.0,0.0,0.0
0.0,パンケーキ,"

強力粉とタピオカ粉とイーストのパンケーキ


",0.0,0.0,0.0,0.0,0.0,0.0,0.0,0.4707782566547394,0.0,0.0,0.0,0.0,0.0,0.0,0.0,0.33508235216140747,0.0,0.5833147764205933,0.0,0.0,0.0,0.0,0.0,0.0,0.0,0.5708165168762207,0.0,0.0,0.0,0.0,0.0,0.0,0.0,0.0,0.0,0.0,0.0,0.0,0.0,0.0,0.0,0.0,0.0,0.0,0.0,0.0,0.0,0.0
0.0,パンケーキ,"

HMで カステラパンケーキ スフレ


",0.0,0.0,0.0,0.0,0.0,0.0,0.0,0.0,0.0,0.0,0.0,0.0,0.0,0.0,0.0,0.0,0.0,0.0,0.0,0.0,0.0,0.0,0.0,1.0,0.0,0.0,0.0,0.0,0.0,0.0,0.0,0.0,0.0,0.0,0.0,0.0,0.0,0.0,0.0,0.0,0.0,0.0,0.0,0.0,0.0,0.0,0.0,0.0
0.0,パンケーキ,"

簡単パンケーキレシピ


",0.5852155089378357,0.28960561752319336,0.0,0.0,0.0,0.0,0.0,0.0,0.0,0.0,0.0,0.34487152099609375,0.24056415259838104,0.0,0.0,0.35252687335014343,0.0,0.0,0.0,0.0,0.0,0.0,0.0,0.522081196308136,0.0,0.0,0.0,0.0,0.0,0.0,0.0,0.0,0.0,0.0,0.0,0.0,0.0,0.0,0.0,0.0,0.0,0.0,0.0,0.0,0.0,0.0,0.0,0.0
0.0,パンケーキ,"

パン粉とジャムで☆*°パンケーキサンド♪


",0.0,0.0,0.2503184676170349,0.0,0.0,0.0,0.41095685958862305,0.0,0.0,0.0,0.0,0.0,0.0,0.0,0.0,0.0,0.0,0.0,0.0,0.0,0.0,0.0,0.0,0.20877587795257568,0.0,0.0,0.0,0.0,0.5373851656913757,0.0,0.0,0.0,0.0,0.0,0.0,0.0,0.0,0.0,0.0,0.0,0.0,0.0,0.0,0.4532109797000885,0.0,0.0,0.0,0.4802965223789215
0.0,パンケーキ,"

材料2つ！ふっくらプロテインパンケーキ


",0.0,0.0,0.0,0.0,0.0,0.0,0.0,0.0,0.0,0.0,0.0,0.0,0.0,0.0,0.0,0.0,0.0,0.0,0.0,0.0,0.0,0.0,0.0,0.0,0.0,0.0,0.0,0.0,0.0,0.0,0.0,0.0,0.0,0.0,0.0,0.0,0.0,0.0,0.0,0.0,0.0,0.0,0.0,0.0,0.0,0.0,0.0,0.0
0.0,パンケーキ,"

毎日飽きないこれぞホントのパンケーキ


",0.0,0.0,0.0,0.0,0.0,0.0,0.0,0.0,0.0,0.0,0.0,0.0,0.0,0.0,0.0,0.0,0.0,0.0,0.0,0.0,0.0,0.0,0.0,0.0,0.0,0.0,0.0,0.0,0.0,0.0,0.0,0.0,0.0,0.0,0.0,0.0,0.0,0.0,0.0,0.0,0.0,0.0,0.0,0.0,0.0,0.0,0.0,0.0
0.0,パンケーキ,"

エリックカールのパンケーキ


",0.0,0.6430795192718506,0.0,0.0,0.0,0.0,0.0,0.0,0.0,0.0,0.0,0.7657994031906128,0.0,0.0,0.0,0.0,0.0,0.0,0.0,0.0,0.0,0.0,0.0,0.0,0.0,0.0,0.0,0.0,0.0,0.0,0.0,0.0,0.0,0.0,0.0,0.0,0.0,0.0,0.0,0.0,0.0,0.0,0.0,0.0,0.0,0.0,0.0,0.0
0.0,パンケーキ,"

ダンゴムシのあんこサンドパンケーキ


",0.0,0.0,0.0,0.0,0.0,0.0,0.0,0.0,0.0,0.0,0.0,0.0,0.0,0.0,0.0,0.0,0.0,0.0,0.0,0.0,0.0,0.0,0.0,0.0,0.0,0.0,0.0,0.0,0.0,0.0,0.0,1.0,0.0,0.0,0.0,0.0,0.0,0.0,0.0,0.0,0.0,0.0,0.0,0.0,0.0,0.0,0.0,0.0
0.0,パンケーキ,"

糖質オフ！バナナ豆腐パンケーキ


",0.0,0.0,0.0,0.0,0.0,0.0,0.0,0.0,0.0,0.0,0.0,0.0,0.24530218541622162,0.0,0.0,0.0,0.0,0.0,0.0,0.40803635120391846,0.0,0.0,0.4698370099067688,0.0,0.0,0.0,0.5239555835723877,0.0,0.0,0.0,0.0,0.0,0.0,0.0,0.0,0.5273110270500183,0.0,0.0,0.0,0.0,0.0,0.0,0.0,0.0,0.0,0.0,0.0,0.0
0.0,パンケーキ,"

クリームチーズパンケーキ


",0.0,0.3296183943748474,0.0,0.0,0.6213597655296326,0.0,0.5848283767700195,0.0,0.0,0.0,0.0,0.0,0.27380120754241943,0.0,0.0,0.0,0.0,0.0,0.0,0.0,0.0,0.0,0.0,0.2971067428588867,0.0,0.0,0.0,0.0,0.0,0.0,0.0,0.0,0.0,0.0,0.0,0.0,0.0,0.0,0.0,0.0,0.0,0.0,0.0,0.0,0.0,0.0,0.0,0.0
0.0,パンケーキ,"

ホットケーキミックス★黒豆のパンケーキ


",0.0,0.0,0.0,0.0,0.0,0.0,0.0,0.0,0.0,0.0,0.0,0.0,0.0,0.0,0.0,0.0,0.0,0.0,0.0,0.0,0.0,0.0,0.0,0.0,0.0,0.0,0.0,0.0,0.0,0.0,0.0,0.0,0.0,0.0,0.0,0.0,0.0,0.0,0.0,0.0,0.0,0.0,0.0,0.0,0.0,0.0,0.0,0.0
0.0,パンケーキ,"

外サク中ふわりんごとバナナのパンケーキ


",0.0,0.0,0.45924684405326843,0.0,0.0,0.5455519556999207,0.0,0.0,0.0,0.0,0.0,0.0,0.0,0.0,0.0,0.0,0.0,0.0,0.0,0.5871565937995911,0.0,0.0,0.0,0.3830307126045227,0.0,0.0,0.0,0.0,0.0,0.0,0.0,0.0,0.0,0.0,0.0,0.0,0.0,0.0,0.0,0.0,0.0,0.0,0.0,0.0,0.0,0.0,0.0,0.0
0.0,パンケーキ,"

栄養満点！オートミールバナナパンケーキ


",0.0,0.0,0.0,0.0,0.0,0.0,0.0,0.0,0.0,0.0,0.0,0.0,0.0,0.0,0.0,0.0,0.0,0.0,0.0,0.477403461933136,0.0,0.0,0.0,0.31143343448638916,0.0,0.0,0.0,0.0,0.0,0.0,0.0,0.0,0.0,0.0,0.821641743183136,0.0,0.0,0.0,0.0,0.0,0.0,0.0,0.0,0.0,0.0,0.0,0.0,0.0
0.0,パンケーキ,"

ふわふわ小松菜の米粉パンケーキ


",0.0,0.0,0.312809020280838,0.0,0.0,0.0,0.0,0.0,0.0,0.0,0.0,0.0,0.24043048918247223,0.0,0.0,0.3523309826850891,0.0,0.3066706955432892,0.0,0.0,0.40513357520103455,0.0,0.0,0.0,0.0,0.0,0.0,0.0,0.0,0.0,0.0,0.0,0.0,0.0,0.0,0.0,0.0,0.6797252893447876,0.0,0.0,0.0,0.0,0.0,0.0,0.0,0.0,0.0,0.0
0.0,パンケーキ,"

DAISOの型でスフレパンケーキ♪


",0.0,0.0,0.0,0.0,0.0,0.2973877489566803,0.0,0.0,0.2997346520423889,0.4985354244709015,0.0,0.0,0.0,0.0,0.0,0.0,0.0,0.0,0.0,0.0,0.0,0.0,0.0,0.2087952047586441,0.4275800585746765,0.0,0.0,0.3406383991241455,0.0,0.0,0.0,0.0,0.0,0.0,0.0,0.0,0.0,0.0,0.0,0.0,0.0,0.0,0.0,0.0,0.0,0.0,0.0,0.48034098744392395
0.0,パンケーキ,"

簡単！ホケミで抹茶パンケーキ♪


",0.0,0.0,0.0,0.0,0.0,0.0,0.0,0.0,0.0,0.0,0.0,0.0,0.0,0.0,0.0,0.0,0.0,0.0,0.0,0.0,0.0,0.0,0.0,0.0,0.0,0.0,0.0,0.0,0.0,0.0,0.0,0.0,0.0,0.0,0.0,0.0,0.0,0.0,0.0,0.0,0.0,0.0,0.0,0.0,0.0,0.0,0.0,0.0
0.0,パンケーキ,"

ヨーグルトのパンケーキ(覚書)


",0.0,0.0,0.0,0.0,0.0,0.0,0.0,0.0,0.0,0.0,0.0,0.0,0.0,0.8547478914260864,0.0,0.0,0.0,0.0,0.0,0.0,0.0,0.0,0.0,0.5190433859825134,0.0,0.0,0.0,0.0,0.0,0.0,0.0,0.0,0.0,0.0,0.0,0.0,0.0,0.0,0.0,0.0,0.0,0.0,0.0,0.0,0.0,0.0,0.0,0.0
0.0,パンケーキ,"

クリスマスツリーのパンケーキ


",0.0,0.0,0.0,0.0,0.0,0.0,0.0,0.0,0.0,0.0,0.0,0.0,0.0,0.0,0.0,0.0,0.0,0.0,0.0,0.0,0.0,0.0,0.0,0.37296292185783386,0.0,0.0,0.0,0.0,0.0,0.0,0.0,0.0,0.0,0.0,0.0,0.0,0.0,0.0,0.0,0.0,0.9278462529182434,0.0,0.0,0.0,0.0,0.0,0.0,0.0
1.0,ホットケーキ,"

小麦粉で作るココアホットケーキ


",0.0,0.0,0.0,0.0,0.0,0.0,0.0,0.0,0.0,0.0,0.0,0.6293265223503113,0.0,0.0,0.0,0.0,0.0,0.0,0.0,0.0,0.0,0.0,0.0,0.0,0.0,0.0,0.0,0.7771410346031189,0.0,0.0,0.0,0.0,0.0,0.0,0.0,0.0,0.0,0.0,0.0,0.0,0.0,0.0,0.0,0.0,0.0,0.0,0.0,0.0
1.0,ホットケーキ,"

ふわふわ豆乳ホットケーキ


",0.0,0.5219661593437195,0.5640998482704163,0.0,0.0,0.0,0.0,0.0,0.0,0.0,0.0,0.0,0.4335770308971405,0.0,0.0,0.0,0.0,0.0,0.0,0.0,0.0,0.0,0.0,0.47048237919807434,0.0,0.0,0.0,0.0,0.0,0.0,0.0,0.0,0.0,0.0,0.0,0.0,0.0,0.0,0.0,0.0,0.0,0.0,0.0,0.0,0.0,0.0,0.0,0.0
1.0,ホットケーキ,"

超～簡単★材料4つ夢の分厚いホットケーキ


",0.0,0.0,0.0,0.0,0.0,0.771265983581543,0.0,0.0,0.0,0.0,0.0,0.0,0.0,0.0,0.0,0.0,0.0,0.6365129947662354,0.0,0.0,0.0,0.0,0.0,0.0,0.0,0.0,0.0,0.0,0.0,0.0,0.0,0.0,0.0,0.0,0.0,0.0,0.0,0.0,0.0,0.0,0.0,0.0,0.0,0.0,0.0,0.0,0.0,0.0
1.0,ホットケーキ,"

BPﾅｼ！重曹だけでホットケーキ


",0.0,0.0,0.0,0.0,0.0,0.0,0.4757295846939087,0.0,0.0,0.0,0.0,0.3192960321903229,0.0,0.0,0.0,0.0,0.0,0.0,0.0,0.0,0.0,0.0,0.0,0.0,0.0,0.0,0.0,0.0,0.0,0.0,0.0,0.0,0.0,0.0,0.0,0.0,0.0,0.6296670436859131,0.0,0.0,0.0,0.0,0.0,0.5246435403823853,0.0,0.0,0.0,0.0
1.0,ホットケーキ,"

生おから・米粉ホットケーキ


",0.0,0.0,0.33266815543174744,0.0,0.0,0.0,0.0,0.0,0.3983043432235718,0.0,0.0,0.0,0.0,0.0,0.0,0.3746992349624634,0.0,0.3261401355266571,0.0,0.0,0.43085405230522156,0.0,0.0,0.0,0.0,0.0,0.5461533069610596,0.0,0.0,0.0,0.0,0.0,0.0,0.0,0.0,0.0,0.0,0.0,0.0,0.0,0.0,0.0,0.0,0.0,0.0,0.0,0.0,0.0
1.0,ホットケーキ,"

豆乳で手作りホットケーキ♪簡単ふわり！


",0.0,0.18598540127277374,0.20099835097789764,0.0,0.0,0.2387714684009552,0.0,0.0,0.4813115894794464,0.4002721905708313,0.0,0.0,0.1544908583164215,0.0,0.0,0.0,0.0,0.0,0.0,0.0,0.0,0.0,0.0,0.0,0.0,0.0,0.0,0.0,0.43150442838668823,0.0,0.32998624444007874,0.0,0.0,0.3964393734931946,0.0,0.0,0.0,0.0,0.0,0.0,0.0,0.0,0.0,0.0,0.0,0.0,0.0,0.0
1.0,ホットケーキ,"

卵なし　バナナホットケーキ　パンケーキ風


",0.0,0.0,0.0,0.0,0.0,0.6141468286514282,0.0,0.0,0.0,0.0,0.0,0.0,0.0,0.0,0.0,0.0,0.0,0.0,0.0,0.660982608795166,0.0,0.0,0.0,0.43119099736213684,0.0,0.0,0.0,0.0,0.0,0.0,0.0,0.0,0.0,0.0,0.0,0.0,0.0,0.0,0.0,0.0,0.0,0.0,0.0,0.0,0.0,0.0,0.0,0.0
1.0,ホットケーキ,"

ラムレーズンホットケーキ


",0.0,0.0,0.0,0.8846507668495178,0.0,0.0,0.0,0.0,0.0,0.0,0.0,0.0,0.0,0.0,0.0,0.0,0.0,0.0,0.0,0.0,0.0,0.0,0.0,0.46625426411628723,0.0,0.0,0.0,0.0,0.0,0.0,0.0,0.0,0.0,0.0,0.0,0.0,0.0,0.0,0.0,0.0,0.0,0.0,0.0,0.0,0.0,0.0,0.0,0.0
1.0,ホットケーキ,"

子供用ホットケーキ


",0.0,0.0,0.0,0.0,0.0,0.0,0.0,0.0,0.0,0.0,0.0,1.0,0.0,0.0,0.0,0.0,0.0,0.0,0.0,0.0,0.0,0.0,0.0,0.0,0.0,0.0,0.0,0.0,0.0,0.0,0.0,0.0,0.0,0.0,0.0,0.0,0.0,0.0,0.0,0.0,0.0,0.0,0.0,0.0,0.0,0.0,0.0,0.0
1.0,ホットケーキ,"

かさましもちもちホットケーキ


",0.0,1.0,0.0,0.0,0.0,0.0,0.0,0.0,0.0,0.0,0.0,0.0,0.0,0.0,0.0,0.0,0.0,0.0,0.0,0.0,0.0,0.0,0.0,0.0,0.0,0.0,0.0,0.0,0.0,0.0,0.0,0.0,0.0,0.0,0.0,0.0,0.0,0.0,0.0,0.0,0.0,0.0,0.0,0.0,0.0,0.0,0.0,0.0
1.0,ホットケーキ,"

甘さ控えめ！卵なし牛乳なしのホットケーキ


",0.0,1.0,0.0,0.0,0.0,0.0,0.0,0.0,0.0,0.0,0.0,0.0,0.0,0.0,0.0,0.0,0.0,0.0,0.0,0.0,0.0,0.0,0.0,0.0,0.0,0.0,0.0,0.0,0.0,0.0,0.0,0.0,0.0,0.0,0.0,0.0,0.0,0.0,0.0,0.0,0.0,0.0,0.0,0.0,0.0,0.0,0.0,0.0
1.0,ホットケーキ,"

余ったスキムミルクでできるホットケーキ


",0.0,0.0,0.0,0.0,0.0,0.0,0.0,0.0,0.0,0.0,0.0,0.0,0.0,0.0,0.0,0.0,0.0,0.0,0.0,0.0,0.0,0.0,0.0,0.0,0.0,0.0,0.0,0.0,0.0,0.0,0.0,0.0,0.0,0.0,0.0,0.0,0.0,0.0,0.0,0.0,0.0,0.0,0.0,0.0,0.0,0.0,0.0,0.0
1.0,ホットケーキ,"

ミックスいらずのホットケーキの作り方


",0.0,0.0,0.0,0.0,0.0,0.662407636642456,0.0,0.0,0.0,0.0,0.0,0.6144295334815979,0.42859360575675964,0.0,0.0,0.0,0.0,0.0,0.0,0.0,0.0,0.0,0.0,0.0,0.0,0.0,0.0,0.0,0.0,0.0,0.0,0.0,0.0,0.0,0.0,0.0,0.0,0.0,0.0,0.0,0.0,0.0,0.0,0.0,0.0,0.0,0.0,0.0
1.0,ホットケーキ,"

そば粉のホットケーキ★卵乳製品不使用！


",0.0,0.0,0.7140783071517944,0.0,0.0,0.0,0.0,0.0,0.0,0.0,0.0,0.0,0.0,0.0,0.0,0.0,0.0,0.7000657916069031,0.0,0.0,0.0,0.0,0.0,0.0,0.0,0.0,0.0,0.0,0.0,0.0,0.0,0.0,0.0,0.0,0.0,0.0,0.0,0.0,0.0,0.0,0.0,0.0,0.0,0.0,0.0,0.0,0.0,0.0
1.0,ホットケーキ,"

フワッモチッ！夢のホットケーキ(≧▽≦)


",0.0,0.0,0.0,0.0,0.0,0.0,0.0,0.0,0.0,0.0,0.0,0.0,0.0,1.0,0.0,0.0,0.0,0.0,0.0,0.0,0.0,0.0,0.0,0.0,0.0,0.0,0.0,0.0,0.0,0.0,0.0,0.0,0.0,0.0,0.0,0.0,0.0,0.0,0.0,0.0,0.0,0.0,0.0,0.0,0.0,0.0,0.0,0.0
1.0,ホットケーキ,"

薄力粉でふんわりココアホットケーキ


",0.0,0.0,0.0,0.0,0.0,0.0,0.6123709082603455,0.0,0.0,0.0,0.0,0.41100573539733887,0.0,0.0,0.0,0.0,0.0,0.0,0.0,0.0,0.0,0.0,0.0,0.0,0.0,0.0,0.0,0.0,0.0,0.0,0.0,0.0,0.0,0.0,0.0,0.0,0.0,0.0,0.0,0.0,0.0,0.0,0.0,0.6753341555595398,0.0,0.0,0.0,0.0
1.0,ホットケーキ,"

カワイイハートのふわふわホットケーキ


",0.0,0.0,0.0,0.0,0.0,0.0,0.0,0.0,0.0,0.0,0.0,0.0,0.0,0.0,0.0,0.0,0.0,0.0,0.0,0.0,0.0,0.0,0.0,0.0,0.0,0.0,0.0,0.0,0.0,0.6802857518196106,0.0,0.0,0.0,0.0,0.0,0.0,0.0,0.0,0.7329469919204712,0.0,0.0,0.0,0.0,0.0,0.0,0.0,0.0,0.0
1.0,ホットケーキ,"

薄力粉で作る分厚いホットケーキ


",0.0,0.26158010959625244,0.0,0.0,0.0,0.33582136034965515,0.4641108214855194,0.0,0.0,0.0,0.0,0.0,0.2172844558954239,0.0,0.0,0.0,0.0,0.0,0.0,0.0,0.0,0.0,0.0,0.0,0.0,0.5424190163612366,0.0,0.0,0.0,0.0,0.0,0.0,0.0,0.0,0.0,0.0,0.0,0.0,0.0,0.0,0.0,0.0,0.0,0.5118301510810852,0.0,0.0,0.0,0.0
1.0,ホットケーキ,"

BPなし！ふわふわカステラホットケーキ！


",0.0,0.0,0.0,0.0,0.0,0.0,0.0,0.0,0.4750632345676422,0.7901517152786255,0.0,0.21860207617282867,0.0,0.0,0.31966906785964966,0.0,0.0,0.0,0.0,0.0,0.0,0.0,0.0,0.0,0.0,0.0,0.0,0.0,0.0,0.0,0.0,0.0,0.0,0.0,0.0,0.0,0.0,0.0,0.0,0.0,0.0,0.0,0.0,0.0,0.0,0.0,0.0,0.0
1.0,ホットケーキ,"

『プルーン入りホットケーキ』


",0.0,0.0,0.0,0.0,0.0,1.0,0.0,0.0,0.0,0.0,0.0,0.0,0.0,0.0,0.0,0.0,0.0,0.0,0.0,0.0,0.0,0.0,0.0,0.0,0.0,0.0,0.0,0.0,0.0,0.0,0.0,0.0,0.0,0.0,0.0,0.0,0.0,0.0,0.0,0.0,0.0,0.0,0.0,0.0,0.0,0.0,0.0,0.0
1.0,ホットケーキ,"

HKM1袋を5人で！かさましホットケーキ


",0.0,0.5862948298454285,0.0,0.0,0.0,0.0,0.0,0.0,0.0,0.0,0.0,0.0,0.0,0.0,0.0,0.0,0.0,0.0,0.0,0.8100977540016174,0.0,0.0,0.0,0.0,0.0,0.0,0.0,0.0,0.0,0.0,0.0,0.0,0.0,0.0,0.0,0.0,0.0,0.0,0.0,0.0,0.0,0.0,0.0,0.0,0.0,0.0,0.0,0.0
1.0,ホットケーキ,"

砂糖不使用　ホットケーキ　離乳食おやつ


",0.7423045039176941,0.0,0.0,0.0,0.0,0.0,0.0,0.0,0.0,0.0,0.0,0.43744516372680664,0.0,0.0,0.0,0.0,0.0,0.0,0.0,0.5075684785842896,0.0,0.0,0.0,0.0,0.0,0.0,0.0,0.0,0.0,0.0,0.0,0.0,0.0,0.0,0.0,0.0,0.0,0.0,0.0,0.0,0.0,0.0,0.0,0.0,0.0,0.0,0.0,0.0
1.0,ホットケーキ,"

簡単アレンジ！あまじょっぱいホットケーキ


",0.0,0.0,0.0,0.0,0.0,0.0,0.0,0.0,0.0,0.0,0.0,0.0,0.0,0.0,0.0,0.0,0.0,0.0,0.0,0.0,0.0,0.0,0.0,0.43879634141921997,0.8985865712165833,0.0,0.0,0.0,0.0,0.0,0.0,0.0,0.0,0.0,0.0,0.0,0.0,0.0,0.0,0.0,0.0,0.0,0.0,0.0,0.0,0.0,0.0,0.0
1.0,ホットケーキ,"

ヘルシーアレンジも！塩バターホットケーキ


",0.49282923340797424,0.0,0.26357322931289673,0.0,0.0,0.0,0.0,0.0,0.0,0.0,0.0,0.0,0.20258700847625732,0.0,0.0,0.0,0.0,0.0,0.0,0.0,0.0,0.0,0.0,0.21983087062835693,0.0,0.0,0.0,0.0,0.0,0.0,0.0,0.0,0.0,0.5198590159416199,0.0,0.0,0.0,0.5727372765541077,0.0,0.0,0.0,0.0,0.0,0.0,0.0,0.0,0.0,0.0
1.0,ホットケーキ,"

甘みが倍増！焼きバナナホットケーキ


",0.0,0.0,0.0,0.0,0.0,0.0,0.0,0.0,0.0,0.0,0.0,0.0,0.0,0.0,0.0,0.0,0.0,0.0,0.0,0.45785465836524963,0.0,0.0,0.0,0.0,0.0,0.0,0.0,0.0,0.0,0.0,0.0,0.44644996523857117,0.0,0.0,0.0,0.0,0.0,0.0,0.0,0.0,0.0,0.0,0.0,0.0,0.0,0.7687987685203552,0.0,0.0
1.0,ホットケーキ,"

ホットケーキMIXカレーまん


",0.0,0.0,0.0,0.0,0.0,0.0,0.0,0.0,0.0,0.0,0.0,0.0,0.0,0.0,0.0,0.0,0.0,1.0,0.0,0.0,0.0,0.0,0.0,0.0,0.0,0.0,0.0,0.0,0.0,0.0,0.0,0.0,0.0,0.0,0.0,0.0,0.0,0.0,0.0,0.0,0.0,0.0,0.0,0.0,0.0,0.0,0.0,0.0
1.0,ホットケーキ,"

かんたんホットケーキ ミックスで作るパン


",0.0,0.0,0.0,0.0,0.0,0.0,0.0,0.0,0.0,0.0,0.0,0.0,0.0,0.0,0.0,1.0,0.0,0.0,0.0,0.0,0.0,0.0,0.0,0.0,0.0,0.0,0.0,0.0,0.0,0.0,0.0,0.0,0.0,0.0,0.0,0.0,0.0,0.0,0.0,0.0,0.0,0.0,0.0,0.0,0.0,0.0,0.0,0.0
1.0,ホットケーキ,"

簡単！たまにはコーン入りホットケーキ


",0.0,0.0,0.0,0.0,0.0,0.5934048295021057,0.0,0.0,0.0,0.0,0.0,0.0,0.0,0.0,0.8049041628837585,0.0,0.0,0.0,0.0,0.0,0.0,0.0,0.0,0.0,0.0,0.0,0.0,0.0,0.0,0.0,0.0,0.0,0.0,0.0,0.0,0.0,0.0,0.0,0.0,0.0,0.0,0.0,0.0,0.0,0.0,0.0,0.0,0.0
1.0,ホットケーキ,"

和風なヨモギと小豆の米粉ホットケーキ


",0.4254625141620636,0.0,0.0,0.0,0.0,0.270306259393692,0.0,0.0,0.0,0.0,0.0,0.0,0.0,0.0,0.0,0.5125871300697327,0.0,0.22307923436164856,0.0,0.0,0.2947033643722534,0.0,0.0,0.0,0.0,0.0,0.0,0.3096183240413666,0.0,0.0,0.0,0.0,0.0,0.0,0.0,0.0,0.0,0.0,0.0,0.0,0.0,0.5006921887397766,0.0,0.0,0.0,0.0,0.0,0.0
1.0,ホットケーキ,"

自家製甘さ控えめふんわりホットケーキ


",0.0,0.7692312002182007,0.0,0.0,0.0,0.0,0.0,0.0,0.0,0.0,0.0,0.0,0.6389705538749695,0.0,0.0,0.0,0.0,0.0,0.0,0.0,0.0,0.0,0.0,0.0,0.0,0.0,0.0,0.0,0.0,0.0,0.0,0.0,0.0,0.0,0.0,0.0,0.0,0.0,0.0,0.0,0.0,0.0,0.0,0.0,0.0,0.0,0.0,0.0
1.0,ホットケーキ,"

小麦粉からホットケーキ


",0.0,0.7692312002182007,0.0,0.0,0.0,0.0,0.0,0.0,0.0,0.0,0.0,0.0,0.6389705538749695,0.0,0.0,0.0,0.0,0.0,0.0,0.0,0.0,0.0,0.0,0.0,0.0,0.0,0.0,0.0,0.0,0.0,0.0,0.0,0.0,0.0,0.0,0.0,0.0,0.0,0.0,0.0,0.0,0.0,0.0,0.0,0.0,0.0,0.0,0.0
1.0,ホットケーキ,"

ふわふわもちもちホットケーキ


",0.0,0.0,0.0,0.0,0.0,0.0,0.5754066705703735,0.0,0.0,0.0,0.0,0.0,0.0,0.0,0.0,0.0,0.0,0.0,0.0,0.0,0.0,0.0,0.5159738063812256,0.0,0.0,0.0,0.0,0.0,0.0,0.0,0.0,0.0,0.0,0.0,0.0,0.0,0.0,0.0,0.0,0.0,0.0,0.0,0.0,0.6345692873001099,0.0,0.0,0.0,0.0
1.0,ホットケーキ,"

HMなし!BPなし!のホットケーキ


",0.0,0.5587302446365356,0.0,0.0,0.0,0.0,0.0,0.0,0.0,0.0,0.0,0.0,0.0,0.8293494582176208,0.0,0.0,0.0,0.0,0.0,0.0,0.0,0.0,0.0,0.0,0.0,0.0,0.0,0.0,0.0,0.0,0.0,0.0,0.0,0.0,0.0,0.0,0.0,0.0,0.0,0.0,0.0,0.0,0.0,0.0,0.0,0.0,0.0,0.0
1.0,ホットケーキ,"

【保育園給食】ホットケーキ


",0.0,0.0,0.0,0.0,0.0,0.0,0.0,0.0,0.0,0.0,0.0,0.0,0.0,0.0,0.0,0.0,0.0,0.0,0.0,0.0,0.0,0.0,0.0,0.0,0.0,0.0,0.0,0.0,0.0,0.0,0.0,0.0,0.0,0.0,0.0,0.0,0.0,0.0,0.0,0.0,0.0,0.0,0.0,0.0,0.0,0.0,0.0,0.0
1.0,ホットケーキ,"

イギリスのオートミールのホットケーキ


",0.520742654800415,0.0,0.0,0.0,0.0,0.0,0.0,0.0,0.0,0.0,0.0,0.0,0.21406136453151703,0.0,0.0,0.3136892020702362,0.0,0.0,0.0,0.0,0.0,0.0,0.0,0.0,0.0,0.0,0.0,0.0,0.0,0.0,0.457226425409317,0.0,0.0,0.0,0.6128196120262146,0.0,0.0,0.0,0.0,0.0,0.0,0.0,0.0,0.0,0.0,0.0,0.0,0.0
1.0,ホットケーキ,"

甘さ控え目簡単バナナのホットケーキ！


",0.0,0.0,0.0,0.0,0.0,0.3989499807357788,0.0,0.0,0.4020983874797821,0.0,0.0,0.37005406618118286,0.25813019275665283,0.4612647294998169,0.0,0.0,0.0,0.0,0.0,0.42937448620796204,0.0,0.0,0.0,0.28010180592536926,0.0,0.0,0.0,0.0,0.0,0.0,0.0,0.0,0.0,0.0,0.0,0.0,0.0,0.0,0.0,0.0,0.0,0.0,0.0,0.0,0.0,0.0,0.0,0.0
1.0,ホットケーキ,"

てづかみで☆お野菜たっぷりホットケーキ


",0.0,0.0,0.0,0.0,0.0,0.0,0.0,0.0,0.0,0.0,0.0,0.0,0.0,0.0,0.0,0.0,0.0,0.0,0.0,0.0,0.0,0.0,0.0,0.0,0.0,0.0,0.0,0.0,0.0,0.0,0.0,0.0,0.0,0.0,0.0,0.0,0.0,0.0,0.0,0.0,1.0,0.0,0.0,0.0,0.0,0.0,0.0,0.0
1.0,ホットケーキ,"

ホットケーキ


",0.0,0.0,0.0,0.0,0.0,0.0,0.0,0.0,0.0,0.0,0.0,0.0,0.0,0.0,0.0,0.0,0.0,0.0,0.0,0.0,0.0,0.0,0.0,0.0,0.0,0.0,0.0,0.0,0.0,0.0,0.0,1.0,0.0,0.0,0.0,0.0,0.0,0.0,0.0,0.0,0.0,0.0,0.0,0.0,0.0,0.0,0.0,0.0
1.0,ホットケーキ,"

野菜嫌い 1歳半 ホットケーキ 冷凍可


",0.0,0.0,0.0,0.0,0.0,0.0,0.0,0.0,0.0,0.0,0.0,0.0,0.0,0.0,0.0,0.0,0.0,0.0,0.0,0.0,0.0,0.0,0.0,0.0,0.0,0.0,0.0,0.0,0.0,0.0,0.0,0.0,0.0,0.0,0.0,0.0,0.0,0.0,1.0,0.0,0.0,0.0,0.0,0.0,0.0,0.0,0.0,0.0
1.0,ホットケーキ,"

自家製もちもちホットケーキ


",0.0,0.38341546058654785,0.0,0.0,0.0,0.0,0.0,0.0,0.0,0.0,0.0,0.0,0.31848835945129395,0.0,0.0,0.0,0.0,0.0,0.0,0.0,0.0,0.0,0.0,0.3455975651741028,0.0,0.7950598001480103,0.0,0.0,0.0,0.0,0.0,0.0,0.0,0.0,0.0,0.0,0.0,0.0,0.0,0.0,0.0,0.0,0.0,0.0,0.0,0.0,0.0,0.0
1.0,ホットケーキ,"

ホットケーキミックス無しでホットケーキ！


",0.0,0.5615025162696838,0.0,0.0,0.0,0.0,0.0,0.0,0.0,0.0,0.0,0.0,0.4664183557033539,0.0,0.0,0.6834974884986877,0.0,0.0,0.0,0.0,0.0,0.0,0.0,0.0,0.0,0.0,0.0,0.0,0.0,0.0,0.0,0.0,0.0,0.0,0.0,0.0,0.0,0.0,0.0,0.0,0.0,0.0,0.0,0.0,0.0,0.0,0.0,0.0
1.0,ホットケーキ,"

ぐりとぐら風☆HMでつくるホットケーキ


",0.0,0.0,0.0,0.0,0.0,0.0,0.0,0.0,0.0,0.0,0.0,0.0,0.0,0.0,0.0,0.0,0.0,0.0,0.0,0.0,0.0,0.0,0.0,0.0,0.0,0.0,0.0,1.0,0.0,0.0,0.0,0.0,0.0,0.0,0.0,0.0,0.0,0.0,0.0,0.0,0.0,0.0,0.0,0.0,0.0,0.0,0.0,0.0
1.0,ホットケーキ,"

余ったHM☆卵なし☆もちもちホットケーキ


",0.0,0.0,0.0,0.0,0.0,0.0,0.0,0.0,0.0,0.0,0.0,0.0,0.0,0.0,0.0,0.0,0.0,0.0,0.0,0.0,0.0,0.0,0.0,0.2873961925506592,0.0,0.0,0.0,0.0,0.0,0.0,0.0,0.0,0.0,0.0,0.0,0.0,0.0,0.0,0.0,0.0,0.0,0.0,0.6930105686187744,0.0,0.0,0.0,0.0,0.6611654758453369
1.0,ホットケーキ,"

一度で二度おいしいホットケーキ


",0.0,0.0,0.0,0.0,0.0,0.0,0.0,0.0,0.0,0.0,0.0,0.0,0.0,0.0,0.0,0.0,0.0,0.0,0.0,0.0,0.0,1.0,0.0,0.0,0.0,0.0,0.0,0.0,0.0,0.0,0.0,0.0,0.0,0.0,0.0,0.0,0.0,0.0,0.0,0.0,0.0,0.0,0.0,0.0,0.0,0.0,0.0,0.0
1.0,ホットケーキ,"

レーズンホットケーキ


",0.0,0.0,0.0,0.0,0.0,0.0,0.0,0.0,0.0,0.0,0.0,0.8201759457588196,0.5721114277839661,0.0,0.0,0.0,0.0,0.0,0.0,0.0,0.0,0.0,0.0,0.0,0.0,0.0,0.0,0.0,0.0,0.0,0.0,0.0,0.0,0.0,0.0,0.0,0.0,0.0,0.0,0.0,0.0,0.0,0.0,0.0,0.0,0.0,0.0,0.0
1.0,ホットケーキ,"

推しに作ってほしい小麦粉でホットケーキ


",0.0,0.0,0.0,0.6247498393058777,0.0,0.46898576617240906,0.0,0.0,0.0,0.0,0.0,0.4350171685218811,0.3034450113773346,0.0,0.0,0.0,0.0,0.0,0.0,0.0,0.0,0.0,0.0,0.3292737603187561,0.0,0.0,0.0,0.0,0.0,0.0,0.0,0.0,0.0,0.0,0.0,0.0,0.0,0.0,0.0,0.0,0.0,0.0,0.0,0.0,0.0,0.0,0.0,0.0
1.0,ホットケーキ,"

糖質ダウン失敗しないふわふわホットケーキ


",0.0,0.0,0.0,0.0,0.0,0.0,0.0,0.0,0.0,0.0,0.0,0.0,0.3718580901622772,0.0,0.0,0.0,0.0,0.0,0.0,0.0,0.0,0.0,0.0,0.0,0.0,0.9282895922660828,0.0,0.0,0.0,0.0,0.0,0.0,0.0,0.0,0.0,0.0,0.0,0.0,0.0,0.0,0.0,0.0,0.0,0.0,0.0,0.0,0.0,0.0
1.0,ホットケーキ,"

四角いホットケーキ


",0.0,0.0,0.0,0.0,0.0,0.0,0.0,0.0,0.0,0.0,0.0,0.0,0.0,0.0,0.0,0.0,0.0,0.0,0.0,0.0,0.0,0.0,0.0,0.2859954833984375,0.0,0.0,0.0,0.0,0.0,0.0,0.0,0.0,0.0,0.0,0.0,0.0,0.0,0.0,0.6966473460197449,0.0,0.0,0.0,0.0,0.0,0.0,0.0,0.0,0.657943069934845
1.0,ホットケーキ,"

米粉で作るグルテンフリーのホットケーキ


",0.0,0.0,0.0,0.526744544506073,0.0,0.0,0.0,0.0,0.0,0.0,0.0,0.0,0.25584322214126587,0.0,0.5363480448722839,0.0,0.0,0.3263297379016876,0.0,0.0,0.4311045706272125,0.0,0.0,0.27762019634246826,0.0,0.0,0.0,0.0,0.0,0.0,0.0,0.0,0.0,0.0,0.0,0.0,0.0,0.0,0.0,0.0,0.0,0.0,0.0,0.0,0.0,0.0,0.0,0.0
1.0,ホットケーキ,"

パンケーキ(ホットケーキ)のピザ


",0.0,0.0,0.0,0.0,0.0,0.0,0.0,0.0,0.0,0.0,0.0,0.0,0.0,0.0,0.7707614302635193,0.0,0.0,0.0,0.0,0.0,0.0,0.0,0.0,0.0,0.0,0.0,0.0,0.0,0.0,0.0,0.3926542401313782,0.0,0.0,0.0,0.0,0.0,0.0,0.0,0.0,0.0,0.0,0.0,0.0,0.0,0.0,0.0,0.501746416091919,0.0
1.0,ホットケーキ,"

バレンタインホットケーキ


",0.0,0.0,0.0,0.0,0.0,0.0,0.0,0.0,0.0,0.0,0.0,0.0,0.0,0.0,0.0,0.0,0.0,0.0,0.0,0.0,0.0,0.0,0.0,0.0,0.0,0.0,0.0,0.0,0.0,0.0,0.0,0.0,0.0,0.0,0.0,0.0,0.0,0.0,0.0,0.0,0.0,0.0,0.0,0.0,0.0,0.0,0.0,0.0
1.0,ホットケーキ,"

対アレルギー　米粉と大豆のホットケーキ


",0.0,0.0,0.16859860718250275,0.0,0.0,0.0,0.0,0.0,0.20186351239681244,0.0,0.0,0.0,0.12958784401416779,0.0,0.27166709303855896,0.0,0.0,0.33058032393455505,0.3536969721317291,0.0,0.6550798416137695,0.0,0.0,0.0,0.0,0.0,0.0,0.0,0.0,0.0,0.0,0.4203749895095825,0.0,0.0,0.0,0.0,0.0,0.0,0.0,0.0,0.0,0.0,0.0,0.0,0.0,0.0,0.0,0.0
1.0,ホットケーキ,"

大きなホットケーキ


",0.0,0.0,0.0,0.0,0.0,0.0,0.0,0.0,0.0,0.0,0.0,0.0,0.0,0.0,0.0,0.0,0.0,0.0,0.0,0.0,0.0,0.0,0.0,0.0,0.0,0.0,0.0,0.0,0.0,0.0,0.0,0.0,0.0,0.0,0.0,0.0,0.0,0.0,0.0,0.0,0.0,0.0,0.0,0.0,0.0,0.0,0.0,0.0
1.0,ホットケーキ,"

もちもち簡単！ヨーグルトホットケーキ


",0.0,0.0,0.0,0.0,0.0,0.0,0.0,0.0,0.0,0.0,0.0,0.0,0.0,0.598308265209198,0.0,0.0,0.0,0.0,0.0,0.0,0.0,0.8012660145759583,0.0,0.0,0.0,0.0,0.0,0.0,0.0,0.0,0.0,0.0,0.0,0.0,0.0,0.0,0.0,0.0,0.0,0.0,0.0,0.0,0.0,0.0,0.0,0.0,0.0,0.0
1.0,ホットケーキ,"

手作りホットケーキ。素の作り方。


",0.0,0.7427895069122314,0.0,0.0,0.0,0.0,0.0,0.0,0.0,0.0,0.0,0.0,0.0,0.0,0.0,0.0,0.0,0.0,0.0,0.0,0.0,0.0,0.0,0.6695250272750854,0.0,0.0,0.0,0.0,0.0,0.0,0.0,0.0,0.0,0.0,0.0,0.0,0.0,0.0,0.0,0.0,0.0,0.0,0.0,0.0,0.0,0.0,0.0,0.0
1.0,ホットケーキ,"

たまごなし ホットケーキ


",0.0,0.0,1.0,0.0,0.0,0.0,0.0,0.0,0.0,0.0,0.0,0.0,0.0,0.0,0.0,0.0,0.0,0.0,0.0,0.0,0.0,0.0,0.0,0.0,0.0,0.0,0.0,0.0,0.0,0.0,0.0,0.0,0.0,0.0,0.0,0.0,0.0,0.0,0.0,0.0,0.0,0.0,0.0,0.0,0.0,0.0,0.0,0.0
1.0,ホットケーキ,"

ヨーグルトホットケーキ


",0.0,0.0,0.0,0.5190114974975586,0.0,0.0,0.0,0.0,0.0,0.0,0.0,0.0,0.0,0.0,0.0,0.0,0.0,0.0,0.0,0.0,0.0,0.0,0.0,0.2735444903373718,0.5601764917373657,0.0,0.0,0.0,0.0,0.0,0.0,0.0,0.0,0.0,0.0,0.0,0.0,0.0,0.0,0.5848100781440735,0.0,0.0,0.0,0.0,0.0,0.0,0.0,0.0
1.0,ホットケーキ,"

カラフルホットケーキ


",0.0,0.0,0.0,0.0,0.0,1.0,0.0,0.0,0.0,0.0,0.0,0.0,0.0,0.0,0.0,0.0,0.0,0.0,0.0,0.0,0.0,0.0,0.0,0.0,0.0,0.0,0.0,0.0,0.0,0.0,0.0,0.0,0.0,0.0,0.0,0.0,0.0,0.0,0.0,0.0,0.0,0.0,0.0,0.0,0.0,0.0,0.0,0.0
1.0,ホットケーキ,"

もっちもち米粉ホットケーキ


",0.0,0.0,0.0,0.0,0.0,0.0,0.0,0.0,0.0,0.0,0.0,0.0,0.0,0.0,0.0,0.0,0.0,0.41593098640441895,0.0,0.0,0.5494741201400757,0.0,0.0,0.0,0.7246237993240356,0.0,0.0,0.0,0.0,0.0,0.0,0.0,0.0,0.0,0.0,0.0,0.0,0.0,0.0,0.0,0.0,0.0,0.0,0.0,0.0,0.0,0.0,0.0
1.0,ホットケーキ,"

お絵描きホットケーキ


",0.0,0.3968096375465393,0.0,0.0,0.0,0.0,0.0,0.0,0.0,0.0,0.0,0.0,0.0,0.0,0.0,0.0,0.0,0.0,0.0,0.0,0.0,0.0,0.0,0.0,0.0,0.0,0.0,0.583520770072937,0.0,0.0,0.0,0.0,0.0,0.0,0.0,0.7085517644882202,0.0,0.0,0.0,0.0,0.0,0.0,0.0,0.0,0.0,0.0,0.0,0.0
1.0,ホットケーキ,"

中力粉で基本のホットケーキ


",0.0,0.0,0.561187744140625,0.0,0.0,0.0,0.0,0.0,0.0,0.0,0.0,0.6183649897575378,0.0,0.0,0.0,0.0,0.0,0.5501754879951477,0.0,0.0,0.0,0.0,0.0,0.0,0.0,0.0,0.0,0.0,0.0,0.0,0.0,0.0,0.0,0.0,0.0,0.0,0.0,0.0,0.0,0.0,0.0,0.0,0.0,0.0,0.0,0.0,0.0,0.0
1.0,ホットケーキ,"

ひと手間ふわふわホットケーキ


",0.0,0.5094845294952393,0.0,0.0,0.0,0.0,0.0,0.0,0.0,0.0,0.0,0.0,0.423209011554718,0.0,0.0,0.0,0.0,0.0,0.0,0.0,0.0,0.0,0.0,0.0,0.0,0.0,0.0,0.7492126822471619,0.0,0.0,0.0,0.0,0.0,0.0,0.0,0.0,0.0,0.0,0.0,0.0,0.0,0.0,0.0,0.0,0.0,0.0,0.0,0.0
1.0,ホットケーキ,"

ボウル一つでホットケーキ！


",0.0,0.7692312002182007,0.0,0.0,0.0,0.0,0.0,0.0,0.0,0.0,0.0,0.0,0.6389705538749695,0.0,0.0,0.0,0.0,0.0,0.0,0.0,0.0,0.0,0.0,0.0,0.0,0.0,0.0,0.0,0.0,0.0,0.0,0.0,0.0,0.0,0.0,0.0,0.0,0.0,0.0,0.0,0.0,0.0,0.0,0.0,0.0,0.0,0.0,0.0
1.0,ホットケーキ,"

小麦無し、ご飯でホットケーキ 


",0.6663700938224792,0.0,0.0,0.0,0.0,0.0,0.0,0.0,0.0,0.0,0.0,0.0,0.0,0.0,0.0,0.0,0.0,0.0,0.0,0.0,0.0,0.0,0.0,0.29724031686782837,0.0,0.0,0.0,0.0,0.0,0.0,0.0,0.0,0.0,0.0,0.0,0.0,0.0,0.0,0.0,0.0,0.0,0.0,0.0,0.0,0.0,0.0,0.0,0.6838122010231018
1.0,ホットケーキ,"

おきかえホットケーキ(おから使用)


",0.0,0.0,0.0,0.0,0.0,0.0,0.7071067690849304,0.0,0.0,0.0,0.0,0.0,0.0,0.0,0.0,0.0,0.0,0.0,0.0,0.0,0.0,0.0,0.0,0.0,0.0,0.0,0.7071067690849304,0.0,0.0,0.0,0.0,0.0,0.0,0.0,0.0,0.0,0.0,0.0,0.0,0.0,0.0,0.0,0.0,0.0,0.0,0.0,0.0,0.0
1.0,ホットケーキ,"

天ぷら粉ホットケーキ


",0.0,0.0,0.0,0.0,0.0,0.0,0.0,0.0,0.0,0.0,0.0,0.0,0.0,0.8139237761497498,0.0,0.0,0.0,0.5809717178344727,0.0,0.0,0.0,0.0,0.0,0.0,0.0,0.0,0.0,0.0,0.0,0.0,0.0,0.0,0.0,0.0,0.0,0.0,0.0,0.0,0.0,0.0,0.0,0.0,0.0,0.0,0.0,0.0,0.0,0.0
1.0,ホットケーキ,"

ふわホットケーキ


",0.0,0.17726963758468628,0.0,0.30316874384880066,0.0,0.0,0.0,0.0,0.0,0.0,0.0,0.0,0.14725100994110107,0.0,0.6173920631408691,0.21578416228294373,0.0,0.0,0.0,0.0,0.0,0.0,0.0,0.31956955790519714,0.0,0.0,0.0,0.0,0.411283016204834,0.0,0.31452223658561707,0.2388366013765335,0.0,0.0,0.0,0.0,0.0,0.0,0.0,0.0,0.0,0.0,0.0,0.0,0.0,0.0,0.0,0.0
1.0,ホットケーキ,"

もちふわホットケーキ


",0.0,0.0,0.0,0.0,0.0,0.0,0.0,0.0,0.0,0.0,0.0,0.0,0.0,0.31607043743133545,0.0,0.0,0.0,0.0,0.0,0.0,0.0,0.0,0.0,0.19193294644355774,0.0,0.0,0.0,0.0,0.0,0.0,0.7556061148643494,0.2868897318840027,0.0,0.0,0.0,0.0,0.4582737982273102,0.0,0.0,0.0,0.0,0.0,0.0,0.0,0.0,0.0,0.0,0.0
1.0,ホットケーキ,"

パンケーキ　ホットケーキ


",0.0,0.5473241806030273,0.0,0.0,0.0,0.7026647925376892,0.0,0.0,0.0,0.0,0.0,0.0,0.4546409547328949,0.0,0.0,0.0,0.0,0.0,0.0,0.0,0.0,0.0,0.0,0.0,0.0,0.0,0.0,0.0,0.0,0.0,0.0,0.0,0.0,0.0,0.0,0.0,0.0,0.0,0.0,0.0,0.0,0.0,0.0,0.0,0.0,0.0,0.0,0.0
1.0,ホットケーキ,"

ホットケーキMIXのサーターアンダギー


",0.0,0.5953609347343445,0.0,0.0,0.0,0.38216763734817505,0.0,0.0,0.0,0.0,0.0,0.0,0.0,0.0,0.5183785557746887,0.3623560667037964,0.0,0.31539657711982727,0.0,0.0,0.0,0.0,0.0,0.0,0.0,0.0,0.0,0.0,0.0,0.0,0.0,0.0,0.0,0.0,0.0,0.0,0.0,0.0,0.0,0.0,0.0,0.0,0.0,0.0,0.0,0.0,0.0,0.0
1.0,ホットケーキ,"

～おうちでCafe～ホットケーキタワー


",0.0,0.0,0.0,0.0,0.0,0.0,0.0,0.0,0.0,0.0,0.0,0.0,0.0,0.0,0.0,0.0,0.0,0.0,0.0,0.0,0.0,0.0,0.0,0.24332891404628754,0.0,0.0,0.0,0.39697834849357605,0.0,0.0,0.0,0.3637133240699768,0.0,0.0,0.0,0.0,0.5809907913208008,0.0,0.0,0.0,0.0,0.0,0.0,0.0,0.0,0.0,0.0,0.5597870945930481
1.0,ホットケーキ,"

バナナホットケーキ


",0.0,0.0,0.0,0.0,0.0,0.0,0.0,0.0,0.0,0.0,0.0,0.0,0.0,0.0,0.0,0.0,0.0,0.0,0.0,1.0,0.0,0.0,0.0,0.0,0.0,0.0,0.0,0.0,0.0,0.0,0.0,0.0,0.0,0.0,0.0,0.0,0.0,0.0,0.0,0.0,0.0,0.0,0.0,0.0,0.0,0.0,0.0,0.0
1.0,ホットケーキ,"

ホットケーキmixでピザ


",0.0,0.0,0.0,0.0,0.0,0.0,0.0,0.0,0.0,0.0,0.0,0.0,0.0,0.0,0.0,0.5839279890060425,0.0,0.0,0.0,0.0,0.0,0.0,0.0,0.0,0.0,0.0,0.0,0.3527103662490845,0.0,0.48878487944602966,0.0,0.0,0.0,0.0,0.0,0.0,0.0,0.0,0.0,0.0,0.0,0.0,0.0,0.0,0.0,0.0,0.5437948107719421,0.0
1.0,ホットケーキ,"

ミックス粉なし！わが家のホットケーキ


",0.0,0.2845700681209564,0.0,0.0,0.0,0.0,0.0,0.0,0.0,0.0,0.0,0.0,0.23638132214546204,0.0,0.0,0.0,0.0,0.0,0.0,0.0,0.0,0.0,0.0,0.0,0.0,0.5900915265083313,0.0,0.0,0.0,0.0,0.0,0.3834031820297241,0.0,0.6065787076950073,0.0,0.0,0.0,0.0,0.0,0.0,0.0,0.0,0.0,0.0,0.0,0.0,0.0,0.0
1.0,ホットケーキ,"

ミックス粉が無い！粉から作るホットケーキ


",0.0,0.37533706426620483,0.0,0.0,0.0,0.24093230068683624,0.6659451127052307,0.0,0.0,0.0,0.0,0.0,0.15588895976543427,0.0,0.0,0.22844237089157104,0.0,0.0,0.0,0.0,0.0,0.0,0.0,0.0,0.0,0.0,0.0,0.0,0.0,0.38244161009788513,0.0,0.0,0.0,0.0,0.0,0.0,0.0,0.0,0.0,0.0,0.0,0.0,0.0,0.3672083914279938,0.0,0.0,0.0,0.0
1.0,ホットケーキ,"

薄力粉でホットケーキもどき


",0.0,0.44717317819595337,0.0,0.0,0.0,0.0,0.0,0.0,0.0,0.0,0.0,0.0,0.0,0.0,0.0,0.0,0.0,0.0,0.0,0.0,0.0,0.0,0.0,0.40306657552719116,0.0,0.0,0.0,0.0,0.0,0.0,0.0,0.0,0.0,0.0,0.0,0.7984820008277893,0.0,0.0,0.0,0.0,0.0,0.0,0.0,0.0,0.0,0.0,0.0,0.0
1.0,ホットケーキ,"

ココナッツ香るふわふわホットケーキ


",0.0,0.0,0.4146610498428345,0.0,0.0,0.0,0.0,0.656190037727356,0.0,0.0,0.6304528713226318,0.0,0.0,0.0,0.0,0.0,0.0,0.0,0.0,0.0,0.0,0.0,0.0,0.0,0.0,0.0,0.0,0.0,0.0,0.0,0.0,0.0,0.0,0.0,0.0,0.0,0.0,0.0,0.0,0.0,0.0,0.0,0.0,0.0,0.0,0.0,0.0,0.0
1.0,ホットケーキ,"

ホットケーキ


",0.0,0.0,0.0,0.5933488607406616,0.0,0.0,0.0,0.0,0.0,0.0,0.0,0.0,0.0,0.0,0.0,0.0,0.0,0.0,0.0,0.0,0.0,0.0,0.0,0.0,0.0,0.0,0.0,0.0,0.0,0.0,0.0,0.0,0.0,0.0,0.0,0.0,0.0,0.0,0.0,0.0,0.0,0.0,0.0,0.0,0.0,0.8049454092979431,0.0,0.0
1.0,ホットケーキ,"

ホットケーキ作り方　MIX粉より美味しい


",0.0,0.7692312002182007,0.0,0.0,0.0,0.0,0.0,0.0,0.0,0.0,0.0,0.0,0.6389705538749695,0.0,0.0,0.0,0.0,0.0,0.0,0.0,0.0,0.0,0.0,0.0,0.0,0.0,0.0,0.0,0.0,0.0,0.0,0.0,0.0,0.0,0.0,0.0,0.0,0.0,0.0,0.0,0.0,0.0,0.0,0.0,0.0,0.0,0.0,0.0
1.0,ホットケーキ,"

ホットケーキ


",0.0,0.0,0.0,0.0,0.0,0.0,0.0,0.0,0.0,0.0,0.0,0.0,0.0,0.0,0.0,0.0,0.0,0.0,0.0,0.0,0.0,0.0,0.0,0.0,0.0,0.0,0.0,0.0,0.0,0.0,0.0,0.0,0.0,0.0,0.0,0.0,0.0,0.0,0.0,0.0,0.0,0.0,0.0,0.0,0.0,0.0,0.0,0.0
1.0,ホットケーキ,"

材料3つで作りきり☆お一人様ホットケーキ


",0.0,0.0,0.0,0.0,0.0,0.6541690826416016,0.0,0.0,0.0,0.0,0.0,0.0,0.0,0.7563483119010925,0.0,0.0,0.0,0.0,0.0,0.0,0.0,0.0,0.0,0.0,0.0,0.0,0.0,0.0,0.0,0.0,0.0,0.0,0.0,0.0,0.0,0.0,0.0,0.0,0.0,0.0,0.0,0.0,0.0,0.0,0.0,0.0,0.0,0.0
1.0,ホットケーキ,"

おかずホットケーキ


",0.0,0.0,0.0,0.0,0.0,0.0,0.0,0.0,0.0,0.0,0.0,0.0,0.0,0.0,0.0,0.0,0.0,0.0,0.0,0.0,0.0,0.0,0.0,0.0,0.0,0.0,0.0,0.0,0.0,1.0,0.0,0.0,0.0,0.0,0.0,0.0,0.0,0.0,0.0,0.0,0.0,0.0,0.0,0.0,0.0,0.0,0.0,0.0
1.0,ホットケーキ,"

手作りホットケーキMIXでホットケーキ


",0.0,0.5615025162696838,0.0,0.0,0.0,0.0,0.0,0.0,0.0,0.0,0.0,0.0,0.4664183557033539,0.0,0.0,0.6834974884986877,0.0,0.0,0.0,0.0,0.0,0.0,0.0,0.0,0.0,0.0,0.0,0.0,0.0,0.0,0.0,0.0,0.0,0.0,0.0,0.0,0.0,0.0,0.0,0.0,0.0,0.0,0.0,0.0,0.0,0.0,0.0,0.0
1.0,ホットケーキ,"

おからとヨーグルトのもちふわホットケーキ


",0.0,0.0,0.42326778173446655,0.0,0.0,0.0,0.0,0.0,0.0,0.0,0.0,0.0,0.0,0.5813490748405457,0.0,0.0,0.0,0.0,0.0,0.0,0.0,0.0,0.0,0.0,0.0,0.0,0.694894015789032,0.0,0.0,0.0,0.0,0.0,0.0,0.0,0.0,0.0,0.0,0.0,0.0,0.0,0.0,0.0,0.0,0.0,0.0,0.0,0.0,0.0
1.0,ホットケーキ,"

簡単☆ホットケーキ食パン(ホッ食)


",0.0,0.0,1.0,0.0,0.0,0.0,0.0,0.0,0.0,0.0,0.0,0.0,0.0,0.0,0.0,0.0,0.0,0.0,0.0,0.0,0.0,0.0,0.0,0.0,0.0,0.0,0.0,0.0,0.0,0.0,0.0,0.0,0.0,0.0,0.0,0.0,0.0,0.0,0.0,0.0,0.0,0.0,0.0,0.0,0.0,0.0,0.0,0.0
1.0,ホットケーキ,"

米粉のバナナホットケーキ


",0.0,0.0,0.32898685336112976,0.0,0.0,0.39081254601478577,0.0,0.0,0.0,0.0,0.0,0.0,0.2528650760650635,0.0,0.0,0.37055280804634094,0.0,0.3225310742855072,0.0,0.42061647772789,0.4260862469673157,0.0,0.0,0.27438852190971375,0.0,0.0,0.0,0.0,0.0,0.0,0.0,0.0,0.0,0.0,0.0,0.0,0.0,0.0,0.0,0.0,0.0,0.0,0.0,0.0,0.0,0.0,0.0,0.0
1.0,ホットケーキ,"

お豆腐ホットケーキ


",0.0,0.0,0.0,0.0,0.4203299283981323,0.0,0.39561760425567627,0.0,0.0,0.0,0.0,0.0,0.1852177381515503,0.33097410202026367,0.0,0.27142125368118286,0.0,0.23624645173549652,0.0,0.0,0.0,0.0,0.35475486516952515,0.0,0.0,0.0,0.0,0.0,0.0,0.0,0.0,0.0,0.0,0.0,0.0,0.0,0.0,0.0,0.0,0.0,0.0,0.0,0.0,0.0,0.5173268914222717,0.0,0.0,0.0
1.0,ホットケーキ,"

豆腐でもちもちもちもちもちホットケーキ


",0.0,0.21595633029937744,0.23338855803012848,0.0,0.4070967137813568,0.0,0.38316240906715393,0.0,0.2794366478919983,0.0,0.0,0.0,0.17938654124736786,0.0,0.0,0.26287612318992615,0.0,0.0,0.0,0.0,0.0,0.0,0.34358614683151245,0.1946556270122528,0.0,0.0,0.0,0.0,0.0,0.0,0.0,0.0,0.0,0.0,0.0,0.0,0.0,0.0,0.0,0.0,0.0,0.0,0.0,0.0,0.5010399222373962,0.0,0.0,0.0
1.0,ホットケーキ,"

超簡単☆アンパンマンホットケーキ


",0.0,0.0,0.0,0.0,0.0,0.0,0.0,0.0,0.0,0.0,0.0,0.0,0.0,0.0,0.0,0.0,0.0,0.0,0.0,0.0,0.0,0.0,0.0,0.0,0.0,0.0,0.0,0.0,0.0,0.0,0.0,0.0,0.0,0.0,0.0,0.0,0.0,0.0,0.0,0.0,0.0,0.0,0.0,0.0,0.0,0.0,0.0,0.0
1.0,ホットケーキ,"

520kcalのチョコバナナホットケーキ


",0.0,0.0,0.0,0.0,0.0,0.0,0.0,0.0,0.0,0.0,0.0,0.0,0.0,0.0,0.0,0.0,0.0,0.0,0.0,0.0,0.0,0.0,0.0,0.0,0.0,0.0,0.0,1.0,0.0,0.0,0.0,0.0,0.0,0.0,0.0,0.0,0.0,0.0,0.0,0.0,0.0,0.0,0.0,0.0,0.0,0.0,0.0,0.0
1.0,ホットケーキ,"

ホットクック和風ケーキ


",0.0,0.6321448087692261,0.0,0.0,0.0,0.0,0.0,0.0,0.0,0.0,0.0,0.0,0.5250982046127319,0.0,0.0,0.0,0.0,0.0,0.0,0.0,0.0,0.0,0.0,0.5697936415672302,0.0,0.0,0.0,0.0,0.0,0.0,0.0,0.0,0.0,0.0,0.0,0.0,0.0,0.0,0.0,0.0,0.0,0.0,0.0,0.0,0.0,0.0,0.0,0.0
1.0,ホットケーキ,"

卵いっぱい栄養のあるホットケーキ


",0.0,0.0,0.0,0.0,0.0,0.0,0.0,0.0,0.0,0.0,0.0,0.0,0.0,0.0,0.0,0.0,0.0,0.0,0.0,0.0,0.0,0.0,0.0,0.0,0.0,0.0,0.0,0.0,0.0,0.0,0.0,0.0,0.0,0.0,0.0,0.0,0.0,0.0,0.0,0.0,0.0,0.0,0.0,0.0,0.0,0.0,0.0,0.0
1.0,ホットケーキ,"

ホットケーキMIXでマドレーヌ～♪


",0.0,0.0,0.0,0.0,0.0,0.0,0.0,0.0,0.0,0.0,0.0,0.0,0.0,0.0,0.0,0.0,0.0,0.0,0.0,0.0,0.0,0.0,0.0,0.0,0.0,0.0,0.0,0.0,0.0,0.0,0.0,0.0,0.0,0.0,0.0,0.0,0.0,0.0,0.0,0.0,0.0,0.0,0.0,0.0,0.0,0.0,0.0,1.0
1.0,ホットケーキ,"

粉をふるわないホットケーキ【子供おやつ】


",0.0,0.0,0.0,0.0,0.0,0.0,0.5886563658714294,0.0,0.0,0.0,0.0,0.3950892686843872,0.2755934000015259,0.0,0.0,0.0,0.0,0.0,0.0,0.0,0.0,0.0,0.0,0.0,0.0,0.0,0.0,0.0,0.0,0.0,0.0,0.0,0.0,0.0,0.0,0.0,0.0,0.0,0.0,0.0,0.0,0.0,0.0,0.6491813659667969,0.0,0.0,0.0,0.0
1.0,ホットケーキ,"

薄切り薩摩芋のホットケーキ風味フライ


",0.0,0.0,0.0,0.0,0.0,0.0,0.0,0.0,0.0,0.0,0.0,0.0,0.0,0.0,0.0,0.0,0.0,0.0,0.0,0.0,0.0,0.0,0.0,0.0,0.0,0.0,0.0,0.0,0.0,0.0,0.0,1.0,0.0,0.0,0.0,0.0,0.0,0.0,0.0,0.0,0.0,0.0,0.0,0.0,0.0,0.0,0.0,0.0
1.0,ホットケーキ,"

簡単めちゃもちホットケーキ


",0.0,0.0,0.4275139272212982,0.0,0.0,0.0,0.0,0.0,0.0,0.0,0.0,0.0,0.0,0.0,0.0,0.0,0.0,0.0,0.0,0.0,0.0,0.0,0.0,0.0,0.7301878333091736,0.0,0.0,0.0,0.0,0.0,0.0,0.5329704880714417,0.0,0.0,0.0,0.0,0.0,0.0,0.0,0.0,0.0,0.0,0.0,0.0,0.0,0.0,0.0,0.0
1.0,ホットケーキ,"

ハートホットケーキ


",0.0,0.0,0.0,0.0,0.0,0.0,0.0,0.0,0.0,0.0,0.0,0.0,0.0,0.0,0.0,0.0,0.0,0.0,0.0,0.0,0.0,0.0,0.0,0.0,0.0,0.0,0.0,0.0,0.0,0.0,0.0,0.0,0.0,0.0,0.0,0.0,0.0,0.0,0.0,0.0,0.0,0.0,0.0,0.0,0.0,0.0,0.0,0.0
1.0,ホットケーキ,"

簡単！外カリ中フワ炊飯器でホットケーキ


",0.0,0.0,0.0,0.0,0.0,0.0,0.0,0.0,0.0,0.0,0.0,0.0,0.0,0.0,0.0,0.0,0.0,0.0,0.0,0.0,0.0,0.0,0.0,0.0,0.0,0.0,0.0,0.0,0.0,0.0,0.0,0.0,0.0,0.0,0.0,0.0,0.0,0.0,0.0,0.0,0.0,0.0,0.0,0.0,0.0,0.0,0.0,0.0
1.0,ホットケーキ,"

簡単おいしいHMで絶品チーズホットケーキ


",0.0,0.0,0.0,0.0,0.0,0.0,0.0,0.0,0.0,0.0,0.0,0.0,0.0,0.0,0.0,0.0,0.0,0.0,0.0,0.0,0.0,0.0,0.0,0.0,0.0,0.0,0.0,0.0,0.0,0.0,0.0,0.0,0.0,0.0,0.0,0.0,0.0,0.0,0.0,0.0,0.0,0.0,0.0,0.0,0.0,0.0,1.0,0.0
1.0,ホットケーキ,"

ミッキー&ミニーのホットケーキ


",0.0,0.0,0.0,0.0,0.0,0.0,0.0,0.0,0.0,0.0,0.0,0.0,0.0,0.0,0.0,0.0,0.0,0.0,0.0,0.0,0.0,0.0,0.0,0.0,0.0,0.0,0.0,0.0,0.0,0.0,0.0,0.0,1.0,0.0,0.0,0.0,0.0,0.0,0.0,0.0,0.0,0.0,0.0,0.0,0.0,0.0,0.0,0.0
1.0,ホットケーキ,"

8さいの☆ちょこホットケーキ☆


",0.0,0.0,0.0,0.0,0.0,0.0,0.0,0.0,0.0,0.0,0.0,0.0,0.0,0.0,0.0,0.0,0.0,0.0,0.0,0.0,0.0,0.0,0.0,1.0,0.0,0.0,0.0,0.0,0.0,0.0,0.0,0.0,0.0,0.0,0.0,0.0,0.0,0.0,0.0,0.0,0.0,0.0,0.0,0.0,0.0,0.0,0.0,0.0
1.0,ホットケーキ,"

我が家のホットケーキ


",0.0,0.5451956391334534,0.0,0.0,0.0,0.0,0.0,0.0,0.7054558396339417,0.0,0.0,0.0,0.4528728425502777,0.0,0.0,0.0,0.0,0.0,0.0,0.0,0.0,0.0,0.0,0.0,0.0,0.0,0.0,0.0,0.0,0.0,0.0,0.0,0.0,0.0,0.0,0.0,0.0,0.0,0.0,0.0,0.0,0.0,0.0,0.0,0.0,0.0,0.0,0.0
1.0,ホットケーキ,"

米粉入りホットケーキ


",0.0,0.0,0.0,0.0,0.0,0.0,0.0,0.394168496131897,0.0,0.0,0.3787083625793457,0.2744619846343994,0.19145019352436066,0.0,0.0,0.0,0.0,0.24419598281383514,0.0,0.0,0.3226000964641571,0.0,0.0,0.20774611830711365,0.0,0.0,0.0,0.0,0.5347346067428589,0.0,0.0,0.3105262815952301,0.0,0.0,0.0,0.0,0.0,0.0,0.0,0.0,0.0,0.0,0.0,0.0,0.0,0.0,0.0,0.0
1.0,ホットケーキ,"

なおみんのおいしいホットケーキ


",0.0,0.0,0.0,0.0,0.0,0.0,0.0,0.0,0.0,0.0,0.0,0.0,0.0,0.0,0.0,0.0,0.0,1.0,0.0,0.0,0.0,0.0,0.0,0.0,0.0,0.0,0.0,0.0,0.0,0.0,0.0,0.0,0.0,0.0,0.0,0.0,0.0,0.0,0.0,0.0,0.0,0.0,0.0,0.0,0.0,0.0,0.0,0.0
1.0,ホットケーキ,"

豆腐入りかぼちゃのホットケーキ♪


",0.0,0.0,0.5442252159118652,0.0,0.0,0.0,0.0,0.0,0.0,0.0,0.0,0.2998371124267578,0.2091505378484726,0.0,0.0,0.0,0.0,0.0,0.0,0.0,0.0,0.0,0.4005943238735199,0.0,0.0,0.0,0.0,0.3702620267868042,0.0,0.0,0.0,0.0,0.0,0.0,0.0,0.0,0.0,0.0,0.0,0.0,0.0,0.0,0.0,0.0,0.0,0.0,0.0,0.5221138596534729
1.0,ホットケーキ,"

バナナチーズホットケーキ


",0.0,0.0,0.0,0.0,0.0,0.0,0.0,0.0,0.0,0.0,0.0,0.0,0.0,0.0,0.0,0.0,0.0,0.0,0.0,0.0,0.0,0.0,0.0,0.0,1.0,0.0,0.0,0.0,0.0,0.0,0.0,0.0,0.0,0.0,0.0,0.0,0.0,0.0,0.0,0.0,0.0,0.0,0.0,0.0,0.0,0.0,0.0,0.0
1.0,ホットケーキ,"

ココナッツオイル　ホットケーキ


",0.0,0.0,0.0,0.5817975997924805,0.641288697719574,0.0,0.0,0.0,0.0,0.0,0.0,0.0,0.0,0.0,0.0,0.0,0.0,0.0,0.0,0.0,0.0,0.0,0.0,0.0,0.0,0.0,0.0,0.5002602934837341,0.0,0.0,0.0,0.0,0.0,0.0,0.0,0.0,0.0,0.0,0.0,0.0,0.0,0.0,0.0,0.0,0.0,0.0,0.0,0.0
1.0,ホットケーキ,"

花粉症に、べにふうき茶豆乳ホットケーキ


",0.0,0.0,0.4302903115749359,0.0,0.0,0.0,0.0,0.0,0.0,0.0,0.0,0.0,0.0,0.0,0.0,0.0,0.0,0.0,0.902690589427948,0.0,0.0,0.0,0.0,0.0,0.0,0.0,0.0,0.0,0.0,0.0,0.0,0.0,0.0,0.0,0.0,0.0,0.0,0.0,0.0,0.0,0.0,0.0,0.0,0.0,0.0,0.0,0.0,0.0
1.0,ホットケーキ,"

離乳食後期★栄養満点！野菜のホットケーキ


",0.0,0.0,0.0,0.0,0.0,0.0,0.0,0.0,0.0,0.0,0.0,0.0,0.0,0.0,0.0,0.0,0.0,0.0,0.9292543530464172,0.0,0.0,0.0,0.0,0.36944061517715454,0.0,0.0,0.0,0.0,0.0,0.0,0.0,0.0,0.0,0.0,0.0,0.0,0.0,0.0,0.0,0.0,0.0,0.0,0.0,0.0,0.0,0.0,0.0,0.0
1.0,ホットケーキ,"

シナモン香る蜂蜜フルーツホットケーキ


",0.0,0.0,0.0,0.0,0.0,0.0,0.0,0.0,0.0,0.0,0.0,0.0,0.0,0.0,0.0,0.0,0.0,0.0,0.0,0.0,0.0,0.0,0.0,0.0,0.0,0.0,0.0,0.0,0.0,0.0,0.0,0.0,0.0,0.0,0.0,0.0,1.0,0.0,0.0,0.0,0.0,0.0,0.0,0.0,0.0,0.0,0.0,0.0
1.0,ホットケーキ,"

レインボーホットケーキ


",0.0,0.0,0.0,0.0,0.0,0.0,0.0,0.0,0.0,0.0,0.0,0.0,0.0,0.0,0.0,0.0,0.0,0.0,0.0,0.0,0.0,0.0,0.0,0.0,0.0,0.0,0.0,0.0,0.0,0.0,0.0,0.0,0.0,0.0,0.0,0.0,0.0,0.0,0.0,0.0,0.0,0.0,0.0,0.0,0.0,1.0,0.0,0.0
1.0,ホットケーキ,"

豆腐のホットケーキ


",0.0,0.0,0.0,0.0,0.0,0.0,0.5754066705703735,0.0,0.0,0.0,0.0,0.0,0.0,0.0,0.0,0.0,0.0,0.0,0.0,0.0,0.0,0.0,0.5159738063812256,0.0,0.0,0.0,0.0,0.0,0.0,0.0,0.0,0.0,0.0,0.0,0.0,0.0,0.0,0.0,0.0,0.0,0.0,0.0,0.0,0.6345692873001099,0.0,0.0,0.0,0.0
1.0,ホットケーキ,"

卵焼きフライパンで*極厚*ホットケーキ


",0.0,0.0,0.0,0.0,0.0,0.0,0.0,0.0,0.0,0.0,0.0,0.0,0.0,0.0,0.0,0.0,0.0,0.0,0.0,0.0,0.0,0.9107474684715271,0.0,0.41296371817588806,0.0,0.0,0.0,0.0,0.0,0.0,0.0,0.0,0.0,0.0,0.0,0.0,0.0,0.0,0.0,0.0,0.0,0.0,0.0,0.0,0.0,0.0,0.0,0.0
1.0,ホットケーキ,"

ソーセージホットケーキ


",0.0,0.0,0.0,0.0,0.0,0.0,0.0,0.0,0.0,0.0,0.0,0.0,0.0,0.0,0.0,0.0,0.0,0.0,0.0,0.0,0.0,0.0,0.0,0.0,0.0,0.0,0.0,0.0,0.0,0.0,0.0,0.0,0.0,0.0,0.0,0.0,0.0,0.0,0.0,0.0,0.0,0.0,0.0,0.0,0.0,0.0,0.0,0.0
1.0,ホットケーキ,"

豆腐ホットケーキ


",0.0,0.0,0.364070862531662,0.0,0.0,0.0,0.0,0.0,0.0,0.0,0.0,0.0,0.0,0.0,0.0,0.0,0.0,0.0,0.0,0.0,0.0,0.0,0.5359718799591064,0.30365002155303955,0.0,0.0,0.0,0.0,0.0,0.0,0.0,0.0,0.0,0.0,0.0,0.0,0.0,0.0,0.0,0.0,0.0,0.0,0.0,0.0,0.0,0.0,0.0,0.69855797290802
1.0,ホットケーキ,"

ホットケーキとレンジで作る蒸しパン


",0.0,0.0,0.0,0.0,1.0,0.0,0.0,0.0,0.0,0.0,0.0,0.0,0.0,0.0,0.0,0.0,0.0,0.0,0.0,0.0,0.0,0.0,0.0,0.0,0.0,0.0,0.0,0.0,0.0,0.0,0.0,0.0,0.0,0.0,0.0,0.0,0.0,0.0,0.0,0.0,0.0,0.0,0.0,0.0,0.0,0.0,0.0,0.0
1.0,ホットケーキ,"

ふっくらしっとりホットケーキ


",0.0,1.0,0.0,0.0,0.0,0.0,0.0,0.0,0.0,0.0,0.0,0.0,0.0,0.0,0.0,0.0,0.0,0.0,0.0,0.0,0.0,0.0,0.0,0.0,0.0,0.0,0.0,0.0,0.0,0.0,0.0,0.0,0.0,0.0,0.0,0.0,0.0,0.0,0.0,0.0,0.0,0.0,0.0,0.0,0.0,0.0,0.0,0.0
1.0,ホットケーキ,"

和風なホットケーキ


",0.0,0.0,0.0,0.0,0.0,0.0,0.0,0.0,0.0,0.0,0.0,0.0,0.0,0.0,0.0,0.0,0.9237183928489685,0.0,0.0,0.0,0.0,0.0,0.0,0.38307228684425354,0.0,0.0,0.0,0.0,0.0,0.0,0.0,0.0,0.0,0.0,0.0,0.0,0.0,0.0,0.0,0.0,0.0,0.0,0.0,0.0,0.0,0.0,0.0,0.0
1.0,ホットケーキ,"

【HM・乳不使用】ふかふかホットケーキ


",0.0,0.2610013484954834,0.0,0.0,0.0,0.0,0.0,0.0,0.0,0.0,0.0,0.0,0.2168036848306656,0.0,0.0,0.0,0.0,0.0,0.0,0.0,0.0,0.0,0.0,0.23525765538215637,0.0,0.0,0.0,0.38381052017211914,0.6055487990379333,0.0,0.0,0.0,0.0,0.0,0.0,0.0,0.5617191791534424,0.0,0.0,0.0,0.0,0.0,0.0,0.0,0.0,0.0,0.0,0.0
1.0,ホットケーキ,"

手作りホットケーキ


",0.0,0.0,0.0,0.0,0.0,0.0,0.0,0.0,0.0,0.0,0.0,0.8201759457588196,0.5721114277839661,0.0,0.0,0.0,0.0,0.0,0.0,0.0,0.0,0.0,0.0,0.0,0.0,0.0,0.0,0.0,0.0,0.0,0.0,0.0,0.0,0.0,0.0,0.0,0.0,0.0,0.0,0.0,0.0,0.0,0.0,0.0,0.0,0.0,0.0,0.0
1.0,ホットケーキ,"

簡単！強力粉x豆腐のふわふわホットケーキ


",0.0,0.0,0.0,0.0,0.0,0.0,0.0,0.0,0.0,0.0,0.0,0.0,0.20232568681240082,0.0,0.0,0.0,0.0,0.0,0.0,0.0,0.0,0.4841882288455963,0.387522429227829,0.0,0.0,0.5050766468048096,0.0,0.0,0.0,0.0,0.0,0.0,0.0,0.0,0.0,0.0,0.0,0.0,0.0,0.0,0.0,0.0,0.0,0.0,0.5651106834411621,0.0,0.0,0.0
1.0,ホットケーキ,"

ふわふわしっとり分厚いホットケーキ


",0.0,0.0,0.0,0.0,0.0,0.0,0.0,0.0,0.0,0.0,0.0,0.0,0.0,0.0,0.0,0.0,0.0,0.0,0.0,0.0,0.0,0.0,0.0,0.0,0.0,0.0,0.0,0.0,0.0,0.0,0.0,0.0,0.0,0.0,0.0,0.0,0.0,0.0,0.0,0.0,0.0,0.0,0.0,0.0,0.0,0.0,0.0,0.0
1.0,ホットケーキ,"

ホットケーキ（ホケミを使わない）


",0.0,0.0,0.0,0.0,0.0,0.29300960898399353,0.4049442410469055,0.0,0.0,0.0,0.0,0.27178695797920227,0.18958422541618347,0.0,0.0,0.0,0.0,0.2418159395456314,0.0,0.0,0.3194558620452881,0.0,0.0,0.0,0.0,0.0,0.0,0.0,0.5295227766036987,0.0,0.0,0.0,0.0,0.0,0.0,0.0,0.0,0.0,0.0,0.0,0.0,0.0,0.0,0.4465801417827606,0.0,0.0,0.0,0.0
1.0,ホットケーキ,"

紙パックで高いしっとりホットケーキ


",0.0,0.0,0.0,0.5894507765769958,0.0,0.44248756766319275,0.0,0.0,0.0,0.0,0.0,0.0,0.0,0.0,0.6001974940299988,0.0,0.0,0.0,0.0,0.0,0.0,0.0,0.0,0.3106694519519806,0.0,0.0,0.0,0.0,0.0,0.0,0.0,0.0,0.0,0.0,0.0,0.0,0.0,0.0,0.0,0.0,0.0,0.0,0.0,0.0,0.0,0.0,0.0,0.0
1.0,ホットケーキ,"

卵なし冷凍苺もちもちホットケーキ☆離乳食


",0.0,0.0,0.0,0.0,0.0,0.0,0.0,0.0,0.0,0.0,0.0,0.0,0.0,0.0,0.0,0.0,0.0,0.0,0.0,0.0,0.0,0.0,1.0,0.0,0.0,0.0,0.0,0.0,0.0,0.0,0.0,0.0,0.0,0.0,0.0,0.0,0.0,0.0,0.0,0.0,0.0,0.0,0.0,0.0,0.0,0.0,0.0,0.0
1.0,ホットケーキ,"

糖質オフ☆コロコロホットケーキ♪


",0.0,0.0,0.5007687211036682,0.0,0.0,0.0,0.0,0.0,0.5995715856552124,0.0,0.0,0.0,0.0,0.0,0.0,0.0,0.0,0.0,0.0,0.0,0.0,0.0,0.0,0.0,0.0,0.0,0.0,0.0,0.0,0.0,0.0,0.6242952942848206,0.0,0.0,0.0,0.0,0.0,0.0,0.0,0.0,0.0,0.0,0.0,0.0,0.0,0.0,0.0,0.0
1.0,ホットケーキ,"

コーヒー味のホットケーキ


",0.0,0.0,0.0,0.0,0.0,0.0,0.0,0.0,0.0,0.0,0.0,0.0,0.0,0.0,0.0,0.0,0.0,0.0,0.0,0.0,0.0,0.0,0.0,1.0,0.0,0.0,0.0,0.0,0.0,0.0,0.0,0.0,0.0,0.0,0.0,0.0,0.0,0.0,0.0,0.0,0.0,0.0,0.0,0.0,0.0,0.0,0.0,0.0
1.0,ホットケーキ,"

離乳食中後期以降のホットケーキ


",0.0,0.0,0.0,0.0,0.0,0.0,0.0,0.0,0.0,0.0,0.0,0.7973432540893555,0.0,0.0,0.0,0.0,0.0,0.0,0.0,0.0,0.0,0.0,0.0,0.6035260558128357,0.0,0.0,0.0,0.0,0.0,0.0,0.0,0.0,0.0,0.0,0.0,0.0,0.0,0.0,0.0,0.0,0.0,0.0,0.0,0.0,0.0,0.0,0.0,0.0
1.0,ホットケーキ,"

もちフワ豆腐ホットケーキ


",0.0,0.0,0.0,0.0,0.0,0.0,0.0,0.0,0.0,0.0,0.0,0.35423287749290466,0.0,0.0,0.0,0.0,0.0,0.0,0.0,0.0,0.0,0.0,0.47326919436454773,0.26812639832496643,0.0,0.0,0.0,0.0,0.0,0.0,0.0,0.4007790684700012,0.0,0.0,0.0,0.0,0.0,0.0,0.0,0.0,0.0,0.0,0.6465444564819336,0.0,0.0,0.0,0.0,0.0
1.0,ホットケーキ,"

牛乳なし！ヨーグルトもちもちホットケーキ


",0.0,0.0,0.0,0.0,0.0,0.0,0.0,0.0,0.0,0.0,0.0,0.0,0.0,0.0,0.0,0.0,0.0,0.0,0.0,0.0,0.0,0.0,0.0,0.0,0.0,0.0,0.0,0.0,0.0,0.0,0.0,0.0,0.0,0.0,0.0,0.0,0.0,0.0,0.0,0.0,0.0,0.0,0.0,0.0,0.0,0.0,0.0,0.0
1.0,ホットケーキ,"

さっぱりイチゴホットケーキ


",0.0,0.0,0.0,0.0,0.0,0.0,0.0,0.0,0.0,0.0,0.0,0.0,0.0,0.0,0.0,0.0,0.0,0.0,0.0,0.0,0.0,0.0,0.0,0.0,0.0,0.0,0.0,0.0,0.0,0.0,0.0,0.0,0.0,0.0,0.0,0.0,0.0,0.0,0.0,0.0,0.0,0.0,0.0,0.0,0.0,0.0,0.0,0.0
1.0,ホットケーキ,"

簡単ヘルシーホットケーキ　


",0.0,0.0,0.0,0.0,0.6644607186317444,0.0,0.0,0.0,0.0,0.0,0.0,0.20987367630004883,0.0,0.0,0.30690523982048035,0.21453237533569336,0.0,0.0,0.0,0.0,0.0,0.0,0.0,0.31771570444107056,0.0,0.0,0.0,0.25916823744773865,0.0,0.0,0.0,0.23745107650756836,0.0,0.0,0.0,0.0,0.0,0.0,0.3869568109512329,0.0,0.0,0.0,0.0,0.0,0.0,0.0,0.0,0.0
1.0,ホットケーキ,"

お豆腐ホットケーキ


",0.0,0.30468428134918213,0.32927873730659485,0.0,0.0,0.0,0.0,0.0,0.0,0.0,0.0,0.0,0.25308939814567566,0.0,0.0,0.0,0.0,0.0,0.0,0.0,0.0,0.0,0.48475217819213867,0.0,0.0,0.0,0.0,0.0,0.0,0.0,0.0,0.0,0.0,0.0,0.0,0.0,0.0,0.0,0.0,0.0,0.0,0.0,0.0,0.0,0.706897497177124,0.0,0.0,0.0
1.0,ホットケーキ,"

ふかふか！喫茶店みたいなホットケーキ


",0.0,0.0,0.5202059149742126,0.0,0.0,0.0,0.0,0.0,0.0,0.0,0.0,0.0,0.0,0.0,0.0,0.0,0.0,0.0,0.0,0.0,0.0,0.0,0.0,0.0,0.0,0.0,0.0,0.0,0.0,0.0,0.8540408611297607,0.0,0.0,0.0,0.0,0.0,0.0,0.0,0.0,0.0,0.0,0.0,0.0,0.0,0.0,0.0,0.0,0.0
1.0,ホットケーキ,"

朝食・ランチにも！人参×豆腐ホットケーキ


",0.0,0.0,0.0,0.0,0.0,0.0,0.0,0.0,0.0,0.0,0.0,0.0,0.0,0.0,0.0,0.0,0.0,0.0,0.0,0.0,0.0,0.7807336449623108,0.6248639822006226,0.0,0.0,0.0,0.0,0.0,0.0,0.0,0.0,0.0,0.0,0.0,0.0,0.0,0.0,0.0,0.0,0.0,0.0,0.0,0.0,0.0,0.0,0.0,0.0,0.0
1.0,ホットケーキ,"

さくさくふわふわホットケーキ


",0.0,0.5959950089454651,0.0,0.0,0.0,0.0,0.0,0.0,0.0,0.0,0.0,0.0,0.0,0.0,0.0,0.0,0.0,0.0,0.0,0.0,0.0,0.0,0.0,0.0,0.0,0.0,0.0,0.0,0.0,0.0,0.0,0.8029881119728088,0.0,0.0,0.0,0.0,0.0,0.0,0.0,0.0,0.0,0.0,0.0,0.0,0.0,0.0,0.0,0.0
1.0,ホットケーキ,"

節約ホットケーキ


",0.0,0.23304596543312073,0.0,0.0,0.0,0.0,0.0,0.0,0.0,0.0,0.0,0.0,0.0,0.0,0.0,0.0,0.0,0.0,0.0,0.0,0.0,0.0,0.0,0.0,0.0,0.0,0.0,0.0,0.0,0.0,0.826967716217041,0.0,0.0,0.0,0.0,0.0,0.0,0.0,0.511677622795105,0.0,0.0,0.0,0.0,0.0,0.0,0.0,0.0,0.0
1.0,ホットケーキ,"

おからパウダー入り★おからホットケーキ


",0.0,0.0,0.0,0.0,0.0,0.0,0.0,0.0,0.0,0.0,0.0,0.0,0.0,0.0,0.0,0.0,0.0,0.0,0.0,0.0,0.0,0.0,0.0,0.0,0.0,0.0,0.704846203327179,0.0,0.0,0.0,0.0,0.0,0.0,0.0,0.0,0.7093601226806641,0.0,0.0,0.0,0.0,0.0,0.0,0.0,0.0,0.0,0.0,0.0,0.0
1.0,ホットケーキ,"

コーンとチーズのホットケーキ


",0.0,0.0,0.0,0.0,0.0,0.0,0.0,0.0,0.0,0.0,0.0,0.0,0.0,0.0,0.0,0.0,0.0,0.0,0.0,0.0,0.0,0.0,0.0,0.0,0.508455216884613,0.0,0.0,0.0,0.0,0.0,0.0,0.0,0.0,0.0,0.0,0.0,0.5928314924240112,0.0,0.0,0.0,0.0,0.0,0.0,0.0,0.0,0.0,0.6245191097259521,0.0
1.0,ホットケーキ,"

麹甘酒で作るホットケーキ


",0.0,0.0,0.0,0.0,0.0,0.0,0.0,0.0,0.0,0.0,0.0,0.0,0.0,0.0,0.0,0.0,0.0,0.0,0.0,0.0,0.0,0.0,0.0,0.0,0.0,0.0,0.0,0.0,0.0,0.0,0.0,0.0,0.0,0.0,0.0,0.0,0.0,0.0,0.0,0.0,0.0,0.0,0.0,0.0,0.0,0.0,0.0,0.0
1.0,ホットケーキ,"

ホットケーキMIXで★簡単バナナケーキ★


",0.0,0.0,0.0,0.0,0.0,0.0,0.0,0.0,0.0,0.0,0.0,0.0,0.0,0.0,0.0,0.0,0.0,0.6085009574890137,0.0,0.7935531139373779,0.0,0.0,0.0,0.0,0.0,0.0,0.0,0.0,0.0,0.0,0.0,0.0,0.0,0.0,0.0,0.0,0.0,0.0,0.0,0.0,0.0,0.0,0.0,0.0,0.0,0.0,0.0,0.0
1.0,ホットケーキ,"

HM牛乳なしで簡単ホットケーキ


",0.0,0.0,0.0,0.0,0.0,0.0,0.0,0.0,0.0,0.0,0.0,0.41030484437942505,0.286206990480423,0.0,0.0,0.0,0.0,0.0,0.0,0.0,0.0,0.0,0.0,0.0,0.0,0.0,0.0,0.5066761374473572,0.0,0.7021501660346985,0.0,0.0,0.0,0.0,0.0,0.0,0.0,0.0,0.0,0.0,0.0,0.0,0.0,0.0,0.0,0.0,0.0,0.0
1.0,ホットケーキ,"

卵ありヨーグルトホットケーキ


",0.0,0.0,0.0,0.0,0.0,0.0,0.0,0.0,0.0,0.0,0.0,0.6257691383361816,0.0,0.7800083160400391,0.0,0.0,0.0,0.0,0.0,0.0,0.0,0.0,0.0,0.0,0.0,0.0,0.0,0.0,0.0,0.0,0.0,0.0,0.0,0.0,0.0,0.0,0.0,0.0,0.0,0.0,0.0,0.0,0.0,0.0,0.0,0.0,0.0,0.0
1.0,ホットケーキ,"

ほわほわ♪かぼちゃホットケーキ


",0.0,0.0,0.0,0.0,0.0,0.0,0.0,0.0,0.0,0.0,0.0,0.0,0.0,0.0,0.0,0.0,0.0,0.0,0.0,0.0,0.0,0.0,0.0,0.0,0.0,0.0,0.0,0.0,0.0,0.0,0.0,0.0,0.0,0.0,0.0,0.0,0.0,0.0,0.0,0.0,0.0,0.0,0.0,0.0,0.0,0.0,0.0,0.0
1.0,ホットケーキ,"

マシュマロホットケーキ


",0.0,0.0,0.0,0.0,0.0,0.0,0.0,0.0,0.0,0.0,0.0,0.0,0.0,0.0,0.0,0.0,0.0,0.0,0.0,0.0,0.0,0.0,0.0,0.0,0.0,0.0,0.0,0.0,0.0,0.0,0.0,0.0,0.0,0.0,0.0,0.0,0.0,0.0,0.0,0.0,0.0,0.0,0.0,0.0,0.0,0.0,0.0,0.0
1.0,ホットケーキ,"

よもぎのホットケーキ


",0.0,0.0,0.0,0.0,0.0,0.0,0.0,0.0,0.0,0.0,0.0,0.0,0.0,0.4429936408996582,0.0,0.0,0.0,0.0,0.0,0.0,0.0,0.0,0.0,0.0,0.0,0.6188598275184631,0.0,0.0,0.0,0.0,0.0,0.0,0.0,0.0,0.0,0.0,0.0,0.0,0.0,0.0,0.0,0.0,0.6486672163009644,0.0,0.0,0.0,0.0,0.0
1.0,ホットケーキ,"

ホットケーキで作るブラウニー


",0.0,0.0,0.0,0.0,0.0,0.0,0.0,0.0,0.39931929111480713,0.0,0.0,0.0,0.0,0.0,0.0,0.0,0.0,0.0,0.0,0.0,0.0,0.0,0.0,0.27816590666770935,0.0,0.0,0.0,0.0,0.0,0.0,0.0,0.0,0.0,0.0,0.0,0.0,0.0,0.0,0.0,0.5946901440620422,0.0,0.0,0.0,0.0,0.0,0.0,0.0,0.639930784702301
1.0,ホットケーキ,"

簡単☆炊飯器でホットケーキ


",0.0,0.0,0.0,0.0,0.0,0.0,0.0,0.0,0.0,0.0,0.0,0.0,0.0,0.0,0.0,0.0,0.0,0.0,0.0,0.0,0.0,0.0,0.0,1.0,0.0,0.0,0.0,0.0,0.0,0.0,0.0,0.0,0.0,0.0,0.0,0.0,0.0,0.0,0.0,0.0,0.0,0.0,0.0,0.0,0.0,0.0,0.0,0.0
1.0,ホットケーキ,"

ハム入りホットケーキ


",0.0,0.0,0.0,0.0,0.0,0.5934048295021057,0.0,0.0,0.0,0.0,0.0,0.0,0.0,0.0,0.8049041628837585,0.0,0.0,0.0,0.0,0.0,0.0,0.0,0.0,0.0,0.0,0.0,0.0,0.0,0.0,0.0,0.0,0.0,0.0,0.0,0.0,0.0,0.0,0.0,0.0,0.0,0.0,0.0,0.0,0.0,0.0,0.0,0.0,0.0
1.0,ホットケーキ,"

カリッと旨い、パンのホットケーキ揚げ


",0.0,0.0,0.0,0.0,0.0,0.0,0.0,0.0,0.0,0.0,0.0,0.0,0.0,0.0,0.0,0.0,0.0,0.0,0.0,0.0,0.0,0.0,0.0,0.0,0.0,0.0,0.0,0.0,0.0,0.0,0.0,0.0,0.0,0.0,0.0,0.0,0.0,0.0,1.0,0.0,0.0,0.0,0.0,0.0,0.0,0.0,0.0,0.0
1.0,ホットケーキ,"

堀口家のふわふわ米粉ホットケーキ


",0.0,0.0,0.0,0.0,0.0,0.0,0.0,0.0,0.5180879831314087,0.0,0.0,0.0,0.0,0.0,0.0,0.48738399147987366,0.0,0.4242215156555176,0.0,0.0,0.5604264736175537,0.0,0.0,0.0,0.0,0.0,0.0,0.0,0.0,0.0,0.0,0.0,0.0,0.0,0.0,0.0,0.0,0.0,0.0,0.0,0.0,0.0,0.0,0.0,0.0,0.0,0.0,0.0
1.0,ホットケーキ,"

おかずホットケーキ★


",0.0,0.0,0.0,0.0,0.0,0.0,0.0,0.0,0.0,0.0,0.0,0.0,0.0,0.0,0.6091365814208984,0.0,0.0,0.0,0.0,0.0,0.0,0.0,0.0,0.0,0.0,0.0,0.0,0.0,0.0,0.0,0.0,0.0,0.0,0.0,0.0,0.0,0.0,0.0,0.0,0.0,0.0,0.0,0.0,0.0,0.0,0.0,0.7930653691291809,0.0
1.0,ホットケーキ,"

ホットベイクドチーズケーキ


",0.0,0.3107457458972931,0.0,0.0,0.0,0.0,0.0,0.0,0.0,0.0,0.0,0.0,0.0,0.0,0.0,0.0,0.6754062175750732,0.0,0.0,0.0,0.0,0.0,0.0,0.0,0.0,0.0,0.0,0.0,0.0,0.0,0.0,0.0,0.6687776446342468,0.0,0.0,0.0,0.0,0.0,0.0,0.0,0.0,0.0,0.0,0.0,0.0,0.0,0.0,0.0
1.0,ホットケーキ,"

キャベツのホットケーキ


",0.0,0.0,0.0,0.0,0.0,0.0,0.0,0.0,0.0,0.0,0.0,0.0,0.0,0.0,0.0,0.6376529335975647,0.0,0.0,0.0,0.0,0.0,0.0,0.0,0.0,0.0,0.0,0.0,0.7703237533569336,0.0,0.0,0.0,0.0,0.0,0.0,0.0,0.0,0.0,0.0,0.0,0.0,0.0,0.0,0.0,0.0,0.0,0.0,0.0,0.0
1.0,ホットケーキ,"

【大量消費】粉ミルクで作るホットケーキ


",0.0,0.0,0.0,0.0,0.0,0.0,0.0,0.0,0.0,0.0,0.0,0.0,0.0,0.0,0.0,0.0,0.0,0.0,0.0,0.0,0.0,0.0,0.0,0.0,0.0,0.0,0.0,1.0,0.0,0.0,0.0,0.0,0.0,0.0,0.0,0.0,0.0,0.0,0.0,0.0,0.0,0.0,0.0,0.0,0.0,0.0,0.0,0.0
1.0,ホットケーキ,"

万能！大学芋の黄金の蜜♪ホットケーキにも


",0.0,0.0,0.0,0.0,0.0,0.0,0.0,0.0,0.0,0.0,0.0,0.0,0.0,0.0,0.0,0.0,0.0,0.0,0.0,0.0,0.0,0.0,0.0,0.0,0.0,0.0,0.0,1.0,0.0,0.0,0.0,0.0,0.0,0.0,0.0,0.0,0.0,0.0,0.0,0.0,0.0,0.0,0.0,0.0,0.0,0.0,0.0,0.0
1.0,ホットケーキ,"

お絵かきホットケーキ


",0.0,0.0,0.0,0.0,0.0,0.0,0.0,0.0,0.0,0.0,0.0,0.0,0.0,0.0,0.0,0.0,0.0,0.0,0.0,0.0,0.0,0.0,0.0,0.0,0.0,0.0,0.0,1.0,0.0,0.0,0.0,0.0,0.0,0.0,0.0,0.0,0.0,0.0,0.0,0.0,0.0,0.0,0.0,0.0,0.0,0.0,0.0,0.0
1.0,ホットケーキ,"

離乳食☆おやつ☆にんじんホットケーキ


",0.0,0.39191001653671265,0.0,0.0,0.0,0.0,0.0,0.0,0.0,0.0,0.0,0.0,0.32554444670677185,0.0,0.0,0.0,0.0,0.0,0.0,0.0,0.0,0.0,0.0,0.0,0.0,0.0,0.0,0.0,0.0,0.0,0.0,0.0,0.0,0.0,0.0,0.0,0.0,0.0,0.8604809045791626,0.0,0.0,0.0,0.0,0.0,0.0,0.0,0.0,0.0
1.0,ホットケーキ,"

ホットケーキ粉使用しないで、ホットケーキ


",0.0,0.5341233015060425,0.0,0.0,0.0,0.0,0.0,0.0,0.0,0.0,0.0,0.0,0.4436754882335663,0.0,0.0,0.0,0.0,0.0,0.0,0.0,0.0,0.0,0.0,0.0,0.0,0.0,0.0,0.0,0.0,0.0,0.0,0.7196279168128967,0.0,0.0,0.0,0.0,0.0,0.0,0.0,0.0,0.0,0.0,0.0,0.0,0.0,0.0,0.0,0.0
1.0,ホットケーキ,"

基本の王道ホットケーキ♪


",0.0,0.0,0.0,0.0,0.0,0.0,0.0,0.0,0.0,0.0,0.0,0.0,0.0,0.0,0.0,0.0,0.0,0.0,0.0,0.0,0.0,0.0,0.0,0.0,0.0,0.0,0.0,0.0,0.0,0.0,0.0,0.0,0.0,0.0,0.0,0.0,0.0,0.0,0.0,0.0,0.0,0.0,0.0,0.0,0.0,0.0,0.0,0.0
1.0,ホットケーキ,"

豆腐入りホットケーキ


",0.0,0.0,0.0,0.0,0.0,0.5746051669120789,0.0,0.0,0.0,0.0,0.0,0.0,0.0,0.0,0.0,0.0,0.0,0.0,0.0,0.0,0.0,0.0,0.712091326713562,0.4034288823604584,0.0,0.0,0.0,0.0,0.0,0.0,0.0,0.0,0.0,0.0,0.0,0.0,0.0,0.0,0.0,0.0,0.0,0.0,0.0,0.0,0.0,0.0,0.0,0.0
1.0,ホットケーキ,"

ホットケーキ　～HCM不使用～


",0.0,0.0,0.0,0.0,0.0,0.0,0.0,0.0,0.0,0.0,0.0,0.7470986843109131,0.0,0.0,0.0,0.0,0.0,0.6647131443023682,0.0,0.0,0.0,0.0,0.0,0.0,0.0,0.0,0.0,0.0,0.0,0.0,0.0,0.0,0.0,0.0,0.0,0.0,0.0,0.0,0.0,0.0,0.0,0.0,0.0,0.0,0.0,0.0,0.0,0.0
1.0,ホットケーキ,"

mホットケーキ粉で！簡単にんじんドーナツ


",0.0,0.0,0.0,0.0,0.0,0.0,0.0,0.0,0.0,0.0,0.0,1.0,0.0,0.0,0.0,0.0,0.0,0.0,0.0,0.0,0.0,0.0,0.0,0.0,0.0,0.0,0.0,0.0,0.0,0.0,0.0,0.0,0.0,0.0,0.0,0.0,0.0,0.0,0.0,0.0,0.0,0.0,0.0,0.0,0.0,0.0,0.0,0.0
1.0,ホットケーキ,"

＋メレンゲでしゅんわりホットケーキ


",0.0,0.0,0.0,0.0,0.0,0.0,0.0,0.0,0.0,0.0,0.0,0.0,0.0,0.0,0.0,0.0,0.0,0.0,0.0,0.0,0.0,0.0,0.0,0.0,0.0,0.0,0.0,0.0,0.0,0.0,0.0,0.0,0.0,0.0,0.0,0.0,0.0,0.0,0.0,0.0,0.0,0.0,0.0,0.0,0.0,0.0,0.0,0.0
1.0,ホットケーキ,"

ホットケーキ　フワフワ


",0.5364303588867188,0.0,0.0,0.0,0.0,0.0,0.0,0.0,0.3434962332248688,0.0,0.0,0.0,0.0,0.0,0.0,0.0,0.0,0.281262069940567,0.0,0.0,0.3715670108795166,0.0,0.0,0.0,0.0,0.0,0.0,0.39037200808525085,0.0,0.0,0.0,0.0,0.0,0.0,0.0,0.4740169942378998,0.0,0.0,0.0,0.0,0.0,0.0,0.0,0.0,0.0,0.0,0.0,0.0
1.0,ホットケーキ,"

卵なしのホットケーキ


",0.0,0.0,1.0,0.0,0.0,0.0,0.0,0.0,0.0,0.0,0.0,0.0,0.0,0.0,0.0,0.0,0.0,0.0,0.0,0.0,0.0,0.0,0.0,0.0,0.0,0.0,0.0,0.0,0.0,0.0,0.0,0.0,0.0,0.0,0.0,0.0,0.0,0.0,0.0,0.0,0.0,0.0,0.0,0.0,0.0,0.0,0.0,0.0
1.0,ホットケーキ,"

ひな祭り 離乳食 お花ホットケーキ


",0.0,0.0,0.5242472887039185,0.0,0.0,0.0,0.0,0.0,0.0,0.0,0.0,0.0,0.0,0.0,0.0,0.0,0.0,0.5139598846435547,0.0,0.0,0.6789771914482117,0.0,0.0,0.0,0.0,0.0,0.0,0.0,0.0,0.0,0.0,0.0,0.0,0.0,0.0,0.0,0.0,0.0,0.0,0.0,0.0,0.0,0.0,0.0,0.0,0.0,0.0,0.0
1.0,ホットケーキ,"

ホットケーキ作り置き


",0.0,0.0,0.0,0.0,0.0,0.0,0.0,0.0,0.0,0.0,0.0,0.0,0.0,0.0,0.0,0.0,0.0,0.0,0.0,0.0,0.0,0.0,0.0,0.0,0.0,0.0,0.0,0.0,0.0,0.0,0.0,0.0,0.0,0.0,0.0,0.0,0.0,0.0,0.0,0.0,0.0,0.0,0.0,0.0,0.0,0.0,0.0,0.0
1.0,ホットケーキ,"

ホットケーキミックスなし！ホットケーキ


",0.0,0.5473241806030273,0.0,0.0,0.0,0.7026647925376892,0.0,0.0,0.0,0.0,0.0,0.0,0.4546409547328949,0.0,0.0,0.0,0.0,0.0,0.0,0.0,0.0,0.0,0.0,0.0,0.0,0.0,0.0,0.0,0.0,0.0,0.0,0.0,0.0,0.0,0.0,0.0,0.0,0.0,0.0,0.0,0.0,0.0,0.0,0.0,0.0,0.0,0.0,0.0
1.0,ホットケーキ,"

コーンミールのふわふわっホットケーキ


",0.0,0.39691609144210815,0.428955614566803,0.0,0.0,0.0,0.0,0.0,0.5135895609855652,0.0,0.0,0.0,0.32970279455184937,0.0,0.0,0.0,0.0,0.0,0.0,0.0,0.0,0.0,0.0,0.0,0.0,0.0,0.0,0.0,0.0,0.0,0.0,0.534767746925354,0.0,0.0,0.0,0.0,0.0,0.0,0.0,0.0,0.0,0.0,0.0,0.0,0.0,0.0,0.0,0.0
1.0,ホットケーキ,"

ホットケーキ


",0.0,0.3149377405643463,0.3403598666191101,0.0,0.0,0.0,0.0,0.0,0.0,0.0,0.0,0.0,0.0,0.0,0.0,0.0,0.0,0.0,0.0,0.0,0.0,0.0,0.5010654330253601,0.0,0.0,0.0,0.0,0.0,0.0,0.0,0.0,0.0,0.0,0.0,0.0,0.0,0.0,0.0,0.0,0.0,0.0,0.0,0.0,0.0,0.7306865453720093,0.0,0.0,0.0
1.0,ホットケーキ,"

ごまきなこホットケーキ


",0.0,0.0,0.0,0.0,0.0,0.0,0.0,0.0,0.0,0.0,0.0,0.0,0.0,0.0,0.0,0.0,0.0,0.0,0.0,0.0,0.0,0.8277856707572937,0.0,0.0,0.0,0.0,0.0,0.0,0.0,0.0,0.0,0.561044454574585,0.0,0.0,0.0,0.0,0.0,0.0,0.0,0.0,0.0,0.0,0.0,0.0,0.0,0.0,0.0,0.0
1.0,ホットケーキ,"

ふっくらおいしいホットケーキ


",0.0,0.0,0.0,0.0,0.0,0.0,0.0,0.7211070656776428,0.0,0.0,0.6928236484527588,0.0,0.0,0.0,0.0,0.0,0.0,0.0,0.0,0.0,0.0,0.0,0.0,0.0,0.0,0.0,0.0,0.0,0.0,0.0,0.0,0.0,0.0,0.0,0.0,0.0,0.0,0.0,0.0,0.0,0.0,0.0,0.0,0.0,0.0,0.0,0.0,0.0
1.0,ホットケーキ,"

チョコホットケーキ


",0.0,0.0,0.0,0.0,0.0,0.0,0.0,0.0,0.0,0.0,0.0,0.0,0.0,0.0,0.0,0.0,0.0,0.0,0.0,0.0,0.0,0.0,0.0,0.0,0.0,0.0,0.0,0.0,0.0,0.0,0.0,0.0,0.0,0.0,0.0,0.0,0.0,0.0,0.0,0.0,0.0,0.0,0.0,0.0,0.0,0.0,0.0,0.0
1.0,ホットケーキ,"

ホットケーキが余ったら。。。


",0.0,0.0,0.0,0.5133783221244812,0.0,0.0,0.0,0.0,0.0,0.0,0.0,0.0,0.0,0.0,0.5227380990982056,0.0,0.0,0.0,0.0,0.0,0.0,0.0,0.0,0.0,0.0,0.0,0.0,0.0,0.0,0.0,0.0,0.0,0.0,0.0,0.0,0.0,0.0,0.0,0.0,0.0,0.0,0.0,0.0,0.0,0.0,0.0,0.680578887462616,0.0
1.0,ホットケーキ,"

ホットケーキのラスク


",0.0,0.0,0.0,0.0,0.0,0.0,0.0,0.0,0.0,0.0,0.0,0.0,0.0,0.0,0.0,0.0,0.0,0.0,0.0,0.0,0.0,0.0,0.0,0.0,0.0,0.0,0.0,0.0,0.0,0.0,0.0,0.0,0.0,0.0,0.0,0.0,0.0,0.0,0.0,0.0,0.0,0.0,0.0,0.0,0.0,0.0,0.0,0.0
1.0,ホットケーキ,"

自家製HMでふわふわホットケーキ


",0.0,0.28161755204200745,0.0,0.0,0.0,0.3615458011627197,0.4996624290943146,0.0,0.0,0.0,0.0,0.0,0.23392878472805023,0.0,0.0,0.3428032696247101,0.0,0.0,0.0,0.0,0.0,0.0,0.0,0.2538404166698456,0.0,0.0,0.0,0.0,0.0,0.0,0.0,0.0,0.0,0.0,0.0,0.0,0.0,0.0,0.0,0.0,0.0,0.0,0.0,0.5510371327400208,0.0,0.0,0.0,0.0
1.0,ホットケーキ,"

チョコレートホットケーキ


",0.0,0.0,0.0,0.0,0.0,0.5709878206253052,0.0,0.0,0.0,0.0,0.0,0.0,0.0,0.0,0.0,0.0,0.0,0.0,0.0,0.0,0.0,0.0,0.0,0.0,0.8209585547447205,0.0,0.0,0.0,0.0,0.0,0.0,0.0,0.0,0.0,0.0,0.0,0.0,0.0,0.0,0.0,0.0,0.0,0.0,0.0,0.0,0.0,0.0,0.0
1.0,ホットケーキ,"

☆家庭で作る！簡単りんごのホットケーキ☆


",0.0,0.0,0.0,0.0,0.0,0.0,0.0,0.0,0.0,0.0,0.0,0.0,0.0,0.0,0.0,0.0,0.0,0.0,0.0,0.0,0.0,0.0,0.0,1.0,0.0,0.0,0.0,0.0,0.0,0.0,0.0,0.0,0.0,0.0,0.0,0.0,0.0,0.0,0.0,0.0,0.0,0.0,0.0,0.0,0.0,0.0,0.0,0.0
1.0,ホットケーキ,"

ラム香るバナナソースのホットケーキ


",0.0,0.0,0.0,0.0,0.0,0.0,0.0,0.0,0.0,0.0,0.0,0.0,0.0,0.0,0.0,0.0,0.0,0.0,0.0,0.8375436663627625,0.0,0.0,0.0,0.5463703870773315,0.0,0.0,0.0,0.0,0.0,0.0,0.0,0.0,0.0,0.0,0.0,0.0,0.0,0.0,0.0,0.0,0.0,0.0,0.0,0.0,0.0,0.0,0.0,0.0
1.0,ホットケーキ,"

ホットケーキでピカチュウ


",0.0,0.0,0.0,0.0,0.0,0.0,0.0,0.0,0.0,0.0,0.0,0.0,0.0,0.0,0.0,0.0,0.0,0.0,0.0,0.0,0.0,0.0,0.0,0.0,0.0,0.0,0.0,0.0,0.0,0.0,0.0,0.0,0.0,0.0,0.0,0.0,0.0,0.0,0.0,0.0,0.0,0.0,0.0,0.0,0.0,0.0,0.0,0.0
1.0,ホットケーキ,"

【米粉】ホットケーキ


",0.0,0.0,0.0,0.6549224257469177,0.0,0.0,0.0,0.0,0.0,0.0,0.0,0.0,0.0,0.0,0.0,0.0,0.0,0.4057387411594391,0.0,0.0,0.5360094308853149,0.0,0.0,0.34517619013786316,0.0,0.0,0.0,0.0,0.0,0.0,0.0,0.0,0.0,0.0,0.0,0.0,0.0,0.0,0.0,0.0,0.0,0.0,0.0,0.0,0.0,0.0,0.0,0.0
1.0,ホットケーキ,"

キウイグレーズド　マフィン


",0.0,0.0,0.0,0.0,0.342347651720047,0.0,0.0,0.0,0.23499202728271484,0.0,0.0,0.0,0.0,0.0,0.0,0.2210654467344284,0.0,0.1924165040254593,0.0,0.0,0.0,0.0,0.0,0.16369548439979553,0.0,0.0,0.0,0.0,0.0,0.0,0.322220116853714,0.0,0.781703770160675,0.0,0.0,0.0,0.0,0.0,0.0,0.0,0.0,0.0,0.0,0.0,0.0,0.0,0.0,0.0
1.0,ホットケーキ,"

ハートのホットケーキ♪バレンタインに～


",0.0,0.0,0.0,0.0,0.0,0.0,0.0,0.3862835168838501,0.29226282238960266,0.48610788583755493,0.0,0.0,0.0,0.0,0.0,0.0,0.0,0.0,0.0,0.0,0.0,0.0,0.0,0.40718066692352295,0.4169212877750397,0.0,0.0,0.0,0.0,0.0,0.0,0.0,0.0,0.0,0.0,0.0,0.0,0.0,0.0,0.4352552592754364,0.0,0.0,0.0,0.0,0.0,0.0,0.0,0.0
1.0,ホットケーキ,"

ホットケーキアート


",0.0,0.0,0.0,0.0,0.0,0.0,0.0,0.0,0.0,0.0,0.0,0.0,0.0,0.0,0.0,0.0,0.0,0.0,0.0,0.0,0.0,0.0,0.0,0.0,0.0,0.0,0.0,0.0,0.0,0.0,0.0,0.6023123264312744,0.0,0.0,0.0,0.798260509967804,0.0,0.0,0.0,0.0,0.0,0.0,0.0,0.0,0.0,0.0,0.0,0.0
1.0,ホットケーキ,"

ピルクル活用!!りんごホットケーキ


",0.0,0.0,0.0,0.0,0.0,0.0,0.0,0.0,0.0,0.0,0.0,0.0,0.0,0.0,0.0,0.0,0.0,0.0,0.0,0.0,0.0,0.0,0.0,0.0,0.0,0.0,0.0,1.0,0.0,0.0,0.0,0.0,0.0,0.0,0.0,0.0,0.0,0.0,0.0,0.0,0.0,0.0,0.0,0.0,0.0,0.0,0.0,0.0
1.0,ホットケーキ,"

【京田辺発】チーズ入りホットケーキ


",0.0,0.0,0.0,0.0,0.0,0.0,0.0,0.0,0.0,0.0,0.0,0.0,0.0,0.0,0.0,0.0,0.0,0.0,0.0,0.0,0.0,0.0,0.0,0.0,0.0,0.0,0.0,0.0,0.0,0.0,0.0,0.0,0.0,0.0,0.0,0.0,0.0,0.0,0.0,0.0,0.0,0.0,0.0,0.0,0.0,0.0,1.0,0.0
1.0,ホットケーキ,"

ホットケーキひとり分


",0.0,0.0,0.0,0.0,0.0,0.5609456300735474,0.0,0.0,0.0,0.0,0.0,0.5203163623809814,0.36294522881507874,0.0,0.0,0.531866192817688,0.0,0.0,0.0,0.0,0.0,0.0,0.0,0.0,0.0,0.0,0.0,0.0,0.0,0.0,0.0,0.0,0.0,0.0,0.0,0.0,0.0,0.0,0.0,0.0,0.0,0.0,0.0,0.0,0.0,0.0,0.0,0.0
1.0,ホットケーキ,"

HM無いときのホットケーキ


",0.0,0.0,0.0,0.0,0.0,0.0,0.0,0.0,0.0,0.0,0.0,0.5762474536895752,0.40195977687835693,0.0,0.0,0.0,0.0,0.0,0.0,0.0,0.0,0.0,0.0,0.0,0.0,0.0,0.0,0.7115948796272278,0.0,0.0,0.0,0.0,0.0,0.0,0.0,0.0,0.0,0.0,0.0,0.0,0.0,0.0,0.0,0.0,0.0,0.0,0.0,0.0
1.0,ホットケーキ,"

豆腐でふわもちホットケーキ


",0.0,0.0,0.0,0.0,0.0,0.0,0.0,0.0,0.0,0.0,0.0,0.0,0.0,0.0,0.0,0.0,0.0,0.0,0.0,0.0,0.0,0.0,1.0,0.0,0.0,0.0,0.0,0.0,0.0,0.0,0.0,0.0,0.0,0.0,0.0,0.0,0.0,0.0,0.0,0.0,0.0,0.0,0.0,0.0,0.0,0.0,0.0,0.0
1.0,ホットケーキ,"

ミルキー味のホットケーキ　


",0.0,0.0,0.0,0.0,0.0,0.0,0.0,0.0,0.0,0.0,0.0,0.0,0.0,0.0,0.0,0.0,0.0,0.0,0.0,0.0,0.0,0.0,0.0,0.0,0.0,0.0,0.0,1.0,0.0,0.0,0.0,0.0,0.0,0.0,0.0,0.0,0.0,0.0,0.0,0.0,0.0,0.0,0.0,0.0,0.0,0.0,0.0,0.0
1.0,ホットケーキ,"

離乳食の余り！粥ペーストでホットケーキ


",0.0,0.0,0.0,0.0,0.0,0.818424642086029,0.0,0.0,0.0,0.0,0.0,0.0,0.0,0.0,0.0,0.0,0.0,0.0,0.0,0.0,0.0,0.0,0.0,0.5746139287948608,0.0,0.0,0.0,0.0,0.0,0.0,0.0,0.0,0.0,0.0,0.0,0.0,0.0,0.0,0.0,0.0,0.0,0.0,0.0,0.0,0.0,0.0,0.0,0.0
1.0,ホットケーキ,"

リカちゃんホットケーキ粉ホッパンケーキ


",0.0,0.0,0.0,0.0,0.0,0.4262335002422333,0.0,0.0,0.0,0.0,0.545527994632721,0.0,0.0,0.0,0.0,0.0,0.0,0.0,0.0,0.0,0.0,0.0,0.0,0.0,0.0,0.0,0.0,0.0,0.0,0.0,0.0,0.0,0.0,0.0,0.0,0.0,0.0,0.0,0.0,0.0,0.0,0.0,0.7216122150421143,0.0,0.0,0.0,0.0,0.0
1.0,ホットケーキ,"

ホットケーキで簡単トライフル


",0.0,0.3258988559246063,0.0,0.0,0.0,0.0,0.0,0.0,0.0,0.0,0.0,0.0,0.0,0.0,0.5675178170204163,0.0,0.0,0.0,0.0,0.0,0.0,0.0,0.0,0.0,0.0,0.0,0.0,0.0,0.0,0.0,0.0,0.0,0.0,0.0,0.0,0.0,0.0,0.0,0.0,0.0,0.0,0.0,0.0,0.0,0.0,0.7561174035072327,0.0,0.0
1.0,ホットケーキ,"

簡単厚焼きホットケーキ


",0.0,0.0,0.0,0.0,0.0,0.0,0.0,0.0,0.0,0.0,0.0,0.0,0.0,0.0,0.0,0.0,0.0,0.0,0.0,0.0,0.0,1.0,0.0,0.0,0.0,0.0,0.0,0.0,0.0,0.0,0.0,0.0,0.0,0.0,0.0,0.0,0.0,0.0,0.0,0.0,0.0,0.0,0.0,0.0,0.0,0.0,0.0,0.0
1.0,ホットケーキ,"

ホットケーキ冷凍方法ぃ


",0.0,0.0,0.0,0.0,0.0,0.0,0.0,0.0,0.0,0.0,0.0,0.0,0.0,0.0,0.0,0.0,0.0,0.0,0.0,0.0,0.0,0.0,0.0,0.0,0.0,0.0,0.0,0.0,0.0,0.0,0.0,0.0,0.0,0.0,0.0,0.0,0.0,0.0,0.0,0.0,0.0,0.0,0.0,0.0,0.0,1.0,0.0,0.0
1.0,ホットケーキ,"

コーンフラワーと米粉のホットケーキ


",0.0,0.0,0.5242472887039185,0.0,0.0,0.0,0.0,0.0,0.0,0.0,0.0,0.0,0.0,0.0,0.0,0.0,0.0,0.5139598846435547,0.0,0.0,0.6789771914482117,0.0,0.0,0.0,0.0,0.0,0.0,0.0,0.0,0.0,0.0,0.0,0.0,0.0,0.0,0.0,0.0,0.0,0.0,0.0,0.0,0.0,0.0,0.0,0.0,0.0,0.0,0.0
1.0,ホットケーキ,"

簡単　パパッとバナナホットケーキ


",0.0,0.0,0.0,0.0,0.0,0.0,0.0,0.0,0.0,0.0,0.0,0.0,0.0,0.0,0.6699227094650269,0.0,0.0,0.0,0.0,0.5315564274787903,0.0,0.0,0.0,0.0,0.0,0.0,0.0,0.0,0.0,0.0,0.0,0.518315851688385,0.0,0.0,0.0,0.0,0.0,0.0,0.0,0.0,0.0,0.0,0.0,0.0,0.0,0.0,0.0,0.0
1.0,ホットケーキ,"

美味しいホットケーキの焼き加減。覚書き


",0.0,0.0,0.0,0.0,0.0,0.0,0.0,0.0,0.0,0.0,0.0,0.0,0.0,0.0,0.0,0.0,0.0,0.0,0.0,0.0,0.0,0.0,0.0,1.0,0.0,0.0,0.0,0.0,0.0,0.0,0.0,0.0,0.0,0.0,0.0,0.0,0.0,0.0,0.0,0.0,0.0,0.0,0.0,0.0,0.0,0.0,0.0,0.0
1.0,ホットケーキ,"

モチホットケーキ


",0.0,0.0,0.0,0.0,0.0,0.0,0.0,0.0,0.0,0.0,0.0,0.0,0.0,0.0,0.0,0.0,0.0,0.0,0.0,0.0,0.0,0.0,0.0,0.0,0.0,0.0,0.0,0.0,0.0,0.0,0.0,0.0,0.0,0.0,0.0,0.0,0.0,0.0,0.0,0.0,0.0,0.0,0.0,0.0,0.0,0.0,0.0,0.0
1.0,ホットケーキ,"

砂糖不使用◯大豆粉ホットケーキ　


",0.0,0.0,0.0,0.0,0.0,0.0,0.0,0.0,0.0,0.0,0.0,0.0,0.3108798563480377,0.0,0.0,0.0,0.0,0.7930586934089661,0.0,0.0,0.5238431692123413,0.0,0.0,0.0,0.0,0.0,0.0,0.0,0.0,0.0,0.0,0.0,0.0,0.0,0.0,0.0,0.0,0.0,0.0,0.0,0.0,0.0,0.0,0.0,0.0,0.0,0.0,0.0
1.0,ホットケーキ,"

ホットケーキ


",0.0,0.2894240617752075,0.0,0.0,0.0,0.0,0.0,0.0,0.37450024485588074,0.6228897571563721,0.0,0.0,0.0,0.0,0.0,0.0,0.0,0.0,0.0,0.0,0.0,0.0,0.0,0.0,0.0,0.0,0.0,0.0,0.0,0.0,0.0,0.0,0.0,0.0,0.0,0.0,0.6228897571563721,0.0,0.0,0.0,0.0,0.0,0.0,0.0,0.0,0.0,0.0,0.0
1.0,ホットケーキ,"

ホットケーキの生ハムチーズ


",0.0,0.0,0.0,0.0,0.0,0.0,0.0,0.0,0.0,0.0,0.0,0.0,0.0,0.0,0.0,0.0,0.0,0.0,0.0,0.0,0.0,0.0,0.0,0.0,0.0,0.0,0.0,0.0,0.0,0.0,0.0,0.0,0.0,0.0,0.0,0.0,0.0,0.0,0.0,0.0,0.0,0.0,0.0,0.0,0.0,0.0,1.0,0.0
1.0,ホットケーキ,"

アレルギー対応米粉と苺のホットケーキ


",0.0,0.0,0.0,0.0,0.0,0.3778544068336487,0.0,0.0,0.19041816890239716,0.0,0.0,0.0,0.12224042415618896,0.0,0.25626400113105774,0.17913322150707245,0.0,0.31183695793151855,0.0,0.0,0.20597927272319794,0.0,0.0,0.0,0.0,0.0,0.0,0.0,0.6828531622886658,0.0,0.0,0.0,0.0,0.0,0.0,0.0,0.0,0.0,0.0,0.0,0.0,0.0,0.319853276014328,0.0,0.0,0.0,0.0,0.0
1.0,ホットケーキ,"

人参ホットケーキ


",0.0,0.0,0.0,0.0,0.0,0.0,0.0,0.0,0.7737147212028503,0.0,0.0,0.0,0.0,0.0,0.0,0.0,0.0,0.6335341930389404,0.0,0.0,0.0,0.0,0.0,0.0,0.0,0.0,0.0,0.0,0.0,0.0,0.0,0.0,0.0,0.0,0.0,0.0,0.0,0.0,0.0,0.0,0.0,0.0,0.0,0.0,0.0,0.0,0.0,0.0
1.0,ホットケーキ,"

お餅1個★もちもちのホットチョコケーキ


",1.0,0.0,0.0,0.0,0.0,0.0,0.0,0.0,0.0,0.0,0.0,0.0,0.0,0.0,0.0,0.0,0.0,0.0,0.0,0.0,0.0,0.0,0.0,0.0,0.0,0.0,0.0,0.0,0.0,0.0,0.0,0.0,0.0,0.0,0.0,0.0,0.0,0.0,0.0,0.0,0.0,0.0,0.0,0.0,0.0,0.0,0.0,0.0
1.0,ホットケーキ,"

ホットケーキ


",0.0,0.7692312002182007,0.0,0.0,0.0,0.0,0.0,0.0,0.0,0.0,0.0,0.0,0.6389705538749695,0.0,0.0,0.0,0.0,0.0,0.0,0.0,0.0,0.0,0.0,0.0,0.0,0.0,0.0,0.0,0.0,0.0,0.0,0.0,0.0,0.0,0.0,0.0,0.0,0.0,0.0,0.0,0.0,0.0,0.0,0.0,0.0,0.0,0.0,0.0
1.0,ホットケーキ,"

ホットケーキ


",0.0,0.2104112058877945,0.0,0.0,0.0,0.2701297700405121,0.0,0.0,0.0,0.0,0.0,0.0,0.17478042840957642,0.0,0.0,0.0,0.0,0.0,0.0,0.0,0.0,0.0,0.0,0.3793148994445801,0.3883889317512512,0.0,0.0,0.0,0.0,0.0,0.7466478943824768,0.0,0.0,0.0,0.0,0.0,0.0,0.0,0.0,0.0,0.0,0.0,0.0,0.0,0.0,0.0,0.0,0.0
1.0,ホットケーキ,"

黄金鯛焼き をホットケーキで


",0.0,0.0,0.0,1.0,0.0,0.0,0.0,0.0,0.0,0.0,0.0,0.0,0.0,0.0,0.0,0.0,0.0,0.0,0.0,0.0,0.0,0.0,0.0,0.0,0.0,0.0,0.0,0.0,0.0,0.0,0.0,0.0,0.0,0.0,0.0,0.0,0.0,0.0,0.0,0.0,0.0,0.0,0.0,0.0,0.0,0.0,0.0,0.0
1.0,ホットケーキ,"

マシュマロサンドホットケーキ


",0.0,0.0,0.0,0.0,0.0,0.0,0.0,0.0,0.0,0.0,0.0,0.0,0.0,0.0,0.0,0.0,0.0,0.0,0.0,0.0,0.0,0.0,0.0,0.0,0.0,0.0,0.0,0.0,0.0,0.0,0.0,0.0,0.0,0.0,0.0,0.0,0.0,0.0,0.0,0.0,0.0,0.0,0.0,0.0,0.0,0.0,0.0,0.0
1.0,ホットケーキ,"

ほうれん草　バナナ　ホットケーキ


",0.0,0.0,0.25200584530830383,0.0,0.0,0.0,0.0,0.0,0.30172720551490784,0.0,0.0,0.27768173813819885,0.19369612634181976,0.346124529838562,0.0,0.0,0.0,0.0,0.0,0.3221946954727173,0.0,0.0,0.0,0.0,0.0,0.48353418707847595,0.0,0.0,0.0,0.0,0.0,0.0,0.0,0.0,0.0,0.0,0.0,0.0,0.0,0.0,0.522887647151947,0.0,0.0,0.0,0.0,0.0,0.0,0.0
1.0,ホットケーキ,"

HMで朝昼2品・ホットケーキとお好み焼


",0.0,0.0,0.0,0.0,0.0,0.0,0.0,0.0,0.0,0.0,0.0,0.0,0.0,0.0,0.0,0.0,0.7295037508010864,0.0,0.0,0.0,0.0,0.0,0.0,0.0,0.0,0.0,0.0,0.0,0.0,0.6839767694473267,0.0,0.0,0.0,0.0,0.0,0.0,0.0,0.0,0.0,0.0,0.0,0.0,0.0,0.0,0.0,0.0,0.0,0.0
1.0,ホットケーキ,"

にんじんホットケーキ


",0.0,0.0,0.0,0.0,0.0,0.0,0.0,0.0,0.0,0.0,0.0,0.0,0.0,0.0,0.0,0.0,0.7105851173400879,0.0,0.0,0.0,0.0,0.0,0.0,0.0,0.0,0.0,0.0,0.0,0.0,0.0,0.0,0.0,0.7036112546920776,0.0,0.0,0.0,0.0,0.0,0.0,0.0,0.0,0.0,0.0,0.0,0.0,0.0,0.0,0.0
1.0,ホットケーキ,"

厚焼きホットケーキ


",0.0,0.0,0.0,0.0,0.0,0.0,0.0,0.0,0.0,0.0,0.0,0.0,0.0,0.0,0.0,0.0,0.0,0.0,0.0,0.0,0.0,0.0,0.0,0.0,0.0,0.0,0.0,0.0,0.0,0.0,0.0,0.0,0.0,0.0,0.0,0.0,0.0,0.0,0.0,0.0,0.0,0.0,0.0,0.0,0.0,0.0,0.0,0.0
1.0,ホットケーキ,"

豆乳チョコバナナホットケーキ


",0.0,0.0,0.6160861253738403,0.0,0.0,0.0,0.0,0.0,0.0,0.0,0.0,0.0,0.0,0.0,0.0,0.0,0.0,0.0,0.0,0.7876787781715393,0.0,0.0,0.0,0.0,0.0,0.0,0.0,0.0,0.0,0.0,0.0,0.0,0.0,0.0,0.0,0.0,0.0,0.0,0.0,0.0,0.0,0.0,0.0,0.0,0.0,0.0,0.0,0.0
1.0,ホットケーキ,"

ドデカ!ホットケーキ^_^


",0.0,0.0,0.0,0.0,0.5249156951904297,0.0,0.0,0.0,0.0,0.0,0.0,0.0,0.0,0.0,0.0,0.0,0.0,0.0,0.0,0.0,0.0,0.0,0.0,0.25099143385887146,0.0,0.0,0.0,0.0,0.6460472345352173,0.0,0.4940544664859772,0.0,0.0,0.0,0.0,0.0,0.0,0.0,0.0,0.0,0.0,0.0,0.0,0.0,0.0,0.0,0.0,0.0
1.0,ホットケーキ,"

もちもちホットケーキ


",0.0,0.0,0.0,0.0,0.0,0.0,0.0,0.0,0.0,0.0,0.0,0.0,0.0,0.0,0.0,0.4886353313922882,0.0,0.0,0.0,0.0,0.0,0.0,0.0,0.0,0.0,0.0,0.0,0.0,0.0,0.0,0.0,0.0,0.0,0.0,0.0,0.0,0.0,0.0,0.0,0.0,0.0,0.0,0.8724881410598755,0.0,0.0,0.0,0.0,0.0
1.0,ホットケーキ,"

簡単もちもち★バナナホットケーキ冷凍可


",0.0,0.0,0.0,0.0,0.0,0.0,0.0,0.0,0.0,0.0,0.0,0.0,0.0,0.0,0.0,0.0,0.0,0.0,0.0,0.6847587823867798,0.0,0.0,0.0,0.0,0.0,0.0,0.0,0.7287697792053223,0.0,0.0,0.0,0.0,0.0,0.0,0.0,0.0,0.0,0.0,0.0,0.0,0.0,0.0,0.0,0.0,0.0,0.0,0.0,0.0
1.0,ホットケーキ,"

りんごホットケーキ


",0.0,0.0,0.0,0.0,0.4569467008113861,0.0,0.0,0.0,0.0,0.0,0.0,0.0,0.0,0.0,0.0,0.2950659394264221,0.5268582105636597,0.0,0.0,0.0,0.0,0.0,0.0,0.21849168837070465,0.0,0.0,0.0,0.0,0.0,0.0,0.0,0.32658812403678894,0.5216875076293945,0.0,0.0,0.0,0.0,0.0,0.0,0.0,0.0,0.0,0.0,0.0,0.0,0.0,0.0,0.0
1.0,ホットケーキ,"

きな粉のホットケーキ


",0.0,0.0,0.0,0.0,0.0,0.0,0.0,0.0,0.0,0.0,0.0,0.0,0.0,0.0,0.0,0.0,0.0,0.0,0.0,0.0,0.0,0.0,0.0,0.0,0.0,0.0,0.0,1.0,0.0,0.0,0.0,0.0,0.0,0.0,0.0,0.0,0.0,0.0,0.0,0.0,0.0,0.0,0.0,0.0,0.0,0.0,0.0,0.0
1.0,ホットケーキ,"

簡単！大豆粉ホットケーキ


",0.0,0.0,0.21745146811008453,0.0,0.3792978525161743,0.0,0.35699790716171265,0.0,0.0,0.0,0.0,0.0,0.0,0.0,0.0,0.48985087871551514,0.0,0.21318437159061432,0.45618361234664917,0.0,0.0,0.0,0.0,0.18136343359947205,0.0,0.0,0.0,0.0,0.0,0.0,0.0,0.0,0.0,0.0,0.0,0.0,0.0,0.0,0.0,0.0,0.0,0.0,0.0,0.39370399713516235,0.0,0.0,0.0,0.0
1.0,ホットケーキ,"

安心顔が崩れない可愛いホットケーキ弁当


",0.0,0.0,0.0,0.0,0.0,0.5330283045768738,0.0,0.0,0.0,0.0,0.0,0.0,0.0,0.0,0.0,0.0,0.0,0.0,0.0,0.0,0.0,0.0,0.0,0.0,0.0,0.0,0.0,0.0,0.0,0.8460974097251892,0.0,0.0,0.0,0.0,0.0,0.0,0.0,0.0,0.0,0.0,0.0,0.0,0.0,0.0,0.0,0.0,0.0,0.0
1.0,ホットケーキ,"

ふわっふわホットケーキ


",0.0,0.0,0.0,0.0,0.0,0.0,0.0,0.7211070656776428,0.0,0.0,0.6928236484527588,0.0,0.0,0.0,0.0,0.0,0.0,0.0,0.0,0.0,0.0,0.0,0.0,0.0,0.0,0.0,0.0,0.0,0.0,0.0,0.0,0.0,0.0,0.0,0.0,0.0,0.0,0.0,0.0,0.0,0.0,0.0,0.0,0.0,0.0,0.0,0.0,0.0
1.0,ホットケーキ,"

簡単ふわもちホットケーキ


",0.0,0.0,0.792858898639679,0.0,0.0,0.0,0.0,0.0,0.0,0.0,0.0,0.0,0.6094052791595459,0.0,0.0,0.0,0.0,0.0,0.0,0.0,0.0,0.0,0.0,0.0,0.0,0.0,0.0,0.0,0.0,0.0,0.0,0.0,0.0,0.0,0.0,0.0,0.0,0.0,0.0,0.0,0.0,0.0,0.0,0.0,0.0,0.0,0.0,0.0
1.0,ホットケーキ,"

手づかみ食べ☆卵焼き器でホットケーキ


",0.0,0.0,0.0,0.0,0.0,0.0,0.0,0.0,0.0,0.0,0.0,0.0,0.0,0.0,0.0,0.0,0.0,0.0,0.0,0.0,0.0,0.0,0.0,0.0,0.0,0.0,0.0,0.0,0.0,0.0,0.0,0.0,0.0,0.0,0.0,0.0,0.0,0.0,0.0,0.0,0.0,0.0,0.0,0.0,0.0,0.0,0.0,0.0
1.0,ホットケーキ,"

豆腐入り！米粉のきな粉ホットケーキ！


",0.0,0.0,0.0,0.0,0.0,0.0,0.0,0.0,0.0,0.0,0.0,0.0,0.24299311637878418,0.0,0.0,0.0,0.0,0.30993935465812683,0.0,0.0,0.4094516932964325,0.0,0.4654143750667572,0.0,0.0,0.0,0.0,0.0,0.0,0.0,0.0,0.0,0.0,0.0,0.0,0.0,0.0,0.0,0.0,0.0,0.0,0.0,0.0,0.0,0.6786978244781494,0.0,0.0,0.0
1.0,ホットケーキ,"

＋豆腐でどっしりホットケーキ


",0.0,0.0,0.0,0.0,0.0,0.0,0.0,0.0,0.0,0.0,0.0,0.0,0.0,0.0,0.0,0.0,0.0,0.0,0.0,0.0,0.0,0.0,0.5655462145805359,0.0,0.0,0.0,0.0,0.0,0.0,0.0,0.0,0.0,0.0,0.0,0.0,0.0,0.0,0.0,0.0,0.0,0.0,0.0,0.0,0.0,0.8247166275978088,0.0,0.0,0.0
1.0,ホットケーキ,"

＋ヨーグルトでもちもちホットケーキ


",0.0,0.0,0.0,0.0,0.0,0.0,0.0,0.0,0.6571074724197388,0.0,0.0,0.0,0.0,0.7537968754768372,0.0,0.0,0.0,0.0,0.0,0.0,0.0,0.0,0.0,0.0,0.0,0.0,0.0,0.0,0.0,0.0,0.0,0.0,0.0,0.0,0.0,0.0,0.0,0.0,0.0,0.0,0.0,0.0,0.0,0.0,0.0,0.0,0.0,0.0
1.0,ホットケーキ,"

惣菜系糖質オフホットケーキラップサンド♪


",0.0,0.0,0.0,0.0,0.0,0.0,0.0,0.0,1.0,0.0,0.0,0.0,0.0,0.0,0.0,0.0,0.0,0.0,0.0,0.0,0.0,0.0,0.0,0.0,0.0,0.0,0.0,0.0,0.0,0.0,0.0,0.0,0.0,0.0,0.0,0.0,0.0,0.0,0.0,0.0,0.0,0.0,0.0,0.0,0.0,0.0,0.0,0.0
1.0,ホットケーキ,"

米粉のクルミホットケーキ♪りんご甘煮かけ


",0.0,0.0,0.0,0.0,0.0,0.0,0.0,0.0,0.0,0.0,0.0,0.0,0.23125183582305908,0.41323456168174744,0.0,0.0,0.0,0.2949632406234741,0.0,0.0,0.38966721296310425,0.0,0.0,0.2509356141090393,0.0,0.0,0.0,0.0,0.0,0.0,0.0,0.375083327293396,0.0,0.0,0.0,0.0,0.0,0.0,0.0,0.0,0.0,0.0,0.0,0.0,0.0,0.0,0.0,0.5772865414619446
1.0,ホットケーキ,"

ｍ材料２つ！もっちりとろけるホットケーキ


",0.0,0.0,0.2631606161594391,0.41644465923309326,0.0,0.0,0.0,0.0,0.0,0.0,0.0,0.0,0.0,0.0,0.0,0.0,0.0,0.0,0.0,0.0,0.0,0.0,0.0,0.43897348642349243,0.44947466254234314,0.0,0.0,0.0,0.0,0.0,0.0,0.32807546854019165,0.0,0.0,0.0,0.0,0.0,0.0,0.0,0.0,0.0,0.0,0.0,0.0,0.0,0.0,0.0,0.5049372911453247
1.0,ホットケーキ,"

なごや小倉あんホットケーキ


",0.0,0.0,0.0,0.0,0.0,0.0,0.0,0.0,0.0,0.0,0.0,0.0,0.0,0.0,0.0,0.0,0.0,0.0,0.0,0.0,0.0,0.0,0.0,0.0,0.0,0.0,0.0,0.0,0.0,0.0,0.0,0.0,0.0,0.0,0.0,0.0,0.0,0.0,0.0,1.0,0.0,0.0,0.0,0.0,0.0,0.0,0.0,0.0
1.0,ホットケーキ,"

京のお抹茶・ほうじ茶ホットケーキ


",0.0,0.0,0.0,0.0,0.0,0.0,0.0,0.0,0.0,0.0,0.0,0.0,0.0,0.0,0.0,0.0,0.0,0.0,0.0,0.0,0.0,0.0,0.0,0.0,0.0,0.0,0.0,0.0,0.0,0.0,0.0,0.0,0.0,0.0,0.0,0.8800540566444397,0.0,0.0,0.0,0.47487345337867737,0.0,0.0,0.0,0.0,0.0,0.0,0.0,0.0
1.0,ホットケーキ,"

m手作りホットケーキシロップ


",0.0,0.0,0.0,0.0,0.0,0.0,0.0,0.0,0.0,0.0,0.0,0.0,0.0,0.0,0.0,0.0,0.0,0.0,0.0,0.0,0.0,0.0,0.0,0.3642687499523163,0.0,0.0,0.0,0.5942853093147278,0.0,0.0,0.7170308232307434,0.0,0.0,0.0,0.0,0.0,0.0,0.0,0.0,0.0,0.0,0.0,0.0,0.0,0.0,0.0,0.0,0.0
1.0,ホットケーキ,"

もっちりホットケーキ


",0.0,0.0,0.0,0.0,0.0,0.0,0.0,0.0,0.0,0.0,0.0,0.0,0.0,0.0,0.0,0.0,0.0,0.0,0.0,0.0,0.0,0.0,0.0,0.0,0.0,0.0,0.0,1.0,0.0,0.0,0.0,0.0,0.0,0.0,0.0,0.0,0.0,0.0,0.0,0.0,0.0,0.0,0.0,0.0,0.0,0.0,0.0,0.0
1.0,ホットケーキ,"

ホットケーキ＋マヨネーズ


",0.0,0.0,0.0,0.0,0.0,0.0,0.0,0.0,0.0,0.0,0.0,0.0,0.0,0.0,0.0,0.0,0.0,0.0,0.0,0.0,0.0,0.0,0.0,0.0,0.0,0.0,0.0,0.0,0.0,1.0,0.0,0.0,0.0,0.0,0.0,0.0,0.0,0.0,0.0,0.0,0.0,0.0,0.0,0.0,0.0,0.0,0.0,0.0
1.0,ホットケーキ,"

炊飯器で作るまんまるホットケーキ


",0.0,0.0,0.0,0.0,0.0,0.0,0.0,0.0,0.6810888648033142,0.0,0.0,0.0,0.0,0.0,0.0,0.0,0.0,0.5576901435852051,0.0,0.0,0.0,0.0,0.0,0.4744466245174408,0.0,0.0,0.0,0.0,0.0,0.0,0.0,0.0,0.0,0.0,0.0,0.0,0.0,0.0,0.0,0.0,0.0,0.0,0.0,0.0,0.0,0.0,0.0,0.0
1.0,ホットケーキ,"

かわいいカラフルホットケーキ


",0.0,0.0,0.0,0.0,0.0,0.0,0.0,0.0,0.0,0.0,0.0,0.0,0.0,0.0,0.0,0.0,0.0,0.0,0.0,0.0,0.0,0.0,0.0,0.0,0.0,0.0,0.0,0.0,0.0,0.0,0.0,0.0,0.0,0.0,0.0,0.0,0.0,0.0,0.0,1.0,0.0,0.0,0.0,0.0,0.0,0.0,0.0,0.0
1.0,ホットケーキ,"

森永ホットケーキの作り方


",0.0,0.0,0.0,0.0,0.0,0.0,0.0,0.0,0.0,0.0,0.0,0.0,0.0,0.0,0.0,0.0,0.0,0.0,0.0,0.0,0.0,0.0,0.0,0.0,0.0,0.0,0.0,0.0,0.0,0.0,0.0,0.0,0.0,0.0,0.0,0.0,0.0,0.0,0.0,0.0,0.0,0.0,0.0,0.0,0.0,1.0,0.0,0.0
1.0,ホットケーキ,"

リンゴのホットケーキ


",0.0,0.0,0.0,0.0,0.0,0.0,0.0,0.0,0.0,0.0,0.0,0.0,0.0,0.0,0.0,0.0,0.0,0.0,0.0,0.0,0.0,0.0,0.0,1.0,0.0,0.0,0.0,0.0,0.0,0.0,0.0,0.0,0.0,0.0,0.0,0.0,0.0,0.0,0.0,0.0,0.0,0.0,0.0,0.0,0.0,0.0,0.0,0.0
1.0,ホットケーキ,"

ホエーでふんわり☆小麦粉でホットケーキ


",0.0,0.26460975408554077,0.0,0.0,0.0,0.0,0.0,0.0,0.0,0.0,0.0,0.0,0.21980105340480804,0.0,0.0,0.0,0.0,0.0,0.0,0.0,0.0,0.0,0.0,0.0,0.0,0.0,0.0,0.0,0.0,0.0,0.9389724135398865,0.0,0.0,0.0,0.0,0.0,0.0,0.0,0.0,0.0,0.0,0.0,0.0,0.0,0.0,0.0,0.0,0.0
1.0,ホットケーキ,"

メレンゲ不要！HMでふわふわホットケーキ


",0.0,0.0,0.0,0.0,0.0,0.0,0.0,0.0,0.0,0.0,0.0,0.0,0.0,0.0,0.0,0.0,0.0,0.0,0.0,0.0,0.0,0.0,0.0,0.0,0.0,0.0,0.0,0.0,0.0,0.0,0.0,0.0,0.0,0.0,0.0,0.0,0.0,0.0,0.0,0.0,0.0,0.0,0.0,0.0,0.0,0.0,0.0,0.0
1.0,ホットケーキ,"

大人の味ホットケーキ


",0.0,0.0,0.0,0.0,0.0,0.0,0.0,0.0,0.0,0.0,0.0,0.0,0.0,0.0,0.0,0.0,0.0,1.0,0.0,0.0,0.0,0.0,0.0,0.0,0.0,0.0,0.0,0.0,0.0,0.0,0.0,0.0,0.0,0.0,0.0,0.0,0.0,0.0,0.0,0.0,0.0,0.0,0.0,0.0,0.0,0.0,0.0,0.0
1.0,ホットケーキ,"

オートミール　パンケーキ　ホットケーキ


",0.0,0.0,0.296609103679657,0.0,0.0,0.0,0.0,0.0,0.0,0.0,0.0,0.0,0.0,0.0,0.0,0.0,0.0,0.0,0.0,0.3792208433151245,0.0,0.0,0.0,0.0,0.0,0.0,0.0,0.0,0.0,0.0,0.0,0.0,0.0,0.5850173830986023,0.6526632308959961,0.0,0.0,0.0,0.0,0.0,0.0,0.0,0.0,0.0,0.0,0.0,0.0,0.0
1.0,ホットケーキ,"

卵砂糖なしのホットケーキ☆離乳食おやつ


",0.7099867463111877,0.0,0.0,0.0,0.0,0.0,0.0,0.0,0.0,0.0,0.0,0.4184000790119171,0.29185381531715393,0.0,0.0,0.0,0.0,0.0,0.0,0.4854704439640045,0.0,0.0,0.0,0.0,0.0,0.0,0.0,0.0,0.0,0.0,0.0,0.0,0.0,0.0,0.0,0.0,0.0,0.0,0.0,0.0,0.0,0.0,0.0,0.0,0.0,0.0,0.0,0.0
1.0,ホットケーキ,"

【保育園給食】林檎ヨーグルトホットケーキ


",0.0,0.0,0.0,0.0,0.0,0.0,0.0,0.0,0.0,0.0,0.0,0.0,0.0,0.0,0.0,0.0,0.0,0.0,0.0,0.0,0.0,0.0,0.0,0.0,0.0,0.0,0.0,0.0,0.0,0.0,0.0,0.0,0.0,0.0,0.0,0.0,0.0,0.0,0.0,0.0,0.0,0.0,0.0,0.0,0.0,0.0,0.0,0.0
1.0,ホットケーキ,"

適当ホットケーキ


",0.0,0.0,0.0,0.0,0.0,0.0,0.0,0.5154710412025452,0.0,0.0,0.49525314569473267,0.0,0.0,0.0,0.0,0.0,0.0,0.0,0.0,0.0,0.0,0.0,0.0,0.0,0.0,0.0,0.0,0.0,0.6992952823638916,0.0,0.0,0.0,0.0,0.0,0.0,0.0,0.0,0.0,0.0,0.0,0.0,0.0,0.0,0.0,0.0,0.0,0.0,0.0
1.0,ホットケーキ,"

米粉のりんごホットケーキ！りんごが香る


",0.0,0.0,0.0,0.0,0.0,0.0,0.0,0.0,0.0,0.0,0.0,0.0,0.1587415635585785,0.0,0.6655694842338562,0.0,0.0,0.2024759203195572,0.0,0.0,0.2674849331378937,0.0,0.0,0.17225338518619537,0.3527480959892273,0.0,0.0,0.0,0.0,0.0,0.0,0.5149478316307068,0.0,0.0,0.0,0.0,0.0,0.0,0.0,0.0,0.0,0.0,0.0,0.0,0.0,0.0,0.0,0.0
1.0,ホットケーキ,"

ホットケーキデコレーション幼児食


",0.0,0.0,1.0,0.0,0.0,0.0,0.0,0.0,0.0,0.0,0.0,0.0,0.0,0.0,0.0,0.0,0.0,0.0,0.0,0.0,0.0,0.0,0.0,0.0,0.0,0.0,0.0,0.0,0.0,0.0,0.0,0.0,0.0,0.0,0.0,0.0,0.0,0.0,0.0,0.0,0.0,0.0,0.0,0.0,0.0,0.0,0.0,0.0
1.0,ホットケーキ,"

さつまいもとお餅のホットケーキ


",0.0,0.0,0.0,0.6521812081336975,0.0,0.0,0.0,0.0,0.0,0.0,0.0,0.0,0.0,0.0,0.0,0.0,0.0,0.0,0.0,0.0,0.0,0.7580630779266357,0.0,0.0,0.0,0.0,0.0,0.0,0.0,0.0,0.0,0.0,0.0,0.0,0.0,0.0,0.0,0.0,0.0,0.0,0.0,0.0,0.0,0.0,0.0,0.0,0.0,0.0
1.0,ホットケーキ,"

豆乳でホットケーキ


",0.0,0.0,1.0,0.0,0.0,0.0,0.0,0.0,0.0,0.0,0.0,0.0,0.0,0.0,0.0,0.0,0.0,0.0,0.0,0.0,0.0,0.0,0.0,0.0,0.0,0.0,0.0,0.0,0.0,0.0,0.0,0.0,0.0,0.0,0.0,0.0,0.0,0.0,0.0,0.0,0.0,0.0,0.0,0.0,0.0,0.0,0.0,0.0
1.0,ホットケーキ,"

我が家のホットケーキ


",0.0,0.7692312002182007,0.0,0.0,0.0,0.0,0.0,0.0,0.0,0.0,0.0,0.0,0.6389705538749695,0.0,0.0,0.0,0.0,0.0,0.0,0.0,0.0,0.0,0.0,0.0,0.0,0.0,0.0,0.0,0.0,0.0,0.0,0.0,0.0,0.0,0.0,0.0,0.0,0.0,0.0,0.0,0.0,0.0,0.0,0.0,0.0,0.0,0.0,0.0
1.0,ホットケーキ,"

和風  ホットケーキ


",0.0,0.5512736439704895,0.5957730412483215,0.0,0.0,0.0,0.0,0.0,0.0,0.0,0.0,0.0,0.0,0.0,0.0,0.0,0.0,0.5840820670127869,0.0,0.0,0.0,0.0,0.0,0.0,0.0,0.0,0.0,0.0,0.0,0.0,0.0,0.0,0.0,0.0,0.0,0.0,0.0,0.0,0.0,0.0,0.0,0.0,0.0,0.0,0.0,0.0,0.0,0.0
1.0,ホットケーキ,"

簡単！強力粉でホットケーキ


",0.0,0.0,0.0,0.5789119005203247,0.0,0.0,0.0,0.0,0.0,0.0,0.0,0.0,0.2811812460422516,0.0,0.0,0.0,0.0,0.0,0.0,0.0,0.0,0.0,0.0,0.3051149249076843,0.0,0.7019280791282654,0.0,0.0,0.0,0.0,0.0,0.0,0.0,0.0,0.0,0.0,0.0,0.0,0.0,0.0,0.0,0.0,0.0,0.0,0.0,0.0,0.0,0.0
1.0,ホットケーキ,"

簡単ふわふわ幸せの絶品ホットケーキ


",0.0,0.0,0.0,0.0,0.0,0.0,0.0,0.0,0.0,0.0,0.0,0.0,0.0,0.0,0.0,0.0,0.0,0.0,0.0,0.0,0.0,0.0,0.0,0.39864790439605713,0.0,0.0,0.0,0.0,0.0,0.0,0.0,0.0,0.0,0.0,0.0,0.0,0.0,0.0,0.0,0.0,0.0,0.0,0.0,0.0,0.0,0.0,0.0,0.9171040654182434
1.0,ホットケーキ,"

自家製ホットケーキ


",0.0,0.3537208139896393,0.0,0.0,0.0,0.0,0.0,0.0,0.0,0.0,0.0,0.0,0.29382216930389404,0.0,0.0,0.4305720627307892,0.0,0.0,0.0,0.0,0.0,0.0,0.0,0.0,0.0,0.0,0.0,0.0,0.0,0.0,0.0,0.0,0.0,0.0,0.0,0.0,0.0,0.0,0.7766323685646057,0.0,0.0,0.0,0.0,0.0,0.0,0.0,0.0,0.0
1.0,ホットケーキ,"

タルトタタン風ホットケーキ


",0.0,0.0,0.0,0.0,0.0,0.47571834921836853,0.0,0.0,0.4794725775718689,0.0,0.0,0.0,0.0,0.0,0.0,0.0,0.0,0.0,0.0,0.0,0.0,0.0,0.0,0.33400067687034607,0.0,0.0,0.0,0.0,0.0,0.0,0.6574508547782898,0.0,0.0,0.0,0.0,0.0,0.0,0.0,0.0,0.0,0.0,0.0,0.0,0.0,0.0,0.0,0.0,0.0
1.0,ホットケーキ,"

ホットケーキ


",0.0,0.2212831825017929,0.0,0.0,0.0,0.0,0.0,0.0,0.0,0.0,0.0,0.2635110020637512,0.18381135165691376,0.0,0.0,0.26936033368110657,0.0,0.0,0.0,0.0,0.0,0.0,0.0,0.3989141583442688,0.40845704078674316,0.0,0.0,0.0,0.0,0.0,0.0,0.0,0.0,0.47167879343032837,0.0,0.0,0.47623899579048157,0.0,0.0,0.0,0.0,0.0,0.0,0.0,0.0,0.0,0.0,0.0
1.0,ホットケーキ,"

コロコロホットケーキ


",0.0,0.0,0.34339389204978943,0.0,0.0,0.0,0.0,0.0,0.0,0.0,0.0,0.0,0.0,0.0,0.0,0.0,0.0,0.3366553783416748,0.0,0.0,0.4447454512119293,0.0,0.0,0.0,0.0,0.0,0.0,0.0,0.0,0.0,0.0,0.0,0.0,0.0,0.0,0.0,0.0,0.0,0.0,0.0,0.0,0.7556092143058777,0.0,0.0,0.0,0.0,0.0,0.0
1.0,ホットケーキ,"

米粉のホットケーキ


",0.0,0.0,0.0,0.0,0.0,0.5903066396713257,0.0,0.0,0.0,0.0,0.0,0.0,0.0,0.0,0.0,0.0,0.0,0.4871702492237091,0.0,0.0,0.6435861587524414,0.0,0.0,0.0,0.0,0.0,0.0,0.0,0.0,0.0,0.0,0.0,0.0,0.0,0.0,0.0,0.0,0.0,0.0,0.0,0.0,0.0,0.0,0.0,0.0,0.0,0.0,0.0
1.0,ホットケーキ,"

ほっこりさつまいもホットケーキｂｙ草津市


",0.0,0.0,0.0,0.0,0.0,0.6541690826416016,0.0,0.0,0.0,0.0,0.0,0.0,0.0,0.7563483119010925,0.0,0.0,0.0,0.0,0.0,0.0,0.0,0.0,0.0,0.0,0.0,0.0,0.0,0.0,0.0,0.0,0.0,0.0,0.0,0.0,0.0,0.0,0.0,0.0,0.0,0.0,0.0,0.0,0.0,0.0,0.0,0.0,0.0,0.0
1.0,ホットケーキ,"

バナナホットケーキ


",0.0,0.0,0.0,0.0,0.0,0.0,0.0,0.0,0.0,0.0,0.0,0.0,0.0,0.0,0.0,0.0,0.0,0.0,0.0,0.0,0.0,0.0,0.0,0.0,0.0,0.0,0.0,0.0,0.0,0.0,0.0,0.0,0.0,0.0,0.0,0.0,0.0,0.0,0.0,0.0,0.0,0.0,0.0,0.0,0.0,0.0,0.0,0.0
1.0,ホットケーキ,"

生麹をそのまま食べちゃうホットケーキ


",0.0,0.0,0.0,0.0,0.0,0.0,0.0,0.0,0.0,0.0,0.0,0.0,0.0,0.0,0.0,0.0,0.0,0.0,0.0,0.0,1.0,0.0,0.0,0.0,0.0,0.0,0.0,0.0,0.0,0.0,0.0,0.0,0.0,0.0,0.0,0.0,0.0,0.0,0.0,0.0,0.0,0.0,0.0,0.0,0.0,0.0,0.0,0.0
1.0,ホットケーキ,"

ぐりとぐら風！？豆腐ホットケーキマフィン


",0.0,0.0,0.0,0.0,0.0,0.0,0.0,0.0,0.0,0.0,0.0,0.0,0.0,0.0,0.0,0.0,0.0,0.0,0.0,0.0,0.0,0.0,0.5655462145805359,0.0,0.0,0.0,0.0,0.0,0.0,0.0,0.0,0.0,0.0,0.0,0.0,0.0,0.0,0.0,0.0,0.0,0.0,0.0,0.0,0.0,0.8247166275978088,0.0,0.0,0.0
1.0,ホットケーキ,"

ニンジンホットケーキ


",0.0,0.0,1.0,0.0,0.0,0.0,0.0,0.0,0.0,0.0,0.0,0.0,0.0,0.0,0.0,0.0,0.0,0.0,0.0,0.0,0.0,0.0,0.0,0.0,0.0,0.0,0.0,0.0,0.0,0.0,0.0,0.0,0.0,0.0,0.0,0.0,0.0,0.0,0.0,0.0,0.0,0.0,0.0,0.0,0.0,0.0,0.0,0.0
1.0,ホットケーキ,"

もちもちホットケーキ


",0.0,0.31819120049476624,0.0,0.0,0.0,0.0,0.0,0.0,0.0,0.0,0.0,0.0,0.0,0.0,0.0,0.0,0.0,0.0,0.0,0.0,0.0,0.0,0.0,0.0,0.0,0.0,0.0,0.0,0.0,0.6484281420707703,0.0,0.0,0.0,0.0,0.0,0.0,0.0,0.0,0.0,0.0,0.0,0.0,0.6915889382362366,0.0,0.0,0.0,0.0,0.0
1.0,ホットケーキ,"

ミルクレープ チョコ ホットケーキmix


",0.0,0.0,0.0,0.0,0.0,0.0,0.0,0.0,0.0,0.0,0.0,0.0,0.0,0.0,0.0,0.0,0.0,0.0,0.0,0.0,0.0,0.0,0.0,0.0,0.0,0.0,0.0,0.5564783215522766,0.0,0.0,0.0,0.0,0.0,0.0,0.0,0.0,0.0,0.0,0.8308621048927307,0.0,0.0,0.0,0.0,0.0,0.0,0.0,0.0,0.0
1.0,ホットケーキ,"

たっぷりバターでサクふわホットケーキ


",0.0,0.0,0.0,0.0,0.0,0.0,0.0,0.0,0.0,0.0,0.0,0.0,0.0,0.0,0.0,0.0,0.0,0.0,0.0,0.0,0.0,0.0,0.0,0.29612335562705994,0.0,0.0,0.0,0.0,0.0,0.6694918870925903,0.0,0.0,0.0,0.0,0.0,0.0,0.0,0.0,0.0,0.0,0.0,0.0,0.0,0.0,0.0,0.0,0.0,0.6812426447868347
1.0,ホットケーキ,"

強力粉でホットケーキ


",0.0,0.0,0.0,0.0,0.0,0.0,0.4419189691543579,0.0,0.0,0.0,0.0,0.0,0.20689480006694794,0.0,0.0,0.0,0.0,0.0,0.0,0.0,0.0,0.0,0.0,0.0,0.0,0.5164827704429626,0.0,0.0,0.0,0.5075739622116089,0.0,0.0,0.0,0.0,0.0,0.0,0.0,0.0,0.0,0.0,0.0,0.0,0.0,0.4873565435409546,0.0,0.0,0.0,0.0
1.0,ホットケーキ,"

フワフワな食感のホットケーキ


",0.0,0.3603386878967285,0.0,0.0,0.6792702078819275,0.0,0.6393340826034546,0.0,0.0,0.0,0.0,0.0,0.0,0.0,0.0,0.0,0.0,0.0,0.0,0.0,0.0,0.0,0.0,0.0,0.0,0.0,0.0,0.0,0.0,0.0,0.0,0.0,0.0,0.0,0.0,0.0,0.0,0.0,0.0,0.0,0.0,0.0,0.0,0.0,0.0,0.0,0.0,0.0
1.0,ホットケーキ,"

小鍋で簡単！夢のホットケーキ


",0.0,0.0,0.0,0.0,0.0,0.0,0.0,0.0,0.0,0.0,0.0,0.0,0.0,0.0,0.0,0.0,0.0,0.0,0.0,0.0,0.0,0.0,0.0,0.0,0.0,0.0,0.0,1.0,0.0,0.0,0.0,0.0,0.0,0.0,0.0,0.0,0.0,0.0,0.0,0.0,0.0,0.0,0.0,0.0,0.0,0.0,0.0,0.0
1.0,ホットケーキ,"

プーさんホットケーキ


",0.0,0.0,0.0,0.0,0.0,0.0,0.0,0.0,0.0,0.0,0.0,0.0,0.0,0.0,0.0,0.0,0.0,0.0,0.0,0.0,0.0,0.0,0.0,0.0,0.0,0.0,0.0,0.0,0.0,1.0,0.0,0.0,0.0,0.0,0.0,0.0,0.0,0.0,0.0,0.0,0.0,0.0,0.0,0.0,0.0,0.0,0.0,0.0
1.0,ホットケーキ,"

ホットケーキMIXでパウンドケーキ


",0.0,0.0,0.0,0.0,0.0,0.0,0.0,0.0,0.4231361448764801,0.0,0.0,0.0,0.0,0.0,0.0,0.3980593979358673,0.0,0.0,0.0,0.0,0.0,0.0,0.0,0.2947567105293274,0.0,0.0,0.0,0.0,0.7586982250213623,0.0,0.0,0.0,0.0,0.0,0.0,0.0,0.0,0.0,0.0,0.0,0.0,0.0,0.0,0.0,0.0,0.0,0.0,0.0
1.0,ホットケーキ,"

ヨーグルトとフルグラで厚焼ホットケーキ


",0.0,0.0,0.0,0.0,0.0,0.0,0.0,0.0,0.0,0.0,0.0,0.0,0.0,0.5600718259811401,0.0,0.0,0.0,0.0,0.0,0.0,0.0,0.0,0.0,0.0,0.0,0.0,0.0,0.0,0.0,0.0,0.0,0.0,0.0,0.0,0.0,0.0,0.0,0.0,0.8284440636634827,0.0,0.0,0.0,0.0,0.0,0.0,0.0,0.0,0.0
1.0,ホットケーキ,"

カルピスホットケーキ


",0.0,0.0,0.0,0.0,0.0,0.0,0.0,0.0,0.0,0.0,0.0,0.0,0.0,0.0,0.0,0.0,0.0,0.0,0.0,0.0,0.0,0.0,0.0,0.0,0.0,0.0,0.0,0.0,0.0,0.0,0.0,0.0,0.0,0.0,0.0,0.0,0.0,0.0,0.0,1.0,0.0,0.0,0.0,0.0,0.0,0.0,0.0,0.0
1.0,ホットケーキ,"

焼きドーナツホットケーキMIXバター抜き


",0.0,0.0,0.0,0.0,0.0,0.34291574358940125,0.0,0.0,0.0,0.0,0.0,0.0,0.0,0.0,0.0,0.0,0.0,0.0,0.0,0.0,0.37386640906333923,0.0,0.0,0.0,0.0,0.0,0.0,0.0,0.0,0.0,0.4739153981208801,0.71974778175354,0.0,0.0,0.0,0.0,0.0,0.0,0.0,0.0,0.0,0.0,0.0,0.0,0.0,0.0,0.0,0.0
1.0,ホットケーキ,"

チーズケーキ皮をホットケーキMIXで作る


",0.0,0.0,0.0,0.0,0.0,0.5263978242874146,0.0,0.0,0.0,0.0,0.0,0.0,0.0,0.0,0.0,0.0,0.0,0.0,0.0,0.0,0.0,0.0,0.0,0.0,0.0,0.0,0.0,0.0,0.0,0.0,0.0,0.0,0.0,0.0,0.0,0.0,0.0,0.0,0.0,0.0,0.0,0.0,0.0,0.0,0.0,0.0,0.0,0.8502383828163147
1.0,ホットケーキ,"

ホットケーキMIXで豆腐ドーナツ


",0.0,0.0,0.0,0.0,0.0,0.0,0.0,0.0,0.0,0.0,0.0,0.0,0.0,0.0,0.0,0.0,0.0,0.7128356099128723,0.0,0.0,0.0,0.0,0.5352078080177307,0.0,0.0,0.0,0.0,0.0,0.0,0.0,0.0,0.453230619430542,0.0,0.0,0.0,0.0,0.0,0.0,0.0,0.0,0.0,0.0,0.0,0.0,0.0,0.0,0.0,0.0
1.0,ホットケーキ,"

ホットケーキシロップのトースト♪


",0.0,0.0,0.0,0.0,0.0,0.0,0.0,0.0,0.7737147212028503,0.0,0.0,0.0,0.0,0.0,0.0,0.0,0.0,0.6335341930389404,0.0,0.0,0.0,0.0,0.0,0.0,0.0,0.0,0.0,0.0,0.0,0.0,0.0,0.0,0.0,0.0,0.0,0.0,0.0,0.0,0.0,0.0,0.0,0.0,0.0,0.0,0.0,0.0,0.0,0.0
1.0,ホットケーキ,"

温かい♪カルピスヨーグルトホットケーキ☆


",0.0,0.0,0.0,0.4429517686367035,0.0,0.0,0.0,0.0,0.33513811230659485,0.0,0.0,0.0,0.0,0.384451687335968,0.0,0.0,0.0,0.0,0.0,0.35787203907966614,0.0,0.0,0.0,0.2334572672843933,0.0,0.0,0.0,0.0,0.6009146571159363,0.0,0.0,0.0,0.0,0.0,0.0,0.0,0.0,0.0,0.0,0.0,0.0,0.0,0.0,0.0,0.0,0.0,0.0,0.0
1.0,ホットケーキ,"

ホットケーキ


",0.0,0.4477975368499756,0.0,0.0,0.0,0.0,0.0,0.0,0.0,0.0,0.0,0.0,0.37196803092956543,0.0,0.0,0.5450883507728577,0.0,0.0,0.0,0.0,0.0,0.0,0.0,0.0,0.0,0.0,0.0,0.0,0.0,0.0,0.0,0.6033206582069397,0.0,0.0,0.0,0.0,0.0,0.0,0.0,0.0,0.0,0.0,0.0,0.0,0.0,0.0,0.0,0.0
1.0,ホットケーキ,"

ふんわり簡単ニラチヂミ


",0.0,0.0,0.0,0.0,0.0,0.0,0.0,0.0,0.0,0.0,0.0,0.0,0.0,0.0,0.0,0.0,0.0,0.4154021739959717,0.0,0.0,0.0,0.0,0.0,0.0,0.0,0.0,0.0,0.0,0.0,0.0,0.0,0.0,0.0,0.0,0.0,0.0,0.0,0.0,0.0,0.0,0.0,0.0,0.0,0.0,0.0,0.9096378684043884,0.0,0.0
1.0,ホットケーキ,"

鯖缶と豆腐のふわふわホットケーキ 


",0.0,0.0,0.0,0.0,0.0,0.0,0.0,0.0,0.0,0.0,0.0,0.0,0.0,0.0,0.0,0.0,0.0,0.0,0.0,0.0,0.0,0.0,0.5184346437454224,0.0,0.0,0.0,0.0,0.4791796803474426,0.0,0.0,0.0,0.0,0.0,0.0,0.0,0.0,0.0,0.0,0.0,0.0,0.0,0.0,0.7082459926605225,0.0,0.0,0.0,0.0,0.0
1.0,ホットケーキ,"

小麦粉 と 重曹でも！ ホットケーキ風


",0.0,0.0,0.32546913623809814,0.515046238899231,0.0,0.0,0.0,0.0,0.0,0.0,0.0,0.35862988233566284,0.0,0.0,0.0,0.0,0.0,0.0,0.0,0.0,0.0,0.0,0.0,0.0,0.0,0.0,0.0,0.0,0.0,0.0,0.0,0.0,0.0,0.0,0.0,0.0,0.0,0.7072353363037109,0.0,0.0,0.0,0.0,0.0,0.0,0.0,0.0,0.0,0.0
1.0,ホットケーキ,"

ふわふわ☆ホットケーキ


",0.0,0.0,0.0,0.0,0.0,0.0,0.0,0.0,0.0,0.0,0.0,0.0,0.0,0.0,0.0,0.0,0.0,0.0,0.0,0.0,0.0,0.0,0.0,0.3863048851490021,0.0,0.0,0.0,0.0,0.0,0.0,0.0,0.0,0.0,0.0,0.0,0.0,0.9223711490631104,0.0,0.0,0.0,0.0,0.0,0.0,0.0,0.0,0.0,0.0,0.0
1.0,ホットケーキ,"

カルピスカスタード&カルピスホットケーキ


",0.0,0.0,0.0,0.0,0.0,0.0,0.0,0.0,0.0,0.0,0.0,0.5045289397239685,0.0,0.0,0.0,0.0,0.0,0.0,0.0,0.0,0.0,0.0,0.0,0.0,0.0,0.0,0.0,0.0,0.0,0.8633947968482971,0.0,0.0,0.0,0.0,0.0,0.0,0.0,0.0,0.0,0.0,0.0,0.0,0.0,0.0,0.0,0.0,0.0,0.0
1.0,ホットケーキ,"

◇◇バナナホットケーキ◇◇


",0.0,0.4761030375957489,0.0,0.0,0.0,0.0,0.0,0.0,0.0,0.0,0.0,0.0,0.39548030495643616,0.0,0.0,0.0,0.0,0.0,0.0,0.6578431129455566,0.0,0.0,0.0,0.42914295196533203,0.0,0.0,0.0,0.0,0.0,0.0,0.0,0.0,0.0,0.0,0.0,0.0,0.0,0.0,0.0,0.0,0.0,0.0,0.0,0.0,0.0,0.0,0.0,0.0
1.0,ホットケーキ,"

カルピスホットケーキ


",0.0,0.0,0.0,0.0,0.0,0.0,0.0,0.0,0.0,0.0,0.0,0.0,0.0,0.0,0.0,0.0,0.0,0.0,0.0,0.0,0.0,0.0,0.0,0.0,0.0,0.0,0.0,0.0,0.0,0.0,0.0,0.0,0.0,0.0,0.0,0.0,0.0,0.0,0.0,0.0,0.0,0.0,0.0,0.0,0.0,0.0,0.0,0.0
1.0,ホットケーキ,"

ホットケーキ


",0.0,0.0,0.0,0.0,0.0,0.0,0.0,0.0,0.0,0.0,0.0,0.5675601363182068,0.3958999514579773,0.0,0.0,0.5801585912704468,0.0,0.0,0.0,0.0,0.0,0.0,0.0,0.429598331451416,0.0,0.0,0.0,0.0,0.0,0.0,0.0,0.0,0.0,0.0,0.0,0.0,0.0,0.0,0.0,0.0,0.0,0.0,0.0,0.0,0.0,0.0,0.0,0.0
1.0,ホットケーキ,"

超絶簡単！プロテインホットケーキ！！


",0.0,0.0,0.0,0.0,0.0,0.0,0.0,0.0,0.0,0.0,0.0,0.0,0.0,0.0,0.0,0.0,0.0,0.0,0.0,0.0,0.0,0.0,0.0,0.0,0.0,0.0,0.0,1.0,0.0,0.0,0.0,0.0,0.0,0.0,0.0,0.0,0.0,0.0,0.0,0.0,0.0,0.0,0.0,0.0,0.0,0.0,0.0,0.0
1.0,ホットケーキ,"

バナナホットケーキ


",0.0,0.0,0.0,0.0,0.0,0.6141468286514282,0.0,0.0,0.0,0.0,0.0,0.0,0.0,0.0,0.0,0.0,0.0,0.0,0.0,0.660982608795166,0.0,0.0,0.0,0.43119099736213684,0.0,0.0,0.0,0.0,0.0,0.0,0.0,0.0,0.0,0.0,0.0,0.0,0.0,0.0,0.0,0.0,0.0,0.0,0.0,0.0,0.0,0.0,0.0,0.0
1.0,ホットケーキ,"

HM × 炊飯器 で簡単ホットケーキ


",0.0,0.0,0.0,0.0,0.0,0.43839552998542786,0.0,0.0,0.0,0.0,0.0,0.0,0.0,0.0,0.0,0.0,0.0,0.0,0.0,0.0,0.0,0.0,0.0,0.307796448469162,0.0,0.0,0.0,0.0,0.0,0.0,0.0,0.4600754380226135,0.0,0.0,0.0,0.0,0.0,0.0,0.0,0.0,0.0,0.0,0.0,0.0,0.0,0.0,0.0,0.7080969214439392
1.0,ホットケーキ,"

豆腐でトロトロホットケーキ*


",0.0,0.0,0.2868494689464569,0.0,0.0,0.0,0.0,0.0,0.0,0.0,0.0,0.0,0.0,0.0,0.0,0.0,0.0,0.0,0.0,0.0,0.0,0.0,0.4222893714904785,0.23924420773983002,0.0,0.0,0.0,0.0,0.0,0.0,0.0,0.0,0.0,0.0,0.0,0.0,0.0,0.0,0.0,0.0,0.0,0.0,0.0,0.0,0.6158100962638855,0.0,0.0,0.5503900647163391
1.0,ホットケーキ,"

ヨーグルトでふっくらホットケーキ


",0.0,0.0,0.0,0.0,0.0,0.0,0.0,0.0,0.0,0.0,0.0,0.0,0.0,0.0,0.0,0.0,0.0,0.0,0.0,0.0,0.0,0.0,0.0,0.0,0.0,0.0,0.0,0.0,0.0,0.0,0.0,0.0,0.0,0.0,0.0,0.0,0.0,0.0,0.0,0.0,0.0,0.0,0.0,0.0,0.0,0.0,0.0,0.0
1.0,ホットケーキ,"

グラノーラクッキー


",0.0,0.0,0.0,0.0,0.0,0.0,0.0,0.0,0.0,0.0,0.0,0.0,0.0,0.0,0.0,0.0,0.0,0.0,0.0,0.0,0.0,0.9107474684715271,0.0,0.41296371817588806,0.0,0.0,0.0,0.0,0.0,0.0,0.0,0.0,0.0,0.0,0.0,0.0,0.0,0.0,0.0,0.0,0.0,0.0,0.0,0.0,0.0,0.0,0.0,0.0
1.0,ホットケーキ,"

ホットケーキ簡単ピザ


",0.0,0.0,0.0,0.0,0.0,0.0,0.0,0.0,0.0,0.0,0.0,0.0,0.0,0.0,0.0,0.0,0.0,0.0,0.0,0.0,0.0,0.0,0.0,0.0,0.0,0.0,0.0,0.0,0.0,0.0,0.0,0.5108619928359985,0.0,0.0,0.0,0.0,0.0,0.0,0.0,0.0,0.0,0.0,0.0,0.0,0.0,0.0,0.8596627116203308,0.0
1.0,ホットケーキ,"

卵アレルギーOK!ふわふわホットケーキ


",0.0,0.0,0.0,0.0,0.0,0.6279762387275696,0.0,0.0,0.0,0.0,0.0,0.0,0.0,0.0,0.0,0.0,0.0,0.0,0.0,0.0,0.0,0.0,0.7782325148582458,0.0,0.0,0.0,0.0,0.0,0.0,0.0,0.0,0.0,0.0,0.0,0.0,0.0,0.0,0.0,0.0,0.0,0.0,0.0,0.0,0.0,0.0,0.0,0.0,0.0
1.0,ホットケーキ,"

ホットケーキの水きりヨーグルトサンド


",0.0,0.0,1.0,0.0,0.0,0.0,0.0,0.0,0.0,0.0,0.0,0.0,0.0,0.0,0.0,0.0,0.0,0.0,0.0,0.0,0.0,0.0,0.0,0.0,0.0,0.0,0.0,0.0,0.0,0.0,0.0,0.0,0.0,0.0,0.0,0.0,0.0,0.0,0.0,0.0,0.0,0.0,0.0,0.0,0.0,0.0,0.0,0.0
1.0,ホットケーキ,"

豆腐と納豆で！もっちもち☆ホットケーキ♪


",0.0,0.22474443912506104,0.24288606643676758,0.0,0.0,0.0,0.0,0.0,0.0,0.0,0.0,0.0,0.18668648600578308,0.0,0.0,0.2735735774040222,0.0,0.23811985552310944,0.0,0.0,0.0,0.0,0.35756802558898926,0.0,0.0,0.0,0.0,0.0,0.0,0.0,0.0,0.6055994629859924,0.0,0.4790566563606262,0.0,0.0,0.0,0.0,0.0,0.0,0.0,0.0,0.0,0.0,0.0,0.0,0.0,0.0
1.0,ホットケーキ,"

大きなりんごのホットケーキ


",0.0,0.0,0.0,0.7073661088943481,0.0,0.0,0.0,0.0,0.0,0.0,0.0,0.49254342913627625,0.3435722887516022,0.0,0.0,0.0,0.0,0.0,0.0,0.0,0.0,0.0,0.0,0.3728165924549103,0.0,0.0,0.0,0.0,0.0,0.0,0.0,0.0,0.0,0.0,0.0,0.0,0.0,0.0,0.0,0.0,0.0,0.0,0.0,0.0,0.0,0.0,0.0,0.0
1.0,ホットケーキ,"

簡単！もちもち！米粉でホットケーキ


",0.0,0.0,0.0,0.0,0.0,0.0,0.0,0.0,0.0,0.0,0.0,0.0,0.26297351717948914,0.0,0.0,0.38536590337753296,0.0,0.3354244530200958,0.0,0.0,0.4431193172931671,0.0,0.0,0.0,0.0,0.0,0.0,0.0,0.0,0.0,0.0,0.0,0.0,0.0,0.0,0.0,0.0,0.0,0.0,0.0,0.0,0.0,0.6880942583084106,0.0,0.0,0.0,0.0,0.0
1.0,ホットケーキ,"

簡単ホットケーキ(覚書)


",0.0,0.5473241806030273,0.0,0.0,0.0,0.7026647925376892,0.0,0.0,0.0,0.0,0.0,0.0,0.4546409547328949,0.0,0.0,0.0,0.0,0.0,0.0,0.0,0.0,0.0,0.0,0.0,0.0,0.0,0.0,0.0,0.0,0.0,0.0,0.0,0.0,0.0,0.0,0.0,0.0,0.0,0.0,0.0,0.0,0.0,0.0,0.0,0.0,0.0,0.0,0.0
1.0,ホットケーキ,"

健康法師のちょっぴりヘルシーホットケーキ


",0.0,0.0,0.3277752995491028,0.0,0.0,0.0,0.0,0.0,0.0,0.0,0.0,0.0,0.0,0.0,0.0,0.0,0.0,0.0,0.0,0.0,0.0,0.0,0.0,0.0,0.55983567237854,0.0,0.5381205081939697,0.0,0.0,0.0,0.5381205081939697,0.0,0.0,0.0,0.0,0.0,0.0,0.0,0.0,0.0,0.0,0.0,0.0,0.0,0.0,0.0,0.0,0.0
1.0,ホットケーキ,"

見た目は派手だけど簡単！ホットケーキ☆


",0.0,0.0,0.0,0.6796403527259827,0.0,0.0,0.0,0.0,0.0,0.0,0.0,0.0,0.0,0.0,0.0,0.0,0.0,0.0,0.0,0.0,0.0,0.0,0.0,0.0,0.7335454821586609,0.0,0.0,0.0,0.0,0.0,0.0,0.0,0.0,0.0,0.0,0.0,0.0,0.0,0.0,0.0,0.0,0.0,0.0,0.0,0.0,0.0,0.0,0.0
1.0,ホットケーキ,"

ポップコーンホットケーキ


",0.0,0.0,0.0,0.0,0.0,0.0,0.0,0.0,0.0,0.0,0.0,0.0,0.0,0.0,0.0,0.0,0.0,0.0,0.0,0.0,0.0,0.0,0.0,0.0,0.0,0.0,0.0,0.0,0.0,0.0,0.0,1.0,0.0,0.0,0.0,0.0,0.0,0.0,0.0,0.0,0.0,0.0,0.0,0.0,0.0,0.0,0.0,0.0
1.0,ホットケーキ,"

お豆腐ホットケーキ


",0.0,0.0,0.37025049328804016,0.0,0.0,0.0,0.0,0.0,0.0,0.0,0.0,0.0,0.0,0.0,0.0,0.0,0.0,0.0,0.0,0.0,0.0,0.0,0.5450693368911743,0.0,0.0,0.0,0.0,0.0,0.0,0.0,0.0,0.0,0.0,0.0,0.0,0.0,0.0,0.0,0.7522060871124268,0.0,0.0,0.0,0.0,0.0,0.0,0.0,0.0,0.0
1.0,ホットケーキ,"

子ども作☆チーズ入り爽やかホットケーキ


",0.0,0.0,0.0,0.0,0.0,0.0,0.0,0.0,0.0,0.0,0.0,0.0,0.0,0.0,0.0,0.0,1.0,0.0,0.0,0.0,0.0,0.0,0.0,0.0,0.0,0.0,0.0,0.0,0.0,0.0,0.0,0.0,0.0,0.0,0.0,0.0,0.0,0.0,0.0,0.0,0.0,0.0,0.0,0.0,0.0,0.0,0.0,0.0
1.0,ホットケーキ,"

ホットケーキ


",0.0,0.0,0.0,0.0,0.0,0.0,0.0,0.0,0.0,0.0,0.0,1.0,0.0,0.0,0.0,0.0,0.0,0.0,0.0,0.0,0.0,0.0,0.0,0.0,0.0,0.0,0.0,0.0,0.0,0.0,0.0,0.0,0.0,0.0,0.0,0.0,0.0,0.0,0.0,0.0,0.0,0.0,0.0,0.0,0.0,0.0,0.0,0.0
1.0,ホットケーキ,"

コンビーフと玉ねぎのホットケーキ


",0.0,0.0,0.0,0.0,0.0,1.0,0.0,0.0,0.0,0.0,0.0,0.0,0.0,0.0,0.0,0.0,0.0,0.0,0.0,0.0,0.0,0.0,0.0,0.0,0.0,0.0,0.0,0.0,0.0,0.0,0.0,0.0,0.0,0.0,0.0,0.0,0.0,0.0,0.0,0.0,0.0,0.0,0.0,0.0,0.0,0.0,0.0,0.0
1.0,ホットケーキ,"

なんとも良い香りのホットケーキ


",0.0,0.0,0.0,0.0,0.0,0.0,0.0,0.0,0.0,0.0,0.5321235060691833,0.0,0.0,0.4807007610797882,0.0,0.0,0.0,0.0,0.0,0.0,0.0,0.0,0.0,0.0,0.0,0.0,0.0,0.0,0.0,0.0,0.0,0.0,0.0,0.0,0.0,0.0,0.6969730257987976,0.0,0.0,0.0,0.0,0.0,0.0,0.0,0.0,0.0,0.0,0.0
1.0,ホットケーキ,"

米粉そば粉ホットケーキ★粒アーモンド載せ


",0.0,0.0,0.0,0.0,0.0,0.0,0.0,0.0,0.1612158566713333,0.0,0.0,0.0,0.10349377244710922,0.18493780493736267,0.0,0.0,0.0,0.3960209786891937,0.0,0.0,0.1743905246257782,0.0,0.0,0.0,0.0,0.0,0.22105851769447327,0.0,0.5781315565109253,0.0,0.44211703538894653,0.16786369681358337,0.0,0.0,0.0,0.22247420251369476,0.0,0.29258906841278076,0.0,0.0,0.0,0.0,0.0,0.0,0.0,0.0,0.0,0.0
1.0,ホットケーキ,"

ふわふわホットケーキ


",0.0,0.0,0.0,0.0,0.0,0.0,0.0,0.0,0.0,0.0,0.0,0.0,0.0,0.0,0.0,0.0,0.0,0.0,0.0,0.0,0.0,0.0,0.0,0.0,0.0,0.0,0.0,0.0,0.0,0.0,0.0,0.0,0.0,0.0,0.0,0.0,0.0,0.0,0.0,0.0,0.0,0.0,0.0,0.0,0.0,0.0,0.0,0.0
1.0,ホットケーキ,"

米粉のホットケーキ☆ミルキー風味


",0.0,0.0,0.0,0.0,0.0,0.0,0.0,0.0,0.0,0.0,0.0,0.0,0.0,0.0,0.0,0.0,0.0,0.603546679019928,0.0,0.0,0.7973276376724243,0.0,0.0,0.0,0.0,0.0,0.0,0.0,0.0,0.0,0.0,0.0,0.0,0.0,0.0,0.0,0.0,0.0,0.0,0.0,0.0,0.0,0.0,0.0,0.0,0.0,0.0,0.0
1.0,ホットケーキ,"

フワフワ☆ホットケーキ


",0.0,0.40859171748161316,0.0,0.0,0.0,0.0,0.0,0.0,0.0,0.0,0.0,0.0,0.3394013047218323,0.0,0.0,0.0,0.0,0.0,0.0,0.0,0.0,0.0,0.0,0.0,0.0,0.8472659587860107,0.0,0.0,0.0,0.0,0.0,0.0,0.0,0.0,0.0,0.0,0.0,0.0,0.0,0.0,0.0,0.0,0.0,0.0,0.0,0.0,0.0,0.0
1.0,ホットケーキ,"

ホットケーキミックスで揚げアイスクリーム


",1.0,0.0,0.0,0.0,0.0,0.0,0.0,0.0,0.0,0.0,0.0,0.0,0.0,0.0,0.0,0.0,0.0,0.0,0.0,0.0,0.0,0.0,0.0,0.0,0.0,0.0,0.0,0.0,0.0,0.0,0.0,0.0,0.0,0.0,0.0,0.0,0.0,0.0,0.0,0.0,0.0,0.0,0.0,0.0,0.0,0.0,0.0,0.0
1.0,ホットケーキ,"

ホットケーキ


",0.0,0.0,0.0,0.0,0.0,0.0,0.0,0.0,0.0,0.0,0.0,0.0,0.0,0.0,0.0,0.0,0.0,0.0,0.0,0.0,0.0,0.0,0.0,0.0,0.0,0.0,0.0,0.0,0.0,0.0,0.0,0.0,0.0,0.0,0.0,0.0,0.0,0.0,0.0,0.0,0.0,0.0,0.0,0.0,0.0,0.0,0.0,0.0
1.0,ホットケーキ,"

簡単！美味しい＊ホットケーキサンド


",0.0,0.0,0.20359855890274048,0.0,0.0,0.0,0.0,0.0,0.0,0.0,0.0,0.0,0.0,0.0,0.0,0.22932228446006775,0.0,0.0,0.0,0.0,0.0,0.0,0.0,0.16980953514575958,0.0,0.0,0.0,0.0,0.0,0.3839147090911865,0.0,0.0,0.0,0.0,0.0,0.0,0.0,0.0,0.0,0.0,0.0,0.0,0.0,0.0,0.0,0.0,0.8542441725730896,0.0
1.0,ホットケーキ,"

覚書　ホットケーキ


",0.0,0.3382033407688141,0.0,0.0,0.0,0.0,0.0,0.0,0.0,0.0,0.0,0.4027431905269623,0.28093239665031433,0.0,0.0,0.4116831421852112,0.0,0.0,0.0,0.0,0.0,0.0,0.0,0.0,0.0,0.0,0.0,0.0,0.0,0.6892099976539612,0.0,0.0,0.0,0.0,0.0,0.0,0.0,0.0,0.0,0.0,0.0,0.0,0.0,0.0,0.0,0.0,0.0,0.0
1.0,ホットケーキ,"

レンジで作るホットケーキ


",0.0,0.0,0.4561578929424286,0.0,0.0,0.5418825149536133,0.0,0.0,0.5461589097976685,0.0,0.0,0.0,0.0,0.0,0.0,0.0,0.0,0.44720661640167236,0.0,0.0,0.0,0.0,0.0,0.0,0.0,0.0,0.0,0.0,0.0,0.0,0.0,0.0,0.0,0.0,0.0,0.0,0.0,0.0,0.0,0.0,0.0,0.0,0.0,0.0,0.0,0.0,0.0,0.0
1.0,ホットケーキ,"

お食事ホットケーキ★


",0.0,0.0,0.0,0.45727652311325073,0.0,0.3432672917842865,0.0,0.0,0.0,0.0,0.0,0.0,0.0,0.0,0.465613454580307,0.0,0.0,0.0,0.0,0.0,0.0,0.0,0.0,0.24100711941719055,0.4935450553894043,0.0,0.0,0.3931904733181,0.0,0.0,0.0,0.0,0.0,0.0,0.0,0.0,0.0,0.0,0.0,0.0,0.0,0.0,0.0,0.0,0.0,0.0,0.0,0.0
1.0,ホットケーキ,"

手作りパンケーキ/ホットケーキ早見レシピ


",0.0,0.2567664384841919,0.0,0.0,0.0,0.3296414315700531,0.0,0.0,0.0,0.0,0.0,0.0,0.0,0.0,0.0,0.3125528395175934,0.0,0.0,0.0,0.0,0.0,0.0,0.0,0.0,0.0,0.0,0.0,0.0,0.0,0.0,0.0,0.0,0.0,0.0,0.0,0.0,0.0,0.0,0.0,0.0,0.0,0.6105996370315552,0.0,0.0,0.0,0.5957233309745789,0.0,0.0
1.0,ホットケーキ,"

ホット・一息ケーキ


",0.0,0.0,0.0,0.0,0.0,0.0,0.0,0.0,0.0,0.0,0.0,0.0,0.0,0.0,0.0,0.0,0.0,0.0,0.0,0.0,0.0,0.0,0.0,0.0,0.0,0.0,0.0,0.0,0.0,0.0,0.0,0.0,0.0,0.0,0.0,0.0,0.0,0.0,1.0,0.0,0.0,0.0,0.0,0.0,0.0,0.0,0.0,0.0
1.0,ホットケーキ,"

シンプルホットケーキ


",0.0,0.0,0.0,0.0,0.0,0.0,0.0,0.0,0.0,0.0,0.0,0.0,0.0,0.0,0.0,0.0,0.0,0.0,0.0,0.0,0.0,0.0,0.0,0.0,0.0,0.0,0.0,0.0,0.0,0.0,0.0,0.0,0.0,0.0,0.0,0.0,0.0,0.0,0.0,0.0,0.0,0.0,0.0,0.0,0.0,0.0,0.0,0.0
1.0,ホットケーキ,"

簡単☆豆腐粉とバナナのホットケーキ


",0.0,0.0,0.43451935052871704,0.0,0.0,0.0,0.0,0.0,0.0,0.0,0.0,0.0,0.0,0.0,0.3500758707523346,0.0,0.0,0.21299634873867035,0.4557812809944153,0.2777709662914276,0.0,0.0,0.31984180212020874,0.0,0.0,0.0,0.35668304562568665,0.0,0.0,0.0,0.0,0.0,0.0,0.0,0.0,0.35896727442741394,0.0,0.0,0.0,0.0,0.0,0.0,0.0,0.0,0.0,0.0,0.0,0.0
1.0,ホットケーキ,"

卵たっぷりホットケーキ


",0.0,0.0,0.0,0.0,0.0,0.0,0.0,0.0,0.415097713470459,0.0,0.0,0.0,0.0,0.0,0.0,0.19524867832660675,0.0,0.16994544863700867,0.0,0.0,0.22450989484786987,0.0,0.0,0.0,0.0,0.0,0.0,0.0,0.0,0.0,0.0,0.0,0.0,0.0,0.0,0.5728253722190857,0.0,0.0,0.0,0.6181883215904236,0.0,0.0,0.0,0.0,0.0,0.0,0.0,0.0
1.0,ホットケーキ,"

ちょっとひと工夫♪ホットケーキ


",0.0,0.0,0.0,0.0,0.0,0.0,0.0,0.0,0.0,0.0,0.0,0.0,0.0,0.0,0.0,0.0,0.0,0.0,0.0,0.0,0.0,0.0,0.0,0.0,0.0,0.0,0.0,0.0,0.0,0.0,0.0,0.0,0.0,0.0,0.0,0.0,0.0,0.0,0.0,0.0,0.0,0.0,0.0,0.0,0.0,0.0,0.0,0.0
1.0,ホットケーキ,"

ホットケーキ


",0.0,0.0,0.0,0.0,0.0,0.0,0.0,0.0,0.0,0.0,0.0,0.0,0.0,0.0,0.0,0.0,0.0,0.0,0.0,0.0,0.0,0.0,0.0,0.0,0.0,0.0,0.0,0.0,0.0,0.0,0.0,0.0,0.0,0.0,0.0,0.0,0.0,0.0,0.0,0.0,0.0,0.0,0.0,0.0,0.0,0.0,0.0,0.0
1.0,ホットケーキ,"

簡単豆乳ホットケーキ


",0.0,0.0,0.3369349241256714,0.5331905484199524,0.0,0.0,0.0,0.0,0.0,0.0,0.0,0.0,0.0,0.0,0.0,0.0,0.0,0.0,0.0,0.0,0.0,0.0,0.0,0.281017541885376,0.0,0.0,0.0,0.0,0.0,0.0,0.0,0.0,0.0,0.0,0.0,0.0,0.0,0.0,0.0,0.0,0.0,0.0,0.0,0.0,0.0,0.7233338356018066,0.0,0.0
1.0,ホットケーキ,"

炊飯器de簡単紅茶ホットケーキ


",0.0,0.0,0.5673402547836304,0.0,0.0,0.6739591360092163,0.0,0.0,0.0,0.0,0.0,0.0,0.0,0.0,0.0,0.0,0.0,0.0,0.0,0.0,0.0,0.0,0.0,0.47318506240844727,0.0,0.0,0.0,0.0,0.0,0.0,0.0,0.0,0.0,0.0,0.0,0.0,0.0,0.0,0.0,0.0,0.0,0.0,0.0,0.0,0.0,0.0,0.0,0.0
1.0,ホットケーキ,"

アーモンドミルク豆腐ホットケーキ～


",0.5968601107597351,0.0,0.0,0.0,0.0,0.0,0.0,0.0,0.0,0.0,0.0,0.0,0.0,0.0,0.514352023601532,0.0,0.0,0.0,0.0,0.0,0.0,0.0,0.46993035078048706,0.0,0.0,0.0,0.0,0.0,0.0,0.0,0.0,0.397951602935791,0.0,0.0,0.0,0.0,0.0,0.0,0.0,0.0,0.0,0.0,0.0,0.0,0.0,0.0,0.0,0.0
1.0,ホットケーキ,"

ふっくら♪コーン入りホットケーキ♪


",0.0,0.0,0.2603549063205719,0.0,0.0,0.0,0.0,0.0,0.0,0.0,0.0,0.0,0.0,0.0,0.0,0.29324954748153687,0.0,0.2552458941936493,0.5461891889572144,0.0,0.33719778060913086,0.0,0.0,0.0,0.0,0.0,0.0,0.0,0.0,0.0,0.0,0.324577659368515,0.0,0.5135113596916199,0.0,0.0,0.0,0.0,0.0,0.0,0.0,0.0,0.0,0.0,0.0,0.0,0.0,0.0
1.0,ホットケーキ,"

簡単ノパルのホットケーキ


",0.0,0.0,0.0,0.0,0.0,0.0,0.0,0.0,0.0,0.0,0.0,0.0,0.0,0.0,0.0,0.0,0.0,1.0,0.0,0.0,0.0,0.0,0.0,0.0,0.0,0.0,0.0,0.0,0.0,0.0,0.0,0.0,0.0,0.0,0.0,0.0,0.0,0.0,0.0,0.0,0.0,0.0,0.0,0.0,0.0,0.0,0.0,0.0
1.0,ホットケーキ,"

ふんわりホットケーキ


",0.0,0.0,0.0,0.0,0.0,0.0,0.0,0.0,0.0,0.0,0.0,0.0,0.0,0.0,0.0,0.0,0.0,0.0,0.0,0.0,0.0,0.0,0.0,1.0,0.0,0.0,0.0,0.0,0.0,0.0,0.0,0.0,0.0,0.0,0.0,0.0,0.0,0.0,0.0,0.0,0.0,0.0,0.0,0.0,0.0,0.0,0.0,0.0
1.0,ホットケーキ,"

ハムとバナナのホットケーキ


",0.0,0.0,0.0,0.0,0.0,0.0,0.0,0.0,0.0,0.0,0.0,0.0,0.0,0.0,0.0,0.0,0.0,0.0,0.0,0.0,0.0,0.0,0.0,0.0,0.0,0.0,0.0,0.0,0.0,0.0,0.0,0.0,0.0,0.0,0.0,0.0,0.0,0.0,0.0,0.0,0.0,0.0,0.0,0.0,0.0,0.0,0.0,0.0
1.0,ホットケーキ,"

冷めてもしっとり甘い節約ホットケーキ


",0.0,0.28920066356658936,0.0,0.0,0.0,0.0,0.0,0.0,0.0,0.0,0.0,0.0,0.24022775888442993,0.0,0.0,0.3520338833332062,0.0,0.0,0.0,0.0,0.0,0.0,0.0,0.0,0.0,0.0,0.0,0.0,0.0,0.5893495678901672,0.0,0.0,0.0,0.0,0.0,0.0,0.622408926486969,0.0,0.0,0.0,0.0,0.0,0.0,0.0,0.0,0.0,0.0,0.0
1.0,ホットケーキ,"

子供が喜ぶ！惣菜ホットケーキ！


",0.0,0.0,0.0,0.0,0.0,0.0,0.0,0.0,0.0,0.0,0.0,0.0,0.0,0.0,0.0,0.0,0.0,0.0,0.0,0.0,0.0,0.0,0.0,0.0,0.0,0.0,0.0,0.0,0.0,0.0,0.0,0.0,0.0,0.0,0.0,0.0,0.0,0.0,0.0,0.0,0.0,0.0,0.0,0.0,0.0,0.0,0.0,0.0
1.0,ホットケーキ,"

ＨＭをお店のホットケーキにグレートアップ


",0.0,0.0,0.0,0.0,0.0,0.0,0.0,0.0,0.0,0.0,0.0,0.0,0.0,0.0,0.0,0.0,0.0,0.0,0.0,0.0,0.0,0.0,0.0,0.0,0.0,0.0,0.0,0.0,0.0,0.0,0.0,0.0,0.0,0.0,0.0,0.0,0.0,0.0,0.0,0.0,0.0,0.0,0.0,0.0,0.0,0.0,0.0,0.0
1.0,ホットケーキ,"

時短！お弁当用ホットケーキ♪作り置き冷凍


",0.0,0.0,0.0,0.0,0.0,0.0,0.0,0.0,0.0,0.0,0.0,0.0,0.0,0.0,0.0,0.0,0.0,0.0,0.0,0.0,0.0,0.0,0.0,0.0,0.0,0.0,0.0,0.0,0.0,0.0,0.0,0.0,0.0,0.0,0.0,0.0,0.0,0.0,0.0,0.0,0.0,0.0,0.0,0.0,0.0,0.0,0.0,0.0
1.0,ホットケーキ,"

簡単! 定番! ホットケーキ


",0.0,0.3396841585636139,0.0,0.0,0.0,0.0,0.602687656879425,0.0,0.0,0.0,0.0,0.0,0.28216245770454407,0.0,0.0,0.0,0.0,0.0,0.0,0.0,0.0,0.0,0.0,0.0,0.0,0.0,0.0,0.0,0.0,0.0,0.0,0.0,0.0,0.0,0.0,0.0,0.0,0.0,0.0,0.0,0.0,0.0,0.0,0.6646552681922913,0.0,0.0,0.0,0.0
1.0,ホットケーキ,"

手作りミックスでホットケーキ


",0.0,0.0,0.0,0.0,0.0,0.662407636642456,0.0,0.0,0.0,0.0,0.0,0.6144295334815979,0.42859360575675964,0.0,0.0,0.0,0.0,0.0,0.0,0.0,0.0,0.0,0.0,0.0,0.0,0.0,0.0,0.0,0.0,0.0,0.0,0.0,0.0,0.0,0.0,0.0,0.0,0.0,0.0,0.0,0.0,0.0,0.0,0.0,0.0,0.0,0.0,0.0
1.0,ホットケーキ,"

じゃがいもで作るホットケーキ


",0.0,0.0,0.36672401428222656,0.0,0.0,0.0,0.0,0.0,0.0,0.0,0.0,0.0,0.0,0.0,0.0,0.4130578935146332,0.0,0.0,0.0,0.0,0.0,0.0,0.0,0.3058628737926483,0.6263595223426819,0.0,0.0,0.0,0.0,0.0,0.0,0.4571852684020996,0.0,0.0,0.0,0.0,0.0,0.0,0.0,0.0,0.0,0.0,0.0,0.0,0.0,0.0,0.0,0.0
1.0,ホットケーキ,"

卵白消費！ホットケーキ


",0.0,0.0,0.0,0.0,0.0,0.0,0.0,0.0,0.0,0.0,0.6276832818984985,0.0,0.0,0.0,0.0,0.0,0.0,0.0,0.0,0.0,0.0,0.0,0.0,0.0,0.0,0.0,0.0,0.0,0.0,0.7784687876701355,0.0,0.0,0.0,0.0,0.0,0.0,0.0,0.0,0.0,0.0,0.0,0.0,0.0,0.0,0.0,0.0,0.0,0.0
1.0,ホットケーキ,"

甘くないホットケーキ


",0.0,0.0,0.27516016364097595,0.0,0.0,0.0,0.0,0.0,0.0,0.0,0.0,0.0,0.0,0.0,0.0,0.0,0.0,0.0,0.5772486329078674,0.0,0.0,0.0,0.0,0.0,0.0,0.0,0.0,0.3744088113307953,0.0,0.0,0.0,0.3430349826812744,0.0,0.0,0.0,0.0,0.0,0.0,0.0,0.0,0.0,0.0,0.0,0.0,0.0,0.0,0.5772486329078674,0.0
1.0,ホットケーキ,"

卵なしバナナホットケーキ


",0.0,0.0,0.6160861253738403,0.0,0.0,0.0,0.0,0.0,0.0,0.0,0.0,0.0,0.0,0.0,0.0,0.0,0.0,0.0,0.0,0.7876787781715393,0.0,0.0,0.0,0.0,0.0,0.0,0.0,0.0,0.0,0.0,0.0,0.0,0.0,0.0,0.0,0.0,0.0,0.0,0.0,0.0,0.0,0.0,0.0,0.0,0.0,0.0,0.0,0.0
1.0,ホットケーキ,"

余ったホイップでホットケーキ


",0.0,0.0,0.0,0.0,0.0,0.0,0.0,0.0,0.0,0.0,0.0,0.0,0.0,0.0,0.0,0.0,0.0,0.0,0.0,0.0,0.0,0.0,0.0,0.0,0.0,0.0,0.0,0.0,0.0,0.0,0.0,0.0,0.0,0.0,0.0,0.0,0.0,0.0,0.0,0.0,0.0,0.0,0.0,0.0,0.0,0.0,0.0,0.0
1.0,ホットケーキ,"

・＊とびきりカラメルホットケーキ＊・


",0.0,0.0,0.0,0.0,0.0,0.0,0.0,0.0,0.0,0.0,0.0,0.0,0.0,0.0,0.0,0.0,0.0,0.0,0.0,0.0,0.0,0.0,0.0,0.3341867923736572,0.0,0.0,0.0,0.545208215713501,0.0,0.0,0.0,0.0,0.0,0.0,0.0,0.0,0.0,0.0,0.0,0.0,0.0,0.0,0.0,0.0,0.0,0.0,0.0,0.7688089609146118
1.0,ホットケーキ,"

HMなしで作るホットケーキ。


",0.0,0.7692312002182007,0.0,0.0,0.0,0.0,0.0,0.0,0.0,0.0,0.0,0.0,0.6389705538749695,0.0,0.0,0.0,0.0,0.0,0.0,0.0,0.0,0.0,0.0,0.0,0.0,0.0,0.0,0.0,0.0,0.0,0.0,0.0,0.0,0.0,0.0,0.0,0.0,0.0,0.0,0.0,0.0,0.0,0.0,0.0,0.0,0.0,0.0,0.0
1.0,ホットケーキ,"

ふんわり☆ママのホットケーキ


",0.0,0.0,0.0,0.0,0.5455538630485535,0.37154337763786316,0.5134792923927307,0.0,0.0,0.0,0.0,0.3446325361728668,0.24039745330810547,0.0,0.0,0.3522825837135315,0.0,0.0,0.0,0.0,0.0,0.0,0.0,0.0,0.0,0.0,0.0,0.0,0.0,0.0,0.0,0.0,0.0,0.0,0.0,0.0,0.0,0.0,0.0,0.0,0.0,0.0,0.0,0.0,0.0,0.0,0.0,0.0
1.0,ホットケーキ,"

ほうれん草ホットケーキ&蒸しパン


",0.0,0.0,0.0,0.0,0.0,0.0,0.0,0.0,0.0,0.0,0.0,0.0,0.0,0.0,0.0,0.0,0.0,0.0,0.0,0.0,0.0,0.0,0.0,0.0,0.0,0.0,0.0,0.548385739326477,0.0,0.0,0.0,0.0,0.0,0.0,0.0,0.0,0.0,0.0,0.0,0.0,0.8362255096435547,0.0,0.0,0.0,0.0,0.0,0.0,0.0
1.0,ホットケーキ,"

ヨーグルトの消費に☆もちもちホットケーキ


",0.0,0.0,0.0,0.0,0.0,0.0,0.0,0.0,0.0,0.0,0.0,0.4947603642940521,0.3451187014579773,0.616708517074585,0.0,0.5057429075241089,0.0,0.0,0.0,0.0,0.0,0.0,0.0,0.0,0.0,0.0,0.0,0.0,0.0,0.0,0.0,0.0,0.0,0.0,0.0,0.0,0.0,0.0,0.0,0.0,0.0,0.0,0.0,0.0,0.0,0.0,0.0,0.0
1.0,ホットケーキ,"

牛乳も卵も不使用★ホットケーキ


",0.0,0.0,0.0,0.0,0.0,0.0,0.0,0.0,0.4419706165790558,0.0,0.0,0.0,0.0,0.507003903388977,0.0,0.0,0.0,0.0,0.0,0.0,0.0,0.0,0.5434325933456421,0.0,0.0,0.0,0.0,0.502284824848175,0.0,0.0,0.0,0.0,0.0,0.0,0.0,0.0,0.0,0.0,0.0,0.0,0.0,0.0,0.0,0.0,0.0,0.0,0.0,0.0
1.0,ホットケーキ,"

ホットケーキ マリームクリーム添え


",0.0,0.0,0.0,0.0,0.0,0.0,0.0,0.0,0.0,0.0,0.0,0.0,0.0,0.0,0.0,0.0,0.0,0.0,0.0,0.0,0.0,0.0,0.0,0.0,0.0,0.0,0.0,0.0,0.0,0.0,0.0,1.0,0.0,0.0,0.0,0.0,0.0,0.0,0.0,0.0,0.0,0.0,0.0,0.0,0.0,0.0,0.0,0.0
1.0,ホットケーキ,"

お腹に優しいサクふわバナナホットケーキ


",0.0,0.0,0.0,0.0,0.0,0.0,0.0,0.0,0.0,0.0,0.0,0.0,0.0,0.0,0.0,0.0,0.0,0.0,0.0,0.0,0.0,1.0,0.0,0.0,0.0,0.0,0.0,0.0,0.0,0.0,0.0,0.0,0.0,0.0,0.0,0.0,0.0,0.0,0.0,0.0,0.0,0.0,0.0,0.0,0.0,0.0,0.0,0.0
1.0,ホットケーキ,"

レンジパンでホットケーキ～(oo)


",0.0,0.0,0.0,0.0,0.0,0.0,0.0,0.0,0.0,0.0,0.0,0.0,0.0,0.0,0.0,0.0,0.0,0.0,0.0,0.0,0.0,0.0,0.0,1.0,0.0,0.0,0.0,0.0,0.0,0.0,0.0,0.0,0.0,0.0,0.0,0.0,0.0,0.0,0.0,0.0,0.0,0.0,0.0,0.0,0.0,0.0,0.0,0.0
1.0,ホットケーキ,"

黒糖のホットケーキ！米粉でモチモチ!


",0.0,0.0,0.0,0.0,0.0,0.0,0.0,0.0,0.0,0.0,0.0,0.0,0.22148920595645905,0.0,0.46432846784591675,0.0,0.0,0.2825109660625458,0.0,0.0,0.373216837644577,0.0,0.0,0.0,0.0,0.0,0.0,0.0,0.0,0.0,0.0,0.7184972763061523,0.0,0.0,0.0,0.0,0.0,0.0,0.0,0.0,0.0,0.0,0.0,0.0,0.0,0.0,0.0,0.0
1.0,ホットケーキ,"

米粉でホットケーキ！もちもち食感♪


",0.0,0.0,0.0,0.0,0.0,0.0,0.0,0.0,0.0,0.0,0.0,0.0,0.17479021847248077,0.0,0.36642903089523315,0.0,0.0,0.22294607758522034,0.0,0.0,0.29452747106552124,0.0,0.0,0.18966807425022125,0.38841065764427185,0.0,0.0,0.0,0.0,0.0,0.0,0.5670086741447449,0.0,0.0,0.0,0.0,0.0,0.0,0.0,0.0,0.0,0.0,0.0,0.0,0.0,0.0,0.0,0.43633833527565
1.0,ホットケーキ,"

ホットケーキMIXでチーズハットグ


",0.0,0.0,0.0,0.0,0.0,0.0,0.0,0.0,0.0,0.0,0.0,0.0,0.0,0.0,0.0,0.0,0.0,0.0,0.0,0.0,0.0,0.0,0.0,0.0,0.0,0.0,0.0,0.0,0.0,0.0,0.0,0.0,0.0,0.0,0.0,0.0,0.0,0.0,0.0,0.0,0.0,0.0,0.0,0.0,0.0,0.7152122855186462,0.6989072561264038,0.0
1.0,ホットケーキ,"

朝ごはん！ホットケーキ


",0.0,0.0,0.0,0.0,0.0,0.0,0.0,0.0,0.0,0.0,0.0,0.0,0.0,0.0,0.0,0.0,0.0,0.0,0.0,0.0,0.0,0.0,0.0,0.0,0.0,0.0,0.0,0.0,0.0,0.0,0.0,0.0,0.0,0.0,0.0,0.0,0.0,0.0,0.751579999923706,0.6596419811248779,0.0,0.0,0.0,0.0,0.0,0.0,0.0,0.0
1.0,ホットケーキ,"

朝昼おやつ米粉バナナおからPホットケーキ


",0.0,0.0,0.0,0.0,0.0,0.0,0.0,0.0,0.1669674515724182,0.0,0.0,0.0,0.0,0.0,0.0,0.0,0.0,0.27343305945396423,0.0,0.17829358577728271,0.18061214685440063,0.0,0.0,0.0,0.0,0.0,0.22894509136676788,0.0,0.5987572073936462,0.0,0.45789018273353577,0.0,0.0,0.0,0.0,0.46082255244255066,0.0,0.0,0.0,0.0,0.0,0.0,0.0,0.0,0.0,0.0,0.0,0.0
1.0,ホットケーキ,"

玄米粉トマトジャム生おからのホットケーキ


",0.0,0.0,0.0,0.0,0.0,0.0,0.0,0.0,0.5306965708732605,0.0,0.0,0.0,0.0,0.0,0.0,0.0,0.0,0.43454569578170776,0.0,0.0,0.0,0.0,0.0,0.0,0.0,0.0,0.7276889681816101,0.0,0.0,0.0,0.0,0.0,0.0,0.0,0.0,0.0,0.0,0.0,0.0,0.0,0.0,0.0,0.0,0.0,0.0,0.0,0.0,0.0
1.0,ホットケーキ,"

簡単ふわふわ小麦粉ホットケーキ


",0.0,0.567223310470581,0.0,0.0,0.0,0.0,0.0,0.0,0.0,0.0,0.0,0.6754673719406128,0.4711703956127167,0.0,0.0,0.0,0.0,0.0,0.0,0.0,0.0,0.0,0.0,0.0,0.0,0.0,0.0,0.0,0.0,0.0,0.0,0.0,0.0,0.0,0.0,0.0,0.0,0.0,0.0,0.0,0.0,0.0,0.0,0.0,0.0,0.0,0.0,0.0
1.0,ホットケーキ,"

ふわふわホットケーキ


",0.0,0.4405062794685364,0.0,0.0,0.0,0.565530002117157,0.0,0.0,0.0,0.0,0.0,0.0,0.36591145396232605,0.0,0.0,0.0,0.0,0.0,0.0,0.0,0.0,0.0,0.0,0.0,0.0,0.0,0.0,0.0,0.0,0.0,0.0,0.593497097492218,0.0,0.0,0.0,0.0,0.0,0.0,0.0,0.0,0.0,0.0,0.0,0.0,0.0,0.0,0.0,0.0
1.0,ホットケーキ,"

モチモチ分厚いホットケーキ


",0.0,0.0,0.0,0.0,0.0,0.0,0.0,0.0,0.0,0.0,0.0,0.0,0.0,0.0,0.0,0.0,0.0,0.0,0.0,0.0,0.0,0.0,1.0,0.0,0.0,0.0,0.0,0.0,0.0,0.0,0.0,0.0,0.0,0.0,0.0,0.0,0.0,0.0,0.0,0.0,0.0,0.0,0.0,0.0,0.0,0.0,0.0,0.0
1.0,ホットケーキ,"

木綿豆腐だけのカリッとホットケーキ風


",0.0,0.0,0.0,0.0,0.4757857620716095,0.0,0.0,0.0,0.0,0.0,0.0,0.0,0.0,0.0,0.0,0.30723094940185547,0.0,0.0,0.0,0.0,0.0,0.0,0.40155911445617676,0.0,0.46588391065597534,0.0,0.0,0.0,0.0,0.0,0.0,0.0,0.0,0.0,0.0,0.0,0.0,0.0,0.0,0.0,0.0,0.0,0.5485795736312866,0.0,0.0,0.0,0.0,0.0
1.0,ホットケーキ,"

炊飯器で厚焼ホットケーキ


",0.0,0.0,0.0,0.0,0.0,0.0,0.0,0.0,0.0,0.0,0.0,0.0,0.0,0.0,0.0,0.0,0.0,0.0,0.0,0.0,0.0,0.0,0.0,0.0,0.0,0.0,0.0,0.0,0.0,0.0,0.0,0.0,0.0,0.0,0.0,0.0,0.0,0.0,0.0,0.0,0.0,0.0,0.0,0.0,0.0,0.0,0.0,0.0
1.0,ホットケーキ,"

キウイ入りしっとりホットケーキ


",0.0,0.0,0.0,0.0,0.0,0.0,0.0,0.0,0.0,0.0,0.0,0.0,0.0,0.0,0.0,0.0,0.0,0.0,0.0,0.0,0.0,0.0,0.0,0.0,0.0,0.0,0.0,0.0,0.0,0.0,0.0,0.0,0.0,0.0,0.0,0.0,0.0,0.0,1.0,0.0,0.0,0.0,0.0,0.0,0.0,0.0,0.0,0.0
1.0,ホットケーキ,"

バナナのホットケーキ♪


",0.0,0.0,0.0,0.0,0.0,0.0,0.0,0.0,0.0,0.0,0.0,0.5251267552375793,0.0,0.0,0.0,0.0,0.0,0.0,0.0,0.6093056201934814,0.0,0.0,0.0,0.0,0.0,0.0,0.0,0.0,0.0,0.0,0.0,0.594128429889679,0.0,0.0,0.0,0.0,0.0,0.0,0.0,0.0,0.0,0.0,0.0,0.0,0.0,0.0,0.0,0.0
1.0,ホットケーキ,"

ふわふわもちもち簡単ホットケーキ


",0.0,0.0,0.0,0.0,0.0,0.0,0.0,0.0,0.0,0.0,0.0,0.0,0.0,0.0,0.0,0.0,0.0,0.0,0.0,0.0,0.0,0.0,0.9208553433418274,0.0,0.0,0.0,0.0,0.0,0.0,0.0,0.0,0.3899044394493103,0.0,0.0,0.0,0.0,0.0,0.0,0.0,0.0,0.0,0.0,0.0,0.0,0.0,0.0,0.0,0.0
1.0,ホットケーキ,"

グルテンフリー  米粉のホットケーキ


",0.0,0.0,0.0,0.0,0.0,0.0,0.0,0.0,0.0,0.0,0.0,0.0,0.1883874088525772,0.0,0.0,0.0,0.0,0.7208682298660278,0.0,0.0,0.634878396987915,0.0,0.0,0.20442263782024384,0.0,0.0,0.0,0.0,0.0,0.0,0.0,0.0,0.0,0.0,0.0,0.0,0.0,0.0,0.0,0.0,0.0,0.0,0.0,0.0,0.0,0.0,0.0,0.0
1.0,ホットケーキ,"

満腹しあわせあんこのホットケーキ


",0.0,0.0,0.0,0.0,0.0,0.0,0.0,0.0,0.0,0.0,0.0,0.0,0.0,0.0,0.0,0.0,0.0,0.0,0.0,0.0,0.0,0.0,0.0,0.0,0.0,0.0,0.0,0.7373238801956177,0.0,0.0,0.0,0.6755393743515015,0.0,0.0,0.0,0.0,0.0,0.0,0.0,0.0,0.0,0.0,0.0,0.0,0.0,0.0,0.0,0.0
1.0,ホットケーキ,"

ホットケーキ生地　


",0.0,0.2268952578306198,0.0,0.0,0.0,0.29129230976104736,0.402570903301239,0.0,0.0,0.0,0.0,0.0,0.0,0.0,0.0,0.27619171142578125,0.0,0.0,0.0,0.0,0.3175835609436035,0.0,0.0,0.0,0.0,0.0,0.0,0.0,0.0,0.0,0.0,0.3056975305080414,0.0,0.48364126682281494,0.0,0.0,0.0,0.0,0.0,0.0,0.0,0.0,0.0,0.44396278262138367,0.0,0.0,0.0,0.0
1.0,ホットケーキ,"

定番。ほうれん草の大きなホットケーキ


",0.0,0.0,0.361894816160202,0.0,0.0,0.0,0.0,0.0,0.0,0.0,0.0,0.0,0.0,0.0,0.0,0.0,0.0,0.0,0.0,0.46268999576568604,0.0,0.0,0.0,0.3018351197242737,0.0,0.0,0.0,0.0,0.0,0.0,0.0,0.0,0.0,0.0,0.0,0.0,0.0,0.0,0.0,0.0,0.7508965730667114,0.0,0.0,0.0,0.0,0.0,0.0,0.0
1.0,ホットケーキ,"

でかふわホットケーキ


",0.0,0.326530784368515,0.0,0.5584369897842407,0.0,0.0,0.0,0.0,0.0,0.0,0.0,0.0,0.27123644948005676,0.0,0.0,0.0,0.0,0.0,0.0,0.0,0.0,0.6490994691848755,0.0,0.2943236529827118,0.0,0.0,0.0,0.0,0.0,0.0,0.0,0.0,0.0,0.0,0.0,0.0,0.0,0.0,0.0,0.0,0.0,0.0,0.0,0.0,0.0,0.0,0.0,0.0
1.0,ホットケーキ,"

冷めても美味しいホットケーキ


",0.0,0.0,0.0,0.0,0.0,0.0,0.0,0.0,0.0,0.0,0.0,0.0,0.0,0.0,0.0,0.0,0.0,0.0,0.0,0.0,0.0,0.0,0.0,0.0,0.0,0.0,0.0,0.0,0.0,0.0,0.0,0.0,0.0,0.0,0.0,0.0,0.0,0.0,0.0,0.0,0.0,0.0,0.0,0.0,0.0,0.0,0.0,0.0
1.0,ホットケーキ,"

HM不使用！ホットケーキ


",0.0,0.2777078151702881,0.0,0.0,0.0,0.0,0.49272552132606506,0.0,0.0,0.0,0.0,0.0,0.23068109154701233,0.0,0.0,0.0,0.0,0.0,0.0,0.0,0.0,0.0,0.0,0.0,0.0,0.5758617520332336,0.0,0.0,0.0,0.0,0.0,0.0,0.0,0.0,0.0,0.0,0.0,0.0,0.0,0.0,0.0,0.0,0.0,0.5433869361877441,0.0,0.0,0.0,0.0
1.0,ホットケーキ,"

生おからホットケーキ☆ＨＭ無　小麦粉無


",0.0,0.0,0.32559072971343994,0.0,0.5679237842559814,0.0,0.5345340371131897,0.0,0.0,0.0,0.0,0.0,0.0,0.0,0.0,0.0,0.0,0.0,0.0,0.0,0.0,0.0,0.0,0.0,0.0,0.0,0.5345340371131897,0.0,0.0,0.0,0.0,0.0,0.0,0.0,0.0,0.0,0.0,0.0,0.0,0.0,0.0,0.0,0.0,0.0,0.0,0.0,0.0,0.0
1.0,ホットケーキ,"

泡立て不要☆ふわふわホットケーキ


",0.0,0.43019476532936096,0.0,0.0,0.0,0.0,0.0,0.0,0.0,0.0,0.0,0.0,0.3573460876941681,0.0,0.0,0.0,0.0,0.0,0.0,0.0,0.0,0.0,0.0,0.0,0.0,0.0,0.0,0.0,0.0,0.0,0.0,0.0,0.0,0.0,0.0,0.0,0.0,0.0,0.0,0.8289971351623535,0.0,0.0,0.0,0.0,0.0,0.0,0.0,0.0
1.0,ホットケーキ,"

にんじんとスナップえんどうのホットケーキ


",0.0,0.0,0.0,0.0,0.0,0.818424642086029,0.0,0.0,0.0,0.0,0.0,0.0,0.0,0.0,0.0,0.0,0.0,0.0,0.0,0.0,0.0,0.0,0.0,0.5746139287948608,0.0,0.0,0.0,0.0,0.0,0.0,0.0,0.0,0.0,0.0,0.0,0.0,0.0,0.0,0.0,0.0,0.0,0.0,0.0,0.0,0.0,0.0,0.0,0.0
1.0,ホットケーキ,"

ミックスベジタブルのホットケーキ


",0.0,0.0,0.0,0.0,0.0,0.0,0.0,0.0,0.0,0.0,0.0,0.0,0.0,0.0,0.45750153064727783,0.0,0.0,0.0,0.0,0.0,0.0,0.0,0.0,0.0,0.0,0.0,0.0,0.38634032011032104,0.0,0.5353891849517822,0.0,0.0,0.0,0.0,0.0,0.0,0.0,0.0,0.0,0.0,0.0,0.0,0.0,0.0,0.0,0.0,0.5956441164016724,0.0
1.0,ホットケーキ,"

カボチャと長芋ホットケーキ


",0.0,0.0,0.0,0.0,0.0,0.7331594228744507,0.0,0.0,0.0,0.0,0.0,0.6800568103790283,0.0,0.0,0.0,0.0,0.0,0.0,0.0,0.0,0.0,0.0,0.0,0.0,0.0,0.0,0.0,0.0,0.0,0.0,0.0,0.0,0.0,0.0,0.0,0.0,0.0,0.0,0.0,0.0,0.0,0.0,0.0,0.0,0.0,0.0,0.0,0.0
1.0,ホットケーキ,"

ウインナー入りトースターでホットケーキ


",0.0,0.0,0.0,0.0,0.0,0.0,0.0,0.0,0.0,0.0,0.0,0.0,0.0,0.0,0.0,0.0,0.0,0.0,0.0,0.0,0.0,0.0,0.5100672245025635,0.0,0.0,0.0,0.0,0.0,0.0,0.0,0.0,0.4319407641887665,0.0,0.0,0.0,0.0,0.0,0.0,0.0,0.0,0.0,0.0,0.0,0.0,0.7438135743141174,0.0,0.0,0.0
1.0,ホットケーキ,"

米粉のホットケーキ


",0.0,0.0,0.0,0.0,0.0,0.0,0.3610219359397888,0.0,0.0,0.0,0.0,0.0,0.16902095079421997,0.0,0.0,0.0,0.0,0.21558734774589539,0.0,0.0,0.2848060727119446,0.0,0.0,0.1834077388048172,0.0,0.0,0.0,0.0,0.0,0.0,0.7220438718795776,0.0,0.0,0.0,0.0,0.0,0.0,0.0,0.0,0.0,0.0,0.0,0.0,0.3981418013572693,0.0,0.0,0.0,0.0
1.0,ホットケーキ,"

ずぼらホットケーキ(洗物無くそう)


",0.0,0.0,0.0,0.0,0.0,0.0,0.0,0.0,0.0,0.0,0.0,0.0,0.0,0.0,0.0,0.0,0.0,0.0,0.0,0.0,0.0,0.0,0.0,0.0,0.0,0.0,0.0,0.0,0.0,0.0,0.0,0.0,0.0,0.0,0.0,0.0,0.0,0.0,0.0,0.0,0.0,0.0,0.0,0.0,0.0,0.0,0.0,0.0
1.0,ホットケーキ,"

ホットケーキMIXの作り方


",0.0,0.5615025162696838,0.0,0.0,0.0,0.0,0.0,0.0,0.0,0.0,0.0,0.0,0.4664183557033539,0.0,0.0,0.6834974884986877,0.0,0.0,0.0,0.0,0.0,0.0,0.0,0.0,0.0,0.0,0.0,0.0,0.0,0.0,0.0,0.0,0.0,0.0,0.0,0.0,0.0,0.0,0.0,0.0,0.0,0.0,0.0,0.0,0.0,0.0,0.0,0.0
1.0,ホットケーキ,"

焦がしたホットケーキのごまかしかた


",0.0,0.0,0.0,0.0,0.0,0.0,0.0,0.0,0.0,0.0,0.0,0.0,0.0,0.0,0.0,0.0,0.0,0.0,0.0,0.0,0.0,0.0,0.0,0.0,0.0,0.0,0.0,0.0,0.0,0.0,0.0,0.0,0.0,0.0,0.0,0.0,0.0,0.0,0.0,0.0,0.0,0.0,0.0,0.0,0.0,0.0,0.0,0.0
1.0,ホットケーキ,"

簡単.* ホットケーキ


",0.0,0.0,0.0,0.0,0.0,0.0,0.0,0.6269963383674622,0.0,0.0,0.6024041771888733,0.0,0.0,0.0,0.0,0.0,0.0,0.0,0.0,0.0,0.0,0.0,0.0,0.0,0.0,0.0,0.0,0.0,0.0,0.0,0.0,0.49394822120666504,0.0,0.0,0.0,0.0,0.0,0.0,0.0,0.0,0.0,0.0,0.0,0.0,0.0,0.0,0.0,0.0
1.0,ホットケーキ,"

少ない洗い物で作るおからホットケーキ


",0.0,0.0,0.0,0.3925574719905853,0.0,0.0,0.0,0.0,0.0,0.0,0.0,0.27334022521972656,0.19066770374774933,0.0,0.0,0.2794077396392822,0.0,0.0,0.0,0.31715720891952515,0.0,0.0,0.0,0.20689702033996582,0.42369288206100464,0.0,0.4072585105895996,0.0,0.0,0.0,0.0,0.0,0.0,0.0,0.0,0.40986666083335876,0.0,0.0,0.0,0.0,0.0,0.0,0.0,0.0,0.0,0.0,0.0,0.0
1.0,ホットケーキ,"

あまじょっぱうまホットケーキ


",0.0,0.0,0.0,0.0,0.0,0.0,0.0,0.0,0.0,0.0,0.0,0.0,0.0,0.0,0.5001136064529419,0.0,0.0,0.0,0.0,0.0,0.0,0.5708987712860107,0.0,0.0,0.0,0.0,0.0,0.0,0.0,0.0,0.0,0.0,0.0,0.0,0.0,0.0,0.0,0.0,0.0,0.0,0.0,0.0,0.0,0.0,0.0,0.0,0.6511228680610657,0.0
1.0,ホットケーキ,"

簡単ホットケーキmixで豆腐ドーナツ★☆


",0.0,0.0,0.0,0.0,0.0,0.0,0.0,0.0,0.5734520554542542,0.47689875960350037,0.0,0.0,0.0,0.0,0.0,0.0,0.0,0.23477742075920105,0.0,0.0,0.0,0.0,0.3525489270687103,0.0,0.0,0.0,0.0,0.0,0.0,0.0,0.0,0.0,0.0,0.0,0.0,0.0,0.0,0.0,0.0,0.0,0.0,0.0,0.0,0.0,0.0,0.5141100287437439,0.0,0.0
1.0,ホットケーキ,"

大きなホットケーキ２　簡単！HM＋炊飯器


",0.0,0.0,0.0,0.0,0.0,0.6898436546325684,0.0,0.0,0.0,0.0,0.0,0.0,0.0,0.0,0.0,0.0,0.0,0.0,0.0,0.0,0.0,0.0,0.0,0.0,0.0,0.0,0.0,0.0,0.0,0.0,0.0,0.7239583730697632,0.0,0.0,0.0,0.0,0.0,0.0,0.0,0.0,0.0,0.0,0.0,0.0,0.0,0.0,0.0,0.0
1.0,ホットケーキ,"

ふるわない！薄力粉で作るホットケーキ


",0.0,0.5009908676147461,0.0,0.0,0.0,0.0,0.0,0.0,0.0,0.0,0.0,0.0,0.4161536991596222,0.0,0.0,0.6098387837409973,0.0,0.0,0.0,0.0,0.0,0.0,0.0,0.45157602429389954,0.0,0.0,0.0,0.0,0.0,0.0,0.0,0.0,0.0,0.0,0.0,0.0,0.0,0.0,0.0,0.0,0.0,0.0,0.0,0.0,0.0,0.0,0.0,0.0
1.0,ホットケーキ,"

ふわふわホットケーキ


",0.0,0.0,0.0,0.0,0.0,0.0,0.0,0.0,0.0,0.0,0.0,0.0,0.37746182084083557,0.0,0.0,0.0,0.0,0.0,0.0,0.0,0.0,0.0,0.0,0.0,0.0,0.0,0.0,0.0,0.0,0.9260251522064209,0.0,0.0,0.0,0.0,0.0,0.0,0.0,0.0,0.0,0.0,0.0,0.0,0.0,0.0,0.0,0.0,0.0,0.0
1.0,ホットケーキ,"

卵なしふわもちホットケーキ


",0.0,0.0,0.5885977149009705,0.0,0.0,0.0,0.0,0.0,0.0,0.0,0.0,0.0,0.0,0.8084260821342468,0.0,0.0,0.0,0.0,0.0,0.0,0.0,0.0,0.0,0.0,0.0,0.0,0.0,0.0,0.0,0.0,0.0,0.0,0.0,0.0,0.0,0.0,0.0,0.0,0.0,0.0,0.0,0.0,0.0,0.0,0.0,0.0,0.0,0.0
1.0,ホットケーキ,"

バナナホットケーキ


",0.0,0.0,0.0,0.7197179794311523,0.0,0.0,0.0,0.0,0.0,0.0,0.0,0.0,0.0,0.0,0.0,0.0,0.0,0.0,0.0,0.5814785361289978,0.0,0.0,0.0,0.37932664155960083,0.0,0.0,0.0,0.0,0.0,0.0,0.0,0.0,0.0,0.0,0.0,0.0,0.0,0.0,0.0,0.0,0.0,0.0,0.0,0.0,0.0,0.0,0.0,0.0
1.0,ホットケーキ,"

簡単！豆腐でふわもち極厚ホットケーキ


",0.0,0.0,0.46021604537963867,0.0,0.0,0.0,0.0,0.0,0.0,0.0,0.0,0.0,0.0,0.0,0.0,0.0,0.0,0.0,0.0,0.0,0.0,0.0,0.6775133609771729,0.0,0.0,0.0,0.0,0.0,0.0,0.0,0.0,0.5737393498420715,0.0,0.0,0.0,0.0,0.0,0.0,0.0,0.0,0.0,0.0,0.0,0.0,0.0,0.0,0.0,0.0
1.0,ホットケーキ,"

令和ホットケーキ


",0.0,0.0,0.0,0.0,0.0,0.0,0.0,0.0,0.0,0.0,0.0,0.0,0.0,0.0,0.0,0.0,0.0,0.0,0.0,0.0,0.0,0.0,0.0,0.0,0.0,0.0,0.0,0.0,0.0,0.0,0.0,1.0,0.0,0.0,0.0,0.0,0.0,0.0,0.0,0.0,0.0,0.0,0.0,0.0,0.0,0.0,0.0,0.0
1.0,ホットケーキ,"

ホットケーキmix抹茶あんこ蒸しケーキ風


",0.8085633516311646,0.0,0.0,0.0,0.0,0.0,0.0,0.0,0.0,0.0,0.0,0.0,0.0,0.0,0.0,0.0,0.0,0.0,0.0,0.0,0.0,0.0,0.0,0.0,0.0,0.0,0.0,0.5884091258049011,0.0,0.0,0.0,0.0,0.0,0.0,0.0,0.0,0.0,0.0,0.0,0.0,0.0,0.0,0.0,0.0,0.0,0.0,0.0,0.0
1.0,ホットケーキ,"

離乳食完了期～幼児食　野菜のホットケーキ


",0.0,0.0,0.0,0.0,0.0,0.0,0.0,0.0,0.0,0.0,0.0,0.0,0.0,0.0,0.7909145355224609,0.0,0.0,0.0,0.0,0.0,0.0,0.0,0.0,0.0,0.0,0.0,0.0,0.0,0.0,0.0,0.0,0.6119266748428345,0.0,0.0,0.0,0.0,0.0,0.0,0.0,0.0,0.0,0.0,0.0,0.0,0.0,0.0,0.0,0.0
1.0,ホットケーキ,"

おからと冷凍ベリーのホットケーキ


",0.0,0.0,0.0,0.0,0.0,0.0,0.0,0.0,0.0,0.0,0.0,0.0,0.0,0.0,0.0,0.0,0.0,0.0,0.0,0.0,0.0,0.0,0.0,0.0,0.0,0.0,1.0,0.0,0.0,0.0,0.0,0.0,0.0,0.0,0.0,0.0,0.0,0.0,0.0,0.0,0.0,0.0,0.0,0.0,0.0,0.0,0.0,0.0
1.0,ホットケーキ,"

ふっくらホットケーキ


",0.0,0.0,0.0,0.0,0.0,0.0,0.0,0.0,0.0,0.0,0.0,0.0,0.0,0.0,0.0,0.0,0.0,0.0,0.0,0.0,0.0,0.0,0.0,0.6421282291412354,0.0,0.0,0.0,0.0,0.0,0.0,0.0,0.0,0.0,0.0,0.0,0.0,0.7665972709655762,0.0,0.0,0.0,0.0,0.0,0.0,0.0,0.0,0.0,0.0,0.0
1.0,ホットケーキ,"

林檎と蜂蜜のホットケーキ


",0.0,0.0,0.0,1.0,0.0,0.0,0.0,0.0,0.0,0.0,0.0,0.0,0.0,0.0,0.0,0.0,0.0,0.0,0.0,0.0,0.0,0.0,0.0,0.0,0.0,0.0,0.0,0.0,0.0,0.0,0.0,0.0,0.0,0.0,0.0,0.0,0.0,0.0,0.0,0.0,0.0,0.0,0.0,0.0,0.0,0.0,0.0,0.0
1.0,ホットケーキ,"

超簡単！牛乳なしのさっぱりホットケーキ！


",0.0,0.0,0.0,0.0,0.0,0.0,0.0,0.0,0.0,0.0,0.0,0.0,0.0,0.0,0.0,0.0,0.0,0.0,0.0,0.0,0.0,0.0,0.0,0.0,0.0,0.0,0.0,1.0,0.0,0.0,0.0,0.0,0.0,0.0,0.0,0.0,0.0,0.0,0.0,0.0,0.0,0.0,0.0,0.0,0.0,0.0,0.0,0.0
1.0,ホットケーキ,"

旬のイチゴのホットケーキ


",0.0,0.0,0.0,0.0,0.5943669080734253,0.0,0.0,0.0,0.0,0.0,0.0,0.0,0.0,0.0,0.0,0.0,0.0,0.33406394720077515,0.0,0.0,0.0,0.0,0.0,0.0,0.0,0.0,0.0,0.0,0.0,0.0,0.0,0.0,0.0,0.0,0.0,0.0,0.0,0.0,0.0,0.0,0.0,0.0,0.0,0.0,0.0,0.7315253019332886,0.0,0.0
1.0,ホットケーキ,"

卵と砂糖と薄力粉だけ。ホットケーキ？


",0.0,0.5959950089454651,0.0,0.0,0.0,0.0,0.0,0.0,0.0,0.0,0.0,0.0,0.0,0.0,0.0,0.0,0.0,0.0,0.0,0.0,0.0,0.0,0.0,0.0,0.0,0.0,0.0,0.0,0.0,0.0,0.0,0.8029881119728088,0.0,0.0,0.0,0.0,0.0,0.0,0.0,0.0,0.0,0.0,0.0,0.0,0.0,0.0,0.0,0.0
1.0,ホットケーキ,"

ふわふわおやつ！米粉でホットケーキ


",0.0,0.0,0.0,0.0,0.0,0.0,0.0,0.0,0.3153464198112488,0.0,0.0,0.0,0.202439084649086,0.0,0.0,0.0,0.0,0.2582124173641205,0.0,0.0,0.3411167562007904,0.0,0.0,0.0,0.0,0.0,0.0,0.35838067531585693,0.0,0.0,0.0,0.0,0.0,0.0,0.0,0.0,0.0,0.5723190903663635,0.0,0.46963274478912354,0.0,0.0,0.0,0.0,0.0,0.0,0.0,0.0
1.0,ホットケーキ,"

硬めのホットケーキ卵のせ


",0.0,1.0,0.0,0.0,0.0,0.0,0.0,0.0,0.0,0.0,0.0,0.0,0.0,0.0,0.0,0.0,0.0,0.0,0.0,0.0,0.0,0.0,0.0,0.0,0.0,0.0,0.0,0.0,0.0,0.0,0.0,0.0,0.0,0.0,0.0,0.0,0.0,0.0,0.0,0.0,0.0,0.0,0.0,0.0,0.0,0.0,0.0,0.0
1.0,ホットケーキ,"

Mix粉不使用の腹割れホットケーキ


",0.0,0.0,0.0,0.0,0.0,0.7331594228744507,0.0,0.0,0.0,0.0,0.0,0.6800568103790283,0.0,0.0,0.0,0.0,0.0,0.0,0.0,0.0,0.0,0.0,0.0,0.0,0.0,0.0,0.0,0.0,0.0,0.0,0.0,0.0,0.0,0.0,0.0,0.0,0.0,0.0,0.0,0.0,0.0,0.0,0.0,0.0,0.0,0.0,0.0,0.0
1.0,ホットケーキ,"

自家製ホットcakeミックス


",0.0,0.4542621374130249,0.0,0.0,0.0,0.0,0.0,0.0,0.5877924561500549,0.0,0.0,0.0,0.3773379325866699,0.0,0.0,0.5529575347900391,0.0,0.0,0.0,0.0,0.0,0.0,0.0,0.0,0.0,0.0,0.0,0.0,0.0,0.0,0.0,0.0,0.0,0.0,0.0,0.0,0.0,0.0,0.0,0.0,0.0,0.0,0.0,0.0,0.0,0.0,0.0,0.0
1.0,ホットケーキ,"

簡単蒸しホットケーキ


",0.0,0.0,0.3184554874897003,0.0,0.0,0.0,0.0,0.0,0.0,0.0,0.0,0.0,0.0,0.0,0.0,0.0,0.0,0.0,0.0,0.0,0.0,0.0,0.4688185751438141,0.0,0.0,0.0,0.0,0.4333204925060272,0.0,0.0,0.0,0.0,0.0,0.0,0.7007343173027039,0.0,0.0,0.0,0.0,0.0,0.0,0.0,0.0,0.0,0.0,0.0,0.0,0.0
1.0,ホットケーキ,"

米粉のホットケーキ！小麦乳卵なし♪


",0.0,0.0,0.5028231143951416,0.0,0.0,0.0,0.0,0.0,0.0,0.0,0.0,0.0,0.0,0.3453082740306854,0.0,0.0,0.0,0.24647805094718933,0.0,0.0,0.3256148397922516,0.0,0.0,0.0,0.0,0.0,0.0,0.34209421277046204,0.0,0.0,0.0,0.31342822313308716,0.0,0.4958719313144684,0.0,0.0,0.0,0.0,0.0,0.0,0.0,0.0,0.0,0.0,0.0,0.0,0.0,0.0
1.0,ホットケーキ,"

材料三つ！もちもちの抹茶ホットケーキ


",0.8818092942237854,0.0,0.47160619497299194,0.0,0.0,0.0,0.0,0.0,0.0,0.0,0.0,0.0,0.0,0.0,0.0,0.0,0.0,0.0,0.0,0.0,0.0,0.0,0.0,0.0,0.0,0.0,0.0,0.0,0.0,0.0,0.0,0.0,0.0,0.0,0.0,0.0,0.0,0.0,0.0,0.0,0.0,0.0,0.0,0.0,0.0,0.0,0.0,0.0
1.0,ホットケーキ,"

ヘルシオで厚焼きホットケーキ


",0.0,0.0,0.0,0.0,0.0,0.3973654508590698,0.0,0.0,0.0,0.0,0.0,0.0,0.0,0.0,0.0,0.0,0.0,0.0,0.0,0.0,0.0,0.0,0.0,0.0,0.5713266134262085,0.0,0.0,0.0,0.7181131839752197,0.0,0.0,0.0,0.0,0.0,0.0,0.0,0.0,0.0,0.0,0.0,0.0,0.0,0.0,0.0,0.0,0.0,0.0,0.0
1.0,ホットケーキ,"

枝豆のホットケーキ


",0.0,0.0,0.0,0.0,0.0,0.0,0.0,0.0,0.0,0.0,0.0,0.0,0.0,0.0,0.0,0.0,0.0,0.0,0.0,0.0,0.0,0.0,0.0,0.0,0.0,0.0,0.0,0.0,0.0,0.0,0.0,0.0,0.0,0.0,0.0,0.0,0.0,0.0,0.0,0.0,0.0,0.0,0.0,0.0,0.0,0.0,0.0,0.0
1.0,ホットケーキ,"

ホイップマリームのせホットケーキ


",0.0,0.0,0.0,0.0,0.0,1.0,0.0,0.0,0.0,0.0,0.0,0.0,0.0,0.0,0.0,0.0,0.0,0.0,0.0,0.0,0.0,0.0,0.0,0.0,0.0,0.0,0.0,0.0,0.0,0.0,0.0,0.0,0.0,0.0,0.0,0.0,0.0,0.0,0.0,0.0,0.0,0.0,0.0,0.0,0.0,0.0,0.0,0.0
1.0,ホットケーキ,"

ベジートでホットケーキ


",0.0,0.0,0.0,0.0,0.0,0.0,0.0,0.0,0.0,0.0,0.0,0.0,0.0,0.0,0.0,0.0,0.0,0.0,0.0,0.0,0.0,0.0,0.0,0.0,0.0,0.0,0.0,0.548385739326477,0.0,0.0,0.0,0.0,0.0,0.0,0.0,0.0,0.0,0.0,0.0,0.0,0.8362255096435547,0.0,0.0,0.0,0.0,0.0,0.0,0.0
1.0,ホットケーキ,"

むしパン&ホットケーキ


",0.0,0.5451956391334534,0.0,0.0,0.0,0.0,0.0,0.0,0.7054558396339417,0.0,0.0,0.0,0.4528728425502777,0.0,0.0,0.0,0.0,0.0,0.0,0.0,0.0,0.0,0.0,0.0,0.0,0.0,0.0,0.0,0.0,0.0,0.0,0.0,0.0,0.0,0.0,0.0,0.0,0.0,0.0,0.0,0.0,0.0,0.0,0.0,0.0,0.0,0.0,0.0
1.0,ホットケーキ,"

りんごホットケーキ


",0.0,0.0,0.0,0.0,1.0,0.0,0.0,0.0,0.0,0.0,0.0,0.0,0.0,0.0,0.0,0.0,0.0,0.0,0.0,0.0,0.0,0.0,0.0,0.0,0.0,0.0,0.0,0.0,0.0,0.0,0.0,0.0,0.0,0.0,0.0,0.0,0.0,0.0,0.0,0.0,0.0,0.0,0.0,0.0,0.0,0.0,0.0,0.0
1.0,ホットケーキ,"

簡単！小麦粉不使用☆厚~いホットケーキ


",0.0,0.0,0.0,0.0,0.0,0.0,0.0,0.0,0.0,0.0,0.0,0.0,0.0,0.0,0.0,0.0,0.0,0.0,0.0,0.0,0.0,0.0,0.0,0.0,0.8077220916748047,0.0,0.0,0.0,0.0,0.0,0.0,0.5895633697509766,0.0,0.0,0.0,0.0,0.0,0.0,0.0,0.0,0.0,0.0,0.0,0.0,0.0,0.0,0.0,0.0
1.0,ホットケーキ,"

マリームホイップ入りふわふわホットケーキ


",0.0,0.0,0.0,0.0,0.0,0.0,0.0,0.0,0.0,0.0,0.0,0.0,0.0,0.0,0.0,0.0,0.0,0.0,0.0,0.0,0.0,0.0,0.0,0.0,0.0,0.0,0.0,0.0,0.0,0.0,0.0,0.0,0.0,0.0,0.0,0.0,0.0,0.0,0.0,0.0,0.0,0.0,0.0,0.0,0.0,1.0,0.0,0.0
1.0,ホットケーキ,"

モチモチホットケーキ


",0.0,0.0,0.0,0.0,0.0,0.0,0.0,0.0,0.0,0.0,0.0,0.0,0.0,0.0,0.0,0.0,0.0,0.0,0.0,0.0,0.0,0.0,0.0,0.0,0.0,0.0,0.0,0.0,0.0,0.6802857518196106,0.0,0.0,0.0,0.0,0.0,0.0,0.0,0.0,0.7329469919204712,0.0,0.0,0.0,0.0,0.0,0.0,0.0,0.0,0.0
1.0,ホットケーキ,"

ホットケーキの生地


",0.0,0.0,0.0,0.0,0.0,0.0,0.0,0.0,0.0,0.0,0.0,0.6285132765769958,0.4384176731109619,0.0,0.0,0.642464816570282,0.0,0.0,0.0,0.0,0.0,0.0,0.0,0.0,0.0,0.0,0.0,0.0,0.0,0.0,0.0,0.0,0.0,0.0,0.0,0.0,0.0,0.0,0.0,0.0,0.0,0.0,0.0,0.0,0.0,0.0,0.0,0.0
1.0,ホットケーキ,"

簡単 カップdeホットケーキ


",0.0,0.0,0.0,0.0,0.0,0.0,0.0,0.0,0.0,0.0,0.0,0.0,0.0,0.0,1.0,0.0,0.0,0.0,0.0,0.0,0.0,0.0,0.0,0.0,0.0,0.0,0.0,0.0,0.0,0.0,0.0,0.0,0.0,0.0,0.0,0.0,0.0,0.0,0.0,0.0,0.0,0.0,0.0,0.0,0.0,0.0,0.0,0.0
1.0,ホットケーキ,"

ふっくら蒸しパンケーキ～きなこ風味～


",0.0,0.0,1.0,0.0,0.0,0.0,0.0,0.0,0.0,0.0,0.0,0.0,0.0,0.0,0.0,0.0,0.0,0.0,0.0,0.0,0.0,0.0,0.0,0.0,0.0,0.0,0.0,0.0,0.0,0.0,0.0,0.0,0.0,0.0,0.0,0.0,0.0,0.0,0.0,0.0,0.0,0.0,0.0,0.0,0.0,0.0,0.0,0.0
1.0,ホットケーキ,"

ぶんちゃんホットケーキ


",0.0,0.0,0.0,0.0,0.0,1.0,0.0,0.0,0.0,0.0,0.0,0.0,0.0,0.0,0.0,0.0,0.0,0.0,0.0,0.0,0.0,0.0,0.0,0.0,0.0,0.0,0.0,0.0,0.0,0.0,0.0,0.0,0.0,0.0,0.0,0.0,0.0,0.0,0.0,0.0,0.0,0.0,0.0,0.0,0.0,0.0,0.0,0.0
1.0,ホットケーキ,"

たまご不使用ホットケーキ


",0.0,0.0,0.0,0.8846507668495178,0.0,0.0,0.0,0.0,0.0,0.0,0.0,0.0,0.0,0.0,0.0,0.0,0.0,0.0,0.0,0.0,0.0,0.0,0.0,0.46625426411628723,0.0,0.0,0.0,0.0,0.0,0.0,0.0,0.0,0.0,0.0,0.0,0.0,0.0,0.0,0.0,0.0,0.0,0.0,0.0,0.0,0.0,0.0,0.0,0.0
1.0,ホットケーキ,"

【もち麦ご飯の味噌味ホットケーキ】


",0.0,0.0,0.0,0.0,0.0,0.0,0.0,0.0,0.0,0.0,0.0,0.0,0.0,0.0,0.0,0.0,0.0,0.0,0.0,0.0,0.0,0.0,0.0,0.0,0.0,0.0,0.0,1.0,0.0,0.0,0.0,0.0,0.0,0.0,0.0,0.0,0.0,0.0,0.0,0.0,0.0,0.0,0.0,0.0,0.0,0.0,0.0,0.0
1.0,ホットケーキ,"

イチゴとブルーベリーのホットケーキ


",0.0,0.0,0.0,0.0,0.0,0.0,0.0,0.0,0.0,0.0,0.0,0.0,0.0,0.0,0.0,0.0,0.0,0.0,0.0,0.0,0.0,0.0,0.0,0.0,0.0,0.0,0.0,0.0,0.0,0.5721295475959778,0.0,0.0,0.0,0.0,0.0,0.0,0.0,0.0,0.6164183020591736,0.5410141348838806,0.0,0.0,0.0,0.0,0.0,0.0,0.0,0.0
1.0,ホットケーキ,"

ふくふくしたホットケーキ


",0.0,0.0,0.0,0.0,0.0,0.0,0.0,0.0,0.0,0.0,0.0,0.0,0.1852453351020813,0.3310234248638153,0.3883470594882965,0.0,0.0,0.23628166317939758,0.0,0.0,0.6242893934249878,0.0,0.0,0.0,0.41164353489875793,0.0,0.0,0.0,0.0,0.0,0.0,0.3004622161388397,0.0,0.0,0.0,0.0,0.0,0.0,0.0,0.0,0.0,0.0,0.0,0.0,0.0,0.0,0.0,0.0
1.0,ホットケーキ,"

厚焼きふわふわ♪粉から作るホットケーキ


",0.0,0.3325141966342926,0.3593551218509674,0.5686699151992798,0.0,0.0,0.0,0.0,0.0,0.0,0.0,0.0,0.0,0.0,0.0,0.0,0.0,0.0,0.0,0.0,0.0,0.660993754863739,0.0,0.0,0.0,0.0,0.0,0.0,0.0,0.0,0.0,0.0,0.0,0.0,0.0,0.0,0.0,0.0,0.0,0.0,0.0,0.0,0.0,0.0,0.0,0.0,0.0,0.0
1.0,ホットケーキ,"

生おから入りホットケーキのソフトクッキー


",0.0,0.0,0.0,0.0,0.0,0.0,0.0,0.0,0.0,0.0,0.0,0.0,0.0,0.0,0.0,0.0,0.0,0.3410091698169708,0.0,0.0,0.0,0.0,0.0,0.0,0.0,0.0,0.5710529088973999,0.0,0.0,0.0,0.0,0.0,0.0,0.0,0.0,0.0,0.0,0.0,0.0,0.0,0.0,0.0,0.0,0.0,0.0,0.7467337846755981,0.0,0.0
1.0,ホットケーキ,"

ほうれん草とバナナのホットケーキ 


",0.0,0.0,0.0,0.0,0.0,0.0,0.0,0.0,0.0,0.0,0.0,0.0,0.0,0.0,0.0,0.0,0.0,0.0,0.0,0.5245906114578247,0.0,0.0,0.0,0.0,0.0,0.0,0.0,0.0,0.0,0.0,0.0,0.0,0.0,0.0,0.0,0.0,0.0,0.0,0.0,0.0,0.8513546586036682,0.0,0.0,0.0,0.0,0.0,0.0,0.0
1.0,ホットケーキ,"

小麦粉ふわふわパンケーキ(ホットケーキ)


",0.0,0.0,0.0,0.0,0.0,0.0,0.0,0.0,0.0,0.0,0.0,0.4278859496116638,0.0,0.0,0.0,0.0,0.0,0.0,0.0,0.0,0.0,0.0,0.0,0.32387596368789673,0.0,0.0,0.0,0.0,0.0,0.0,0.0,0.0,0.0,0.0,0.0,0.0,0.0,0.843811571598053,0.0,0.0,0.0,0.0,0.0,0.0,0.0,0.0,0.0,0.0
1.0,ホットケーキ,"

ふわふわホットケーキ


",0.0,0.0,0.0,0.0,0.0,0.0,0.0,0.7211070656776428,0.0,0.0,0.6928236484527588,0.0,0.0,0.0,0.0,0.0,0.0,0.0,0.0,0.0,0.0,0.0,0.0,0.0,0.0,0.0,0.0,0.0,0.0,0.0,0.0,0.0,0.0,0.0,0.0,0.0,0.0,0.0,0.0,0.0,0.0,0.0,0.0,0.0,0.0,0.0,0.0,0.0
1.0,ホットケーキ,"

手作りあんこたっぷりのせ！ホットケーキ♪


",0.0,0.0,0.0,0.0,0.0,0.39476966857910156,0.0,0.0,0.7957701683044434,0.0,0.0,0.3661765456199646,0.0,0.0,0.0,0.0,0.0,0.0,0.0,0.0,0.0,0.0,0.0,0.27716681361198425,0.0,0.0,0.0,0.0,0.0,0.0,0.0,0.0,0.0,0.0,0.0,0.0,0.0,0.0,0.0,0.0,0.0,0.0,0.0,0.0,0.0,0.0,0.0,0.0
1.0,ホットケーキ,"

カラフルホットケーキ


",0.0,0.0,0.0,0.0,0.0,0.0,0.0,0.0,0.0,0.0,0.0,0.0,0.0,0.0,0.0,0.0,0.0,0.0,0.0,0.0,0.0,0.0,0.0,0.0,0.0,0.0,0.0,0.0,0.0,0.0,0.0,0.0,0.0,0.0,0.0,0.0,0.0,0.0,0.0,0.0,0.0,0.0,0.0,0.0,0.0,0.0,0.0,0.0
1.0,ホットケーキ,"

ホットケーキをそば粉で☆栄養満点ヘルシー


",0.0,0.0,0.25357192754745483,0.0,0.0,0.0,0.0,0.0,0.0,0.0,0.0,0.0,0.19489984214305878,0.3482755124568939,0.0,0.28560957312583923,0.0,0.24859604239463806,0.5319594740867615,0.0,0.0,0.0,0.0,0.0,0.0,0.0,0.0,0.0,0.0,0.0,0.0,0.31612151861190796,0.0,0.5001329779624939,0.0,0.0,0.0,0.0,0.0,0.0,0.0,0.0,0.0,0.0,0.0,0.0,0.0,0.0
1.0,ホットケーキ,"

離乳食後期～甘～いコーンホットケーキ☆


",0.0,0.0,0.0,0.0,0.0,0.0,0.0,0.0,0.0,0.0,0.0,0.0,0.0,0.0,0.0,0.0,0.0,0.0,0.0,0.0,0.0,0.0,0.0,0.0,0.0,0.0,0.0,0.0,0.0,0.0,0.0,0.0,0.0,0.0,0.0,0.0,0.0,0.0,0.0,0.0,0.0,0.0,0.0,0.0,0.0,0.0,0.0,0.0
1.0,ホットケーキ,"

簡単ホットケーキmixでりんごマフィン


",0.0,0.0,0.0,0.0,0.0,1.0,0.0,0.0,0.0,0.0,0.0,0.0,0.0,0.0,0.0,0.0,0.0,0.0,0.0,0.0,0.0,0.0,0.0,0.0,0.0,0.0,0.0,0.0,0.0,0.0,0.0,0.0,0.0,0.0,0.0,0.0,0.0,0.0,0.0,0.0,0.0,0.0,0.0,0.0,0.0,0.0,0.0,0.0
1.0,ホットケーキ,"

残ったパン粉のホットケーキ（パンケーキ）


",0.0,0.0,0.0,0.0,0.0,0.0,0.5165656208992004,0.0,0.0,0.0,0.0,0.0,0.0,0.0,0.0,0.0,0.0,0.0,0.0,0.0,0.0,0.0,0.0,0.0,0.0,0.0,0.0,0.0,0.0,0.0,0.0,0.0,0.0,0.0,0.0,0.0,0.0,0.0,0.6392391324043274,0.0,0.0,0.0,0.0,0.5696782469749451,0.0,0.0,0.0,0.0
1.0,ホットケーキ,"

ホットケーキのフルーツバーガー！


",0.0,0.0,0.0,0.0,0.0,0.0,0.0,0.0,0.0,0.0,0.0,0.0,0.0,0.0,0.0,0.0,0.0,0.0,0.0,0.0,0.0,0.0,0.0,0.0,0.0,0.0,0.0,0.0,0.0,0.0,0.0,0.0,0.0,0.0,0.0,0.0,0.0,0.0,0.0,0.0,0.0,0.0,0.0,0.0,0.0,0.0,0.0,0.0
1.0,ホットケーキ,"

簡単ホットケーキ


",0.0,0.261666864156723,0.0,0.0,0.0,0.0,0.0,0.0,0.0,0.0,0.0,0.0,0.0,0.0,0.0,0.0,0.0,0.27723968029022217,0.0,0.0,0.0,0.5201587080955505,0.0,0.0,0.0,0.0,0.0,0.0,0.6070928573608398,0.0,0.46426475048065186,0.0,0.0,0.0,0.0,0.0,0.0,0.0,0.0,0.0,0.0,0.0,0.0,0.0,0.0,0.0,0.0,0.0
1.0,ホットケーキ,"

ふわふわ　ホットケーキ♪


",0.0,0.0,0.0,0.0,0.0,0.47805550694465637,0.0,0.0,0.0,0.0,0.0,0.0,0.0,0.0,0.6484424471855164,0.0,0.0,0.0,0.0,0.0,0.0,0.0,0.592440128326416,0.0,0.0,0.0,0.0,0.0,0.0,0.0,0.0,0.0,0.0,0.0,0.0,0.0,0.0,0.0,0.0,0.0,0.0,0.0,0.0,0.0,0.0,0.0,0.0,0.0
1.0,ホットケーキ,"

炭酸水でホットケーキ　


",0.0,0.46724173426628113,0.0,0.0,0.0,0.0,0.0,0.0,0.0,0.0,0.0,0.5564061999320984,0.0,0.0,0.0,0.0,0.0,0.0,0.0,0.0,0.0,0.0,0.0,0.0,0.0,0.0,0.0,0.6870933771133423,0.0,0.0,0.0,0.0,0.0,0.0,0.0,0.0,0.0,0.0,0.0,0.0,0.0,0.0,0.0,0.0,0.0,0.0,0.0,0.0
1.0,ホットケーキ,"

三色ホットケーキ


",0.0,0.0,0.0,0.0,0.0,0.0,0.0,0.0,0.0,0.0,0.0,0.0,0.0,0.0,0.0,0.0,0.0,0.0,0.0,0.0,0.0,0.0,0.0,0.0,0.0,0.0,0.0,0.0,0.0,0.0,0.0,0.0,0.0,0.0,0.0,0.0,0.0,0.0,0.0,0.0,0.0,0.0,0.0,0.0,0.0,0.0,0.0,0.0
1.0,ホットケーキ,"

ふんわりホットケーキ(●´ω`●)


",0.0,0.0,0.0,0.7855214476585388,0.0,0.0,0.0,0.0,0.0,0.0,0.0,0.0,0.0,0.0,0.0,0.0,0.0,0.0,0.0,0.0,0.0,0.0,0.0,0.0,0.0,0.0,0.0,0.0,0.0,0.0,0.0,0.6188344359397888,0.0,0.0,0.0,0.0,0.0,0.0,0.0,0.0,0.0,0.0,0.0,0.0,0.0,0.0,0.0,0.0
1.0,ホットケーキ,"

簡単♪「バナナとほうれん草のケーキ」


",0.0,0.0,0.0,0.0,0.42527469992637634,0.0,0.0,0.0,0.0,0.0,0.0,0.0,0.0,0.0,0.0,0.0,0.0,0.0,0.0,0.31171610951423645,0.3157697021961212,0.0,0.0,0.0,0.0,0.0,0.0,0.0,0.0,0.0,0.0,0.30395156145095825,0.0,0.0,0.0,0.0,0.0,0.0,0.0,0.0,0.5058820247650146,0.0,0.0,0.0,0.0,0.5234127044677734,0.0,0.0
1.0,ホットケーキ,"

炊飯器で簡単！小麦粉ホットケーキ


",0.0,0.0,0.0,0.0,0.0,0.0,0.0,0.0,0.0,0.0,0.0,0.41030484437942505,0.286206990480423,0.0,0.0,0.0,0.0,0.0,0.0,0.0,0.0,0.0,0.0,0.0,0.0,0.0,0.0,0.5066761374473572,0.0,0.7021501660346985,0.0,0.0,0.0,0.0,0.0,0.0,0.0,0.0,0.0,0.0,0.0,0.0,0.0,0.0,0.0,0.0,0.0,0.0
1.0,ホットケーキ,"

甘酒ホットケーキ


",0.0,0.0,0.0,0.0,0.0,0.0,0.0,0.0,0.0,0.0,0.0,0.0,0.0,0.0,0.0,0.0,0.0,0.0,0.0,0.0,0.0,0.0,0.0,0.0,0.0,0.0,0.0,0.0,0.0,0.0,0.0,0.0,0.0,0.0,0.0,0.0,0.0,0.0,0.0,0.0,0.0,0.0,0.0,0.0,0.0,0.0,0.0,0.0
1.0,ホットケーキ,"

バランスキューブでホットケーキ


",0.0,0.0,0.0,0.0,0.0,0.0,0.0,0.0,0.0,0.0,0.0,0.0,0.0,0.0,0.0,0.0,0.0,0.0,0.0,1.0,0.0,0.0,0.0,0.0,0.0,0.0,0.0,0.0,0.0,0.0,0.0,0.0,0.0,0.0,0.0,0.0,0.0,0.0,0.0,0.0,0.0,0.0,0.0,0.0,0.0,0.0,0.0,0.0
1.0,ホットケーキ,"

厚焼きホットケーキ


",0.0,0.0,1.0,0.0,0.0,0.0,0.0,0.0,0.0,0.0,0.0,0.0,0.0,0.0,0.0,0.0,0.0,0.0,0.0,0.0,0.0,0.0,0.0,0.0,0.0,0.0,0.0,0.0,0.0,0.0,0.0,0.0,0.0,0.0,0.0,0.0,0.0,0.0,0.0,0.0,0.0,0.0,0.0,0.0,0.0,0.0,0.0,0.0
1.0,ホットケーキ,"

スイーツで鉄分♪ほうれん草のホットケーキ


",0.0,0.0,0.37959927320480347,0.0,0.0,0.0,0.0,0.0,0.0,0.0,0.0,0.0,0.0,0.0,0.0,0.0,0.0,0.0,0.0,0.48532551527023315,0.0,0.0,0.0,0.0,0.0,0.0,0.0,0.0,0.0,0.0,0.0,0.0,0.0,0.0,0.0,0.0,0.0,0.0,0.0,0.0,0.7876315712928772,0.0,0.0,0.0,0.0,0.0,0.0,0.0
1.0,ホットケーキ,"

離乳食後期 卵不使用のホットケーキ


",0.0,0.0,0.0,0.0,0.0,0.0,0.0,0.0,0.0,0.0,0.0,0.4457700252532959,0.31094563007354736,0.0,0.0,0.0,0.0,0.0,0.0,0.0,0.0,0.0,0.0,0.0,0.0,0.0,0.0,0.0,0.0,0.0,0.0,0.0,0.0,0.0,0.0,0.0,0.0,0.0,0.0,0.0,0.8394057154655457,0.0,0.0,0.0,0.0,0.0,0.0,0.0
1.0,ホットケーキ,"

ホットケーキ粉でシフォンケーキ(^O^)


",0.0,0.0,0.0,0.0,0.0,0.20879118144512177,0.0,0.2781369090080261,0.4208778142929077,0.7000275254249573,0.26722776889801025,0.0,0.0,0.0,0.0,0.0,0.0,0.0,0.0,0.0,0.0,0.0,0.0,0.0,0.0,0.0,0.0,0.2391567826271057,0.0,0.0,0.2885529696941376,0.0,0.0,0.0,0.0,0.0,0.0,0.0,0.0,0.0,0.0,0.0,0.0,0.0,0.0,0.0,0.0,0.0
1.0,ホットケーキ,"

プーホットケーキ


",0.0,0.0,0.0,0.0,0.0,0.0,0.0,0.0,0.0,0.0,0.0,0.0,0.0,0.0,0.0,0.0,0.0,0.0,0.0,0.0,0.0,0.0,0.0,0.0,0.0,0.0,0.0,0.0,0.0,0.0,0.0,0.0,0.0,0.0,0.0,0.0,0.0,0.0,0.0,0.0,0.0,0.0,0.0,0.0,0.0,0.0,0.0,0.0
1.0,ホットケーキ,"

ふわふわホットケーキ


",0.0,0.0,0.0,0.0,0.0,0.0,0.0,0.0,0.0,0.0,0.0,0.0,0.0,0.0,0.0,0.0,0.0,0.0,0.0,0.0,0.0,0.0,0.0,0.0,0.0,0.0,0.0,0.0,0.0,0.0,0.0,0.0,0.0,0.0,0.0,0.0,0.0,0.0,0.0,1.0,0.0,0.0,0.0,0.0,0.0,0.0,0.0,0.0
1.0,ホットケーキ,"

マグカップ紅茶ケーキ(･ω･)☆


",0.0,0.0,0.0,0.0,0.0,0.0,0.0,0.0,0.0,0.0,0.0,0.0,0.0,0.0,0.0,0.0,0.0,0.0,0.0,0.0,0.0,0.0,0.0,0.0,0.0,0.0,0.0,0.0,0.0,0.0,0.0,0.0,0.0,0.0,0.0,0.0,0.0,0.0,0.0,0.0,0.0,0.0,0.0,0.0,0.0,0.0,0.0,0.0
1.0,ホットケーキ,"

大麦若葉×コーンのお野菜ホットケーキ


",0.0,0.0,0.0,0.0,0.0,0.0,0.0,0.0,0.0,0.0,0.0,0.0,0.0,0.0,0.0,0.0,0.0,0.0,0.0,0.0,0.0,0.0,0.0,1.0,0.0,0.0,0.0,0.0,0.0,0.0,0.0,0.0,0.0,0.0,0.0,0.0,0.0,0.0,0.0,0.0,0.0,0.0,0.0,0.0,0.0,0.0,0.0,0.0
1.0,ホットケーキ,"

簡単！しっかりめなホットケーキ♪


",0.0,0.0,0.0,0.4431827962398529,0.0,0.0,0.4597797095775604,0.0,0.0,0.0,0.0,0.0,0.2152567356824875,0.0,0.0,0.0,0.0,0.0,0.0,0.0,0.0,0.0,0.0,0.0,0.0,0.5373571515083313,0.0,0.0,0.0,0.0,0.0,0.0,0.0,0.0,0.0,0.0,0.0,0.0,0.0,0.0,0.0,0.0,0.0,0.5070537328720093,0.0,0.0,0.0,0.0
1.0,ホットケーキ,"

Mix不使用自家製ふんわりホットケーキ


",0.0,0.24030588567256927,0.2597036361694336,0.0,0.0,0.30850911140441895,0.0,0.0,0.6218875646591187,0.5171790719032288,0.0,0.0,0.1996127814054489,0.0,0.0,0.29251599311828613,0.0,0.0,0.0,0.0,0.0,0.0,0.0,0.0,0.0,0.0,0.0,0.0,0.0,0.0,0.0,0.0,0.0,0.0,0.0,0.0,0.0,0.0,0.0,0.0,0.0,0.0,0.0,0.0,0.0,0.0,0.0,0.0
1.0,ホットケーキ,"

しっとりふわふわホットケーキ♪


",0.0,0.0,0.0,0.0,0.0,0.0,0.0,0.0,0.0,0.0,0.0,0.0,0.0,0.0,0.0,0.0,0.0,0.0,0.0,0.0,0.0,0.0,0.0,0.0,0.0,0.0,0.0,1.0,0.0,0.0,0.0,0.0,0.0,0.0,0.0,0.0,0.0,0.0,0.0,0.0,0.0,0.0,0.0,0.0,0.0,0.0,0.0,0.0
1.0,ホットケーキ,"

幼児用バナナホットケーキ


",0.0,0.0,0.474603533744812,0.0,0.0,0.0,0.0,0.0,0.0,0.0,0.0,0.5229590535163879,0.36478859186172485,0.0,0.0,0.0,0.0,0.0,0.0,0.6067904233932495,0.0,0.0,0.0,0.0,0.0,0.0,0.0,0.0,0.0,0.0,0.0,0.0,0.0,0.0,0.0,0.0,0.0,0.0,0.0,0.0,0.0,0.0,0.0,0.0,0.0,0.0,0.0,0.0
1.0,ホットケーキ,"

ホットケーキ


",0.0,0.0,0.0,0.0,0.0,0.0,0.0,0.0,0.0,0.0,0.0,0.0,0.0,0.0,0.0,0.0,0.0,0.0,0.0,0.0,0.0,0.0,0.0,0.0,0.0,0.0,0.0,0.0,0.0,0.0,0.0,0.0,0.0,0.0,0.0,0.0,1.0,0.0,0.0,0.0,0.0,0.0,0.0,0.0,0.0,0.0,0.0,0.0
1.0,ホットケーキ,"

ふんわり♪たまごホットケーキ


",0.0,0.2720009684562683,0.0,0.0,0.0,0.3491998612880707,0.0,0.0,0.0,0.0,0.0,0.0,0.22594065964221954,0.0,0.0,0.3310973346233368,0.0,0.0,0.0,0.0,0.0,0.0,0.0,0.0,0.0,0.0,0.0,0.0,0.0,0.5542990565299988,0.0,0.0,0.0,0.5797868967056274,0.0,0.0,0.0,0.0,0.0,0.0,0.0,0.0,0.0,0.0,0.0,0.0,0.0,0.0
1.0,ホットケーキ,"

ココアホットケーキ


",0.0,0.0,0.0,0.0,0.0,0.4369780421257019,0.0,0.0,0.0,0.0,0.0,0.0,0.0,0.0,0.0,0.0,0.0,0.36063069105148315,0.0,0.47030264139175415,0.0,0.6766173839569092,0.0,0.0,0.0,0.0,0.0,0.0,0.0,0.0,0.0,0.0,0.0,0.0,0.0,0.0,0.0,0.0,0.0,0.0,0.0,0.0,0.0,0.0,0.0,0.0,0.0,0.0
1.0,ホットケーキ,"

離乳食　＊ママの手作りホットケーキ＊


",0.588843822479248,0.0,0.31492340564727783,0.0,0.0,0.0,0.0,0.0,0.0,0.0,0.0,0.34700971841812134,0.0,0.0,0.0,0.0,0.0,0.0,0.0,0.0,0.4078720211982727,0.0,0.0,0.0,0.0,0.0,0.0,0.0,0.0,0.0,0.517021119594574,0.0,0.0,0.0,0.0,0.0,0.0,0.0,0.0,0.0,0.0,0.0,0.0,0.0,0.0,0.0,0.0,0.0
1.0,ホットケーキ,"

はかりなし、ホットケーキ


",0.0,0.5473241806030273,0.0,0.0,0.0,0.7026647925376892,0.0,0.0,0.0,0.0,0.0,0.0,0.4546409547328949,0.0,0.0,0.0,0.0,0.0,0.0,0.0,0.0,0.0,0.0,0.0,0.0,0.0,0.0,0.0,0.0,0.0,0.0,0.0,0.0,0.0,0.0,0.0,0.0,0.0,0.0,0.0,0.0,0.0,0.0,0.0,0.0,0.0,0.0,0.0
1.0,ホットケーキ,"

☆ふんわりホットケーキ☆基本の焼き方♪


",0.0,0.0,0.0,0.0,0.0,0.0,0.0,0.0,0.0,0.0,0.0,0.0,0.0,0.0,0.0,0.0,0.0,0.0,0.0,0.0,0.0,0.0,0.0,0.0,0.0,0.0,0.0,0.0,0.0,0.0,0.0,0.0,0.0,0.0,0.0,0.0,0.0,0.0,0.0,0.0,0.0,0.0,0.0,0.0,0.0,0.0,0.0,0.0
1.0,ホットケーキ,"

もちもちホットケーキ


",0.0,0.0,0.0,0.0,0.0,0.0,0.0,0.0,0.0,0.0,0.0,0.0,0.0,0.0,0.0,0.0,0.0,0.0,0.0,0.0,0.0,0.0,0.0,0.0,0.0,0.0,0.0,0.0,0.0,0.0,0.0,1.0,0.0,0.0,0.0,0.0,0.0,0.0,0.0,0.0,0.0,0.0,0.0,0.0,0.0,0.0,0.0,0.0
1.0,ホットケーキ,"

手作りHMで惣菜ホットケーキ


",0.0,0.0,0.0,0.0,0.0,0.0,0.0,0.0,0.0,0.0,0.0,0.0,0.0,0.0,0.0,0.0,0.0,0.0,0.0,0.0,0.0,0.0,0.0,0.0,0.0,0.0,0.0,0.0,0.0,0.0,0.0,0.0,0.0,0.0,0.0,0.0,0.0,0.0,0.0,0.0,0.0,0.0,0.0,0.0,0.0,0.0,0.0,0.0
1.0,ホットケーキ,"

貴女風味でホットケーキ?ゆりさん風


",0.0,0.0,0.0,0.0,0.0,0.0,0.0,0.0,0.0,0.0,0.0,0.6293265223503113,0.0,0.0,0.0,0.0,0.0,0.0,0.0,0.0,0.0,0.0,0.0,0.0,0.0,0.0,0.0,0.7771410346031189,0.0,0.0,0.0,0.0,0.0,0.0,0.0,0.0,0.0,0.0,0.0,0.0,0.0,0.0,0.0,0.0,0.0,0.0,0.0,0.0
1.0,ホットケーキ,"

ホットケーキmixでチョコマフィン


",0.0,0.0,0.0,0.6089267134666443,0.0,0.0,0.0,0.0,0.0,0.0,0.0,0.0,0.0,0.0,0.0,0.0,0.0,0.0,0.0,0.0,0.0,0.0,0.0,0.0,0.0,0.0,0.0,0.0,0.0,0.0,0.6317306756973267,0.4797130227088928,0.0,0.0,0.0,0.0,0.0,0.0,0.0,0.0,0.0,0.0,0.0,0.0,0.0,0.0,0.0,0.0
1.0,ホットケーキ,"

寒さに負けないホットケーキ！


",0.0,0.0,0.0,0.0,0.0,0.0,0.0,0.0,0.0,0.0,0.0,0.0,0.0,0.0,0.0,0.0,0.0,0.0,0.0,0.0,0.0,0.0,0.0,0.0,0.0,0.0,0.0,1.0,0.0,0.0,0.0,0.0,0.0,0.0,0.0,0.0,0.0,0.0,0.0,0.0,0.0,0.0,0.0,0.0,0.0,0.0,0.0,0.0
1.0,ホットケーキ,"

失敗しないヘルシーひとくちホットケーキ


",0.0,0.0,0.0,0.0,0.0,0.0,0.0,0.0,0.0,0.0,0.0,0.0,0.0,0.0,0.0,0.0,0.0,0.0,0.0,0.0,0.0,0.0,0.0,0.0,0.0,0.0,0.0,0.0,0.0,0.0,0.0,0.0,0.0,0.0,0.0,0.0,0.0,0.0,0.0,0.0,0.0,0.0,0.0,0.0,0.0,0.0,0.0,0.0
1.0,ホットケーキ,"

栄養たっぷりオートミール入りホットケーキ


",0.0,0.27518025040626526,0.0,0.0,0.0,0.0,0.0,0.0,0.0,0.0,0.0,0.0,0.22858154773712158,0.0,0.0,0.0,0.0,0.0,0.0,0.38022321462631226,0.0,0.5470214486122131,0.0,0.0,0.0,0.0,0.0,0.0,0.0,0.0,0.0,0.0,0.0,0.0,0.6543883681297302,0.0,0.0,0.0,0.0,0.0,0.0,0.0,0.0,0.0,0.0,0.0,0.0,0.0
1.0,ホットケーキ,"

離乳食9ヶ月:手づかみ欲張りホットケーキ


",0.6086974143981934,0.0,0.0,0.0,0.0,0.0,0.0,0.0,0.0,0.0,0.0,0.0,0.0,0.0,0.0,0.0,0.0,0.0,0.0,0.41621145606040955,0.0,0.0,0.0,0.0,0.0,0.0,0.0,0.0,0.0,0.0,0.0,0.0,0.0,0.0,0.0,0.0,0.0,0.0,0.0,0.0,0.6754668354988098,0.0,0.0,0.0,0.0,0.0,0.0,0.0
1.0,ホットケーキ,"

ホットケーキmixでふんわり蒸しパン★☆


",0.0,0.0,0.22344237565994263,0.0,0.0,0.26543334126472473,0.0,0.0,0.0,0.0,0.0,0.0,0.0,0.0,0.0,0.0,0.0,0.21905772387981415,0.4687517583370209,0.0,0.0,0.0,0.0,0.0,0.0,0.0,0.0,0.0,0.0,0.0,0.0,0.0,0.0,0.0,0.0,0.0,0.444967657327652,0.0,0.0,0.0,0.0,0.0,0.0,0.0,0.0,0.4796874225139618,0.0,0.42872825264930725
1.0,ホットケーキ,"

大きなホットケーキ１　簡単　HM＋炊飯器


",0.0,0.0,0.4302903115749359,0.0,0.0,0.0,0.0,0.0,0.0,0.0,0.0,0.0,0.0,0.0,0.0,0.0,0.0,0.0,0.902690589427948,0.0,0.0,0.0,0.0,0.0,0.0,0.0,0.0,0.0,0.0,0.0,0.0,0.0,0.0,0.0,0.0,0.0,0.0,0.0,0.0,0.0,0.0,0.0,0.0,0.0,0.0,0.0,0.0,0.0
1.0,ホットケーキ,"

【子供と作る】バナナのホットケーキ


",0.0,0.0,0.0,0.0,0.5449017882347107,0.0,0.0,0.0,0.0,0.0,0.0,0.0,0.0,0.0,0.0,0.0,0.0,0.3062620759010315,0.0,0.39939990639686584,0.0,0.0,0.0,0.0,0.0,0.0,0.0,0.0,0.0,0.0,0.0,0.0,0.0,0.0,0.0,0.0,0.0,0.0,0.0,0.0,0.0,0.0,0.0,0.0,0.0,0.6706454157829285,0.0,0.0
1.0,ホットケーキ,"

誕生日ホットケーキ


",0.0,0.0,0.0,0.0,0.0,0.0,0.0,0.0,0.0,0.0,0.0,0.0,0.0,0.0,0.0,0.0,0.0,0.0,0.0,0.0,0.0,0.0,0.0,0.0,0.0,0.0,0.0,0.0,0.0,0.0,0.0,0.0,0.0,0.0,0.0,0.0,0.0,0.0,0.0,0.0,0.0,0.0,0.0,0.0,0.0,0.0,0.0,0.0
1.0,ホットケーキ,"

みかんホットケーキ♪みかん皮甘煮を入れて


",0.0,0.0,0.0,0.0,0.0,0.5448015332221985,0.0,0.0,0.5491009950637817,0.0,0.0,0.505341649055481,0.0,0.0,0.0,0.0,0.0,0.0,0.0,0.0,0.0,0.0,0.0,0.38250383734703064,0.0,0.0,0.0,0.0,0.0,0.0,0.0,0.0,0.0,0.0,0.0,0.0,0.0,0.0,0.0,0.0,0.0,0.0,0.0,0.0,0.0,0.0,0.0,0.0
1.0,ホットケーキ,"

炊飯器で簡単！小麦粉ホットケーキ


",0.0,0.0,0.0,0.0,0.0,0.0,0.0,0.0,0.0,0.0,0.0,0.41030484437942505,0.286206990480423,0.0,0.0,0.0,0.0,0.0,0.0,0.0,0.0,0.0,0.0,0.0,0.0,0.0,0.0,0.5066761374473572,0.0,0.7021501660346985,0.0,0.0,0.0,0.0,0.0,0.0,0.0,0.0,0.0,0.0,0.0,0.0,0.0,0.0,0.0,0.0,0.0,0.0
1.0,ホットケーキ,"

豆腐入りふわふわホットケーキ


",0.0,0.0,0.0,0.0,0.0,0.0,0.0,0.0,0.0,0.0,0.0,0.0,0.0,0.0,0.0,0.0,0.0,0.0,0.0,0.0,0.0,0.0,1.0,0.0,0.0,0.0,0.0,0.0,0.0,0.0,0.0,0.0,0.0,0.0,0.0,0.0,0.0,0.0,0.0,0.0,0.0,0.0,0.0,0.0,0.0,0.0,0.0,0.0
1.0,ホットケーキ,"

離乳食9ヶ月:手づかみ欲張りホットケーキ


",0.6086974143981934,0.0,0.0,0.0,0.0,0.0,0.0,0.0,0.0,0.0,0.0,0.0,0.0,0.0,0.0,0.0,0.0,0.0,0.0,0.41621145606040955,0.0,0.0,0.0,0.0,0.0,0.0,0.0,0.0,0.0,0.0,0.0,0.0,0.0,0.0,0.0,0.0,0.0,0.0,0.0,0.0,0.6754668354988098,0.0,0.0,0.0,0.0,0.0,0.0,0.0
1.0,ホットケーキ,"

フォローアップミルク入りホットケーキ


",0.6612673401832581,0.0,0.0,0.0,0.0,0.0,0.0,0.0,0.42343398928642273,0.0,0.0,0.3896893858909607,0.0,0.0,0.0,0.0,0.0,0.0,0.0,0.0,0.0,0.0,0.0,0.0,0.0,0.0,0.0,0.4812185764312744,0.0,0.0,0.0,0.0,0.0,0.0,0.0,0.0,0.0,0.0,0.0,0.0,0.0,0.0,0.0,0.0,0.0,0.0,0.0,0.0
1.0,ホットケーキ,"

アンパンマンホットケーキ


",0.0,0.0,0.0,0.0,0.0,0.0,0.0,0.0,0.0,0.0,0.0,0.0,0.0,0.0,0.0,0.0,0.0,0.0,0.0,0.0,0.0,0.0,0.0,0.0,0.0,0.0,0.0,0.0,0.0,0.0,0.0,0.0,0.0,0.0,0.0,0.0,0.0,0.0,0.0,0.0,0.0,0.0,0.0,0.0,0.0,0.0,0.0,0.0
1.0,ホットケーキ,"

ホットケーキサンド


",0.0,0.0,0.0,0.0,0.0,0.0,0.0,0.0,0.0,0.0,0.0,0.0,0.0,0.0,0.0,0.0,0.0,0.0,0.0,0.0,0.0,0.0,0.0,0.0,0.0,0.0,0.0,0.0,0.0,0.0,0.0,0.0,0.0,0.0,0.0,0.0,0.0,0.0,0.0,0.0,0.0,0.0,0.0,0.0,0.0,0.0,0.0,0.0
1.0,ホットケーキ,"

ホットケーキmixと板チョコのブラウニー


",0.6229698061943054,0.0,0.0,0.0,0.0,0.0,0.0,0.0,0.0,0.0,0.0,0.0,0.0,0.0,0.0,0.0,0.0,0.0,0.0,0.0,0.0,0.0,0.0,0.5557624697685242,0.0,0.0,0.0,0.0,0.0,0.0,0.0,0.0,0.0,0.0,0.0,0.5504876375198364,0.0,0.0,0.0,0.0,0.0,0.0,0.0,0.0,0.0,0.0,0.0,0.0
1.0,ホットケーキ,"

チョコとバナナのおいしいホットケーキ


",0.0,0.2212454229593277,0.23910459876060486,0.0,0.0,0.0,0.0,0.0,0.2862805128097534,0.4761577248573303,0.0,0.0,0.1837799996137619,0.0,0.0,0.0,0.48087719082832336,0.0,0.0,0.3057001829147339,0.0,0.0,0.0,0.0,0.0,0.0,0.0,0.0,0.0,0.0,0.0,0.0,0.4761577248573303,0.0,0.0,0.0,0.0,0.0,0.0,0.0,0.0,0.0,0.0,0.0,0.0,0.0,0.0,0.0
1.0,ホットケーキ,"

濃厚卵のホットケーキエッグベネディクト風


",0.0,0.0,0.0,0.0,0.0,0.40966495871543884,0.0,0.0,0.0,0.0,0.0,0.0,0.0,0.0,0.5556763410568237,0.0,0.0,0.0,0.0,0.0,0.0,0.0,0.0,0.0,0.0,0.0,0.0,0.0,0.0,0.0,0.0,0.0,0.0,0.0,0.0,0.0,0.0,0.0,0.0,0.0,0.0,0.0,0.0,0.0,0.0,0.0,0.7234628200531006,0.0
1.0,ホットケーキ,"

苺飴と餡子の練乳がけホットケーキ


",0.0,0.0,0.0,0.0,0.0,0.0,0.0,0.0,0.0,0.0,0.0,0.0,0.0,0.0,0.0,0.0,0.0,0.0,0.0,0.0,0.0,0.0,0.0,0.0,0.0,0.0,0.0,0.0,0.0,0.0,0.0,0.0,0.0,0.0,0.0,0.0,0.0,0.0,0.0,0.0,0.0,0.0,0.0,0.0,0.0,0.0,0.0,0.0
1.0,ホットケーキ,"

簡単朝食　ホットケーキ トースト　HM


",0.0,0.0,0.0,0.0,0.0,0.0,0.0,0.0,0.0,0.0,0.0,0.0,0.0,0.0,0.0,0.0,0.0,0.0,0.0,0.0,0.0,0.0,0.0,0.0,0.0,0.0,0.0,0.0,0.0,0.0,0.0,0.0,0.0,0.0,0.0,0.0,0.0,0.0,0.0,0.0,0.0,0.0,0.0,0.0,0.0,0.0,0.0,1.0
1.0,ホットケーキ,"

mもっちりおからパンケーキ


",0.0,0.0,0.5202059149742126,0.0,0.0,0.0,0.0,0.0,0.0,0.0,0.0,0.0,0.0,0.0,0.0,0.0,0.0,0.0,0.0,0.0,0.0,0.0,0.0,0.0,0.0,0.0,0.8540408611297607,0.0,0.0,0.0,0.0,0.0,0.0,0.0,0.0,0.0,0.0,0.0,0.0,0.0,0.0,0.0,0.0,0.0,0.0,0.0,0.0,0.0
1.0,ホットケーキ,"

おかずホットケーキ


",0.0,0.0,0.0,0.0,0.0,0.0,0.0,0.0,0.0,0.0,0.0,0.0,0.0,0.0,0.0,1.0,0.0,0.0,0.0,0.0,0.0,0.0,0.0,0.0,0.0,0.0,0.0,0.0,0.0,0.0,0.0,0.0,0.0,0.0,0.0,0.0,0.0,0.0,0.0,0.0,0.0,0.0,0.0,0.0,0.0,0.0,0.0,0.0
1.0,ホットケーキ,"

ホットケーキであんバターどら焼き。


",0.0,0.0,0.0,0.0,0.0,0.0,0.0,0.0,0.0,0.0,0.0,0.0,0.0,0.0,0.0,0.0,0.0,0.0,0.0,0.0,0.0,0.0,0.0,1.0,0.0,0.0,0.0,0.0,0.0,0.0,0.0,0.0,0.0,0.0,0.0,0.0,0.0,0.0,0.0,0.0,0.0,0.0,0.0,0.0,0.0,0.0,0.0,0.0
1.0,ホットケーキ,"

もっち餅～☆ホットケーキ


",0.0,0.0,0.0,0.0,0.0,0.0,0.0,0.0,0.0,0.0,0.0,0.0,0.0,0.0,0.5412768721580505,0.0,0.0,0.32932862639427185,0.0,0.0,0.0,0.0,0.0,0.2801714241504669,0.0,0.0,0.0,0.0,0.0,0.0,0.0,0.0,0.0,0.0,0.0,0.0,0.0,0.0,0.0,0.0,0.0,0.0,0.0,0.0,0.0,0.7211560010910034,0.0,0.0
1.0,ホットケーキ,"

強力粉とグラハム粉のホットケーキ


",0.0,0.0,0.0,0.0,0.0,0.0,0.0,0.0,0.0,0.0,0.0,0.0,0.241006001830101,0.0,0.0,0.0,0.0,0.3074047565460205,0.0,0.0,0.0,0.576754629611969,0.0,0.0,0.0,0.6016364097595215,0.0,0.0,0.0,0.0,0.0,0.3909043073654175,0.0,0.0,0.0,0.0,0.0,0.0,0.0,0.0,0.0,0.0,0.0,0.0,0.0,0.0,0.0,0.0
1.0,ホットケーキ,"

メレンゲでふわふわ！ホットケーキ


",0.0,0.0,0.0,0.0,0.0,0.0,0.0,0.0,0.0,0.0,0.0,0.0,0.0,0.0,0.0,0.0,0.0,0.0,0.0,0.0,0.0,0.0,0.0,0.0,0.0,0.0,0.0,0.0,0.0,0.0,0.0,0.0,0.0,0.0,0.0,0.0,0.0,0.0,0.0,0.0,0.0,0.0,0.0,0.0,0.0,0.0,0.0,0.0
1.0,ホットケーキ,"

コロッケの衣をリメイクホットケーキ


",0.0,0.0,0.0,0.0,0.0,0.0,0.0,0.0,0.6036456227302551,0.0,0.0,0.5555394887924194,0.38751500844955444,0.0,0.0,0.0,0.0,0.0,0.0,0.0,0.0,0.0,0.0,0.42049965262413025,0.0,0.0,0.0,0.0,0.0,0.0,0.0,0.0,0.0,0.0,0.0,0.0,0.0,0.0,0.0,0.0,0.0,0.0,0.0,0.0,0.0,0.0,0.0,0.0
1.0,ホットケーキ,"

バレンタイン☆ハートのホットケーキラスク


",0.0,0.0,0.0,0.0,0.0,0.725665807723999,0.0,0.0,0.0,0.0,0.0,0.0,0.0,0.0,0.0,0.6880472898483276,0.0,0.0,0.0,0.0,0.0,0.0,0.0,0.0,0.0,0.0,0.0,0.0,0.0,0.0,0.0,0.0,0.0,0.0,0.0,0.0,0.0,0.0,0.0,0.0,0.0,0.0,0.0,0.0,0.0,0.0,0.0,0.0
1.0,ホットケーキ,"

人参1本手づかみパンケーキ.ホットケーキ


",0.0,0.0,0.0,0.0,0.0,0.0,0.0,0.0,0.0,0.0,0.0,0.0,0.0,0.0,0.0,0.0,0.0,0.0,0.0,0.0,0.0,0.0,0.0,0.0,0.0,0.0,0.0,0.0,0.0,0.0,0.0,0.0,0.0,0.0,0.0,0.0,0.0,0.0,0.0,0.0,0.0,0.0,0.0,0.0,0.0,0.0,0.0,0.0
